2024-12-26 22:00:05 Loading main app package /usr/lib/obsidian/obsidian.asar
2024-12-26 22:00:05 Checking for update using Github
2024-12-26 22:00:06 Success.
2024-12-26 22:00:06 Latest version is 1.7.7
2024-12-26 22:00:06 App is up to date.
2024-12-27 00:28:23 Loading main app package /usr/lib/obsidian/obsidian.asar
2024-12-27 00:28:23 Checking for update using Github
2024-12-27 00:28:38 Success.
2024-12-27 00:28:38 Latest version is 1.7.7
2024-12-27 00:28:38 App is up to date.
2024-12-27 00:30:24 Loading main app package /usr/lib/obsidian/obsidian.asar
2024-12-27 00:30:24 Checking for update using Github
2024-12-27 00:30:24 Success.
2024-12-27 00:30:24 Latest version is 1.7.7
2024-12-27 00:30:24 App is up to date.
2024-12-27 13:11:34 Loading main app package /usr/lib/obsidian/obsidian.asar
2024-12-27 13:11:35 Checking for update using Github
2024-12-27 13:11:36 Success.
2024-12-27 13:11:36 Latest version is 1.7.7
2024-12-27 13:11:36 App is up to date.
2024-12-27 15:33:14 Loading main app package /usr/lib/obsidian/obsidian.asar
2024-12-27 15:33:14 Checking for update using Github
2024-12-27 15:33:15 Success.
2024-12-27 15:33:15 Latest version is 1.7.7
2024-12-27 15:33:15 App is up to date.
2024-12-27 15:33:34 Loading main app package /usr/lib/obsidian/obsidian.asar
2024-12-27 15:33:34 Checking for update using Github
2024-12-27 15:33:34 Success.
2024-12-27 15:33:34 Latest version is 1.7.7
2024-12-27 15:33:34 App is up to date.
2024-12-27 18:46:52 Loading main app package /usr/lib/obsidian/obsidian.asar
2024-12-27 18:46:53 Checking for update using Github
2024-12-27 18:47:00 Success.
2024-12-27 18:47:00 Latest version is 1.7.7
2024-12-27 18:47:00 App is up to date.
2024-12-27 21:08:00 Loading main app package /usr/lib/obsidian/obsidian.asar
2024-12-27 21:08:00 Checking for update using Github
2024-12-27 21:08:08 Success.
2024-12-27 21:08:08 Latest version is 1.7.7
2024-12-27 21:08:08 App is up to date.
2024-12-27 21:10:34 Loading main app package /usr/lib/obsidian/obsidian.asar
2024-12-27 21:10:34 Checking for update using Github
2024-12-27 21:10:48 Loading main app package /usr/lib/obsidian/obsidian.asar
2024-12-27 21:10:48 Checking for update using Github
2024-12-27 21:10:55 Loading main app package /usr/lib/obsidian/obsidian.asar
2024-12-27 21:10:56 Checking for update using Github
2024-12-27 21:28:43 Loading main app package /usr/lib/obsidian/obsidian.asar
2024-12-27 21:28:44 Checking for update using Github
2024-12-27 21:28:44 Success.
2024-12-27 21:28:44 Latest version is 1.7.7
2024-12-27 21:28:44 App is up to date.
2024-12-27 21:29:56 Loading main app package /usr/lib/obsidian/obsidian.asar
2024-12-27 21:29:57 Checking for update using Github
2024-12-27 21:29:57 Success.
2024-12-27 21:29:57 Latest version is 1.7.7
2024-12-27 21:29:57 App is up to date.
2024-12-28 19:10:44 Loading main app package /usr/lib/obsidian/obsidian.asar
2024-12-28 19:10:45 Checking for update using Github
2024-12-28 19:10:45 Success.
2024-12-28 19:10:45 Latest version is 1.7.7
2024-12-28 19:10:45 App is up to date.
2024-12-28 22:46:45 Loading main app package /usr/lib/obsidian/obsidian.asar
2024-12-28 22:46:46 Checking for update using Github
2024-12-28 22:46:53 Success.
2024-12-28 22:46:53 Latest version is 1.7.7
2024-12-28 22:46:53 App is up to date.
2024-12-29 01:40:03 Loading main app package /usr/lib/obsidian/obsidian.asar
2024-12-29 01:40:04 Checking for update using Github
2024-12-29 01:40:04 Success.
2024-12-29 01:40:04 Latest version is 1.7.7
2024-12-29 01:40:04 App is up to date.
2024-12-29 04:06:22 Checking for update using Github
2024-12-29 04:06:22 Failed to check for update using Github (net::ERR_INTERNET_DISCONNECTED)
2024-12-29 04:06:22 Checking for update using obsidian.md
2024-12-29 04:06:22 Failed to check for update using obsidian.md (net::ERR_INTERNET_DISCONNECTED)
2024-12-29 10:46:15 Loading main app package /usr/lib/obsidian/obsidian.asar
2024-12-29 10:46:16 Checking for update using Github
2024-12-29 10:46:23 Success.
2024-12-29 10:46:23 Latest version is 1.7.7
2024-12-29 10:46:23 App is up to date.
2024-12-29 12:21:19 Loading main app package /usr/lib/obsidian/obsidian.asar
2024-12-29 12:21:19 Checking for update using Github
2024-12-29 12:21:19 Failed to check for update using Github (net::ERR_INTERNET_DISCONNECTED)
2024-12-29 12:21:19 Checking for update using obsidian.md
2024-12-29 12:21:19 Failed to check for update using obsidian.md (net::ERR_INTERNET_DISCONNECTED)
2024-12-29 13:05:49 Loading main app package /usr/lib/obsidian/obsidian.asar
2024-12-29 13:05:49 Checking for update using Github
2024-12-29 13:05:51 Success.
2024-12-29 13:05:51 Latest version is 1.7.7
2024-12-29 13:05:51 App is up to date.
2024-12-29 14:05:50 Checking for update using Github
2024-12-29 14:05:50 Failed to check for update using Github (net::ERR_INTERNET_DISCONNECTED)
2024-12-29 14:05:50 Checking for update using obsidian.md
2024-12-29 14:05:50 Failed to check for update using obsidian.md (net::ERR_INTERNET_DISCONNECTED)
2024-12-29 18:03:26 Loading main app package /usr/lib/obsidian/obsidian.asar
2024-12-29 18:03:27 Checking for update using Github
2024-12-29 18:03:34 Success.
2024-12-29 18:03:34 Latest version is 1.7.7
2024-12-29 18:03:34 App is up to date.
2024-12-29 19:49:24 Checking for update using Github
2024-12-29 19:49:31 Success.
2024-12-29 19:49:31 Latest version is 1.7.7
2024-12-29 19:49:31 App is up to date.
2024-12-30 12:28:17 Loading main app package /usr/lib/obsidian/obsidian.asar
2024-12-30 12:28:17 Checking for update using Github
2024-12-30 12:28:18 Success.
2024-12-30 12:28:18 Latest version is 1.7.7
2024-12-30 12:28:18 App is up to date.
2024-12-30 12:47:27 Loading main app package /usr/lib/obsidian/obsidian.asar
2024-12-30 12:47:28 Checking for update using Github
2024-12-30 12:47:42 Success.
2024-12-30 12:47:42 Latest version is 1.7.7
2024-12-30 12:47:42 App is up to date.
2024-12-30 12:56:06 Loading main app package /usr/lib/obsidian/obsidian.asar
2024-12-30 12:56:06 Checking for update using Github
2024-12-30 12:56:07 Success.
2024-12-30 12:56:07 Latest version is 1.7.7
2024-12-30 12:56:07 App is up to date.
2024-12-30 14:20:11 Checking for update using Github
2024-12-30 14:20:18 Success.
2024-12-30 14:20:18 Latest version is 1.7.7
2024-12-30 14:20:18 App is up to date.
2024-12-30 15:20:11 Checking for update using Github
2024-12-30 15:20:18 Success.
2024-12-30 15:20:18 Latest version is 1.7.7
2024-12-30 15:20:18 App is up to date.
2024-12-30 19:39:57 Checking for update using Github
2024-12-30 19:39:57 Failed to check for update using Github (net::ERR_INTERNET_DISCONNECTED)
2024-12-30 19:39:57 Checking for update using obsidian.md
2024-12-30 19:39:57 Failed to check for update using obsidian.md (net::ERR_INTERNET_DISCONNECTED)
2024-12-30 21:57:07 Loading main app package /usr/lib/obsidian/obsidian.asar
2024-12-30 21:57:08 Checking for update using Github
2024-12-30 21:57:15 Success.
2024-12-30 21:57:15 Latest version is 1.7.7
2024-12-30 21:57:15 App is up to date.
2024-12-31 15:17:11 Loading main app package /usr/lib/obsidian/obsidian.asar
2024-12-31 15:17:12 Checking for update using Github
2024-12-31 15:17:14 Success.
2024-12-31 15:17:14 Latest version is 1.7.7
2024-12-31 15:17:14 App is up to date.
2024-12-31 16:17:11 Checking for update using Github
2024-12-31 16:17:12 Success.
2024-12-31 16:17:12 Latest version is 1.7.7
2024-12-31 16:17:12 App is up to date.
2024-12-31 17:17:11 Checking for update using Github
2024-12-31 17:17:18 Success.
2024-12-31 17:17:18 Latest version is 1.7.7
2024-12-31 17:17:18 App is up to date.
2025-01-01 00:57:15 Loading main app package /usr/lib/obsidian/obsidian.asar
2025-01-01 00:57:15 Checking for update using Github
2025-01-01 00:57:16 Success.
2025-01-01 00:57:16 Latest version is 1.7.7
2025-01-01 00:57:16 App is up to date.
2025-01-01 02:33:12 Loading main app package /usr/lib/obsidian/obsidian.asar
2025-01-01 02:33:12 Checking for update using Github
2025-01-01 02:33:20 Success.
2025-01-01 02:33:20 Latest version is 1.7.7
2025-01-01 02:33:20 App is up to date.
2025-01-01 03:33:12 Checking for update using Github
2025-01-01 03:33:19 Success.
2025-01-01 03:33:19 Latest version is 1.7.7
2025-01-01 03:33:19 App is up to date.
2025-01-01 15:45:21 Loading main app package /usr/lib/obsidian/obsidian.asar
2025-01-01 15:45:21 Checking for update using Github
2025-01-01 15:45:24 Success.
2025-01-01 15:45:24 Latest version is 1.7.7
2025-01-01 15:45:24 App is up to date.
2025-01-01 20:32:24 Checking for update using Github
2025-01-01 20:32:30 Success.
2025-01-01 20:32:30 Latest version is 1.7.7
2025-01-01 20:32:30 App is up to date.
2025-01-01 21:04:25 Loading main app package /usr/lib/obsidian/obsidian.asar
2025-01-01 21:04:26 Checking for update using Github
2025-01-01 21:04:33 Success.
2025-01-01 21:04:33 Latest version is 1.7.7
2025-01-01 21:04:33 App is up to date.
2025-01-03 16:35:48 Loading main app package /usr/lib/obsidian/obsidian.asar
2025-01-03 16:35:49 Checking for update using Github
2025-01-03 16:35:49 Success.
2025-01-03 16:35:49 Latest version is 1.7.7
2025-01-03 16:35:49 App is up to date.
2025-01-03 17:35:52 Checking for update using Github
2025-01-03 17:35:53 Success.
2025-01-03 17:35:53 Latest version is 1.7.7
2025-01-03 17:35:53 App is up to date.
2025-01-03 17:41:27 Loading main app package /usr/lib/obsidian/obsidian.asar
2025-01-03 17:41:27 Checking for update using Github
2025-01-03 17:41:28 Success.
2025-01-03 17:41:28 Latest version is 1.7.7
2025-01-03 17:41:28 App is up to date.
2025-01-03 18:55:17 Checking for update using Github
2025-01-03 18:55:18 Success.
2025-01-03 18:55:18 Latest version is 1.7.7
2025-01-03 18:55:18 App is up to date.
2025-01-03 19:55:17 Checking for update using Github
2025-01-03 19:55:19 Success.
2025-01-03 19:55:19 Latest version is 1.7.7
2025-01-03 19:55:19 App is up to date.
2025-01-03 20:14:56 Loading main app package /usr/lib/obsidian/obsidian.asar
2025-01-03 20:14:56 Checking for update using Github
2025-01-03 20:14:57 Success.
2025-01-03 20:14:57 Latest version is 1.7.7
2025-01-03 20:14:57 App is up to date.
2025-01-04 17:43:38 Loading main app package /usr/lib/obsidian/obsidian.asar
2025-01-04 17:43:38 Checking for update using Github
2025-01-04 17:43:39 Success.
2025-01-04 17:43:39 Latest version is 1.7.7
2025-01-04 17:43:39 App is up to date.
2025-01-04 17:52:41 Loading main app package /usr/lib/obsidian/obsidian.asar
2025-01-04 17:52:41 Checking for update using Github
2025-01-04 17:52:41 Success.
2025-01-04 17:52:41 Latest version is 1.7.7
2025-01-04 17:52:41 App is up to date.
2025-01-04 19:43:39 Checking for update using Github
2025-01-04 19:43:40 Success.
2025-01-04 19:43:40 Latest version is 1.7.7
2025-01-04 19:43:40 App is up to date.
2025-01-04 20:43:41 Checking for update using Github
2025-01-04 20:43:42 Success.
2025-01-04 20:43:42 Latest version is 1.7.7
2025-01-04 20:43:42 App is up to date.
2025-01-05 12:46:45 Loading main app package /usr/lib/obsidian/obsidian.asar
2025-01-05 12:46:45 Checking for update using Github
2025-01-05 12:46:46 Success.
2025-01-05 12:46:46 Latest version is 1.7.7
2025-01-05 12:46:46 App is up to date.
2025-01-05 13:46:45 Checking for update using Github
2025-01-05 13:46:45 Success.
2025-01-05 13:46:45 Latest version is 1.7.7
2025-01-05 13:46:45 App is up to date.
2025-01-05 18:06:36 Loading main app package /usr/lib/obsidian/obsidian.asar
2025-01-05 18:06:37 Checking for update using Github
2025-01-05 18:06:37 Success.
2025-01-05 18:06:37 Latest version is 1.7.7
2025-01-05 18:06:37 App is up to date.
2025-01-05 18:56:55 Loading main app package /usr/lib/obsidian/obsidian.asar
2025-01-05 18:56:55 Checking for update using Github
2025-01-05 18:56:58 Success.
2025-01-05 18:56:58 Latest version is 1.7.7
2025-01-05 18:56:58 App is up to date.
2025-01-05 18:58:34 Loading main app package /usr/lib/obsidian/obsidian.asar
2025-01-05 18:58:35 Checking for update using Github
2025-01-05 18:58:35 Success.
2025-01-05 18:58:35 Latest version is 1.7.7
2025-01-05 18:58:35 App is up to date.
2025-01-05 19:00:03 Loading main app package /usr/lib/obsidian/obsidian.asar
2025-01-05 19:00:04 Checking for update using Github
2025-01-05 19:00:04 Success.
2025-01-05 19:00:04 Latest version is 1.7.7
2025-01-05 19:00:04 App is up to date.
2025-01-05 20:59:57 Loading main app package /usr/lib/obsidian/obsidian.asar
2025-01-05 20:59:58 Checking for update using Github
2025-01-05 20:59:58 Success.
2025-01-05 20:59:58 Latest version is 1.7.7
2025-01-05 20:59:58 App is up to date.
2025-01-05 21:06:45 Loading main app package /usr/lib/obsidian/obsidian.asar
2025-01-05 21:06:46 Checking for update using Github
2025-01-05 21:06:46 Success.
2025-01-05 21:06:46 Latest version is 1.7.7
2025-01-05 21:06:46 App is up to date.
2025-01-06 07:41:08 Loading main app package /usr/lib/obsidian/obsidian.asar
2025-01-06 07:41:08 Checking for update using Github
2025-01-06 09:03:20 Loading main app package /usr/lib/obsidian/obsidian.asar
2025-01-06 09:03:20 Checking for update using Github
2025-01-06 09:03:20 Failed to check for update using Github (net::ERR_INTERNET_DISCONNECTED)
2025-01-06 09:03:20 Checking for update using obsidian.md
2025-01-06 09:03:20 Failed to check for update using obsidian.md (net::ERR_INTERNET_DISCONNECTED)
2025-01-06 10:19:15 Loading main app package /usr/lib/obsidian/obsidian.asar
2025-01-06 10:19:15 Checking for update using Github
2025-01-06 10:19:16 Failed to check for update using Github (net::ERR_INTERNET_DISCONNECTED)
2025-01-06 10:19:16 Checking for update using obsidian.md
2025-01-06 10:19:16 Failed to check for update using obsidian.md (net::ERR_INTERNET_DISCONNECTED)
2025-01-06 11:19:15 Checking for update using Github
2025-01-06 11:20:09 Failed to check for update using Github (net::ERR_TIMED_OUT)
2025-01-06 11:20:09 Checking for update using obsidian.md
2025-01-06 11:20:09 Failed to check for update using obsidian.md (Unexpected end of JSON input)
2025-01-06 12:19:16 Checking for update using Github
2025-01-06 12:19:48 Failed to check for update using Github (net::ERR_TIMED_OUT)
2025-01-06 12:19:48 Checking for update using obsidian.md
2025-01-06 12:19:51 Failed to check for update using obsidian.md (Unexpected end of JSON input)
2025-01-06 15:48:02 Loading main app package /usr/lib/obsidian/obsidian.asar
2025-01-06 15:48:03 Checking for update using Github
2025-01-06 15:48:05 Success.
2025-01-06 15:48:05 Latest version is 1.7.7
2025-01-06 15:48:05 App is up to date.
2025-01-06 16:31:38 Loading main app package /usr/lib/obsidian/obsidian.asar
2025-01-06 16:31:39 Checking for update using Github
2025-01-06 16:31:39 Success.
2025-01-06 16:31:39 Latest version is 1.7.7
2025-01-06 16:31:39 App is up to date.
2025-01-06 17:31:38 Checking for update using Github
2025-01-06 17:31:39 Success.
2025-01-06 17:31:39 Latest version is 1.7.7
2025-01-06 17:31:39 App is up to date.
2025-01-06 18:31:39 Checking for update using Github
2025-01-06 18:31:39 Success.
2025-01-06 18:31:39 Latest version is 1.7.7
2025-01-06 18:31:39 App is up to date.
2025-01-06 19:31:39 Checking for update using Github
2025-01-06 19:31:39 Success.
2025-01-06 19:31:39 Latest version is 1.7.7
2025-01-06 19:31:39 App is up to date.
2025-01-06 20:31:39 Checking for update using Github
2025-01-06 20:31:40 Success.
2025-01-06 20:31:40 Latest version is 1.7.7
2025-01-06 20:31:40 App is up to date.
2025-01-06 22:21:01 Checking for update using Github
2025-01-06 22:21:02 Success.
2025-01-06 22:21:02 Latest version is 1.7.7
2025-01-06 22:21:02 App is up to date.
2025-01-07 07:21:28 Loading main app package /usr/lib/obsidian/obsidian.asar
2025-01-07 07:21:29 Checking for update using Github
2025-01-07 07:22:07 Failed to check for update using Github (net::ERR_TIMED_OUT)
2025-01-07 07:22:07 Checking for update using obsidian.md
2025-01-07 07:22:08 Failed to check for update using obsidian.md (Unexpected end of JSON input)
2025-01-07 07:50:22 Loading main app package /usr/lib/obsidian/obsidian.asar
2025-01-07 07:50:22 Checking for update using Github
2025-01-07 08:21:29 Checking for update using Github
2025-01-07 08:22:04 Failed to check for update using Github (net::ERR_TIMED_OUT)
2025-01-07 08:22:04 Checking for update using obsidian.md
2025-01-07 08:22:06 Failed to check for update using obsidian.md (Unexpected end of JSON input)
2025-01-07 09:21:29 Checking for update using Github
2025-01-07 09:22:07 Failed to check for update using Github (net::ERR_TIMED_OUT)
2025-01-07 09:22:07 Checking for update using obsidian.md
2025-01-07 09:22:11 Failed to check for update using obsidian.md (Unexpected end of JSON input)
2025-01-07 10:30:22 Loading main app package /usr/lib/obsidian/obsidian.asar
2025-01-07 10:30:23 Checking for update using Github
2025-01-07 10:30:23 Failed to check for update using Github (net::ERR_INTERNET_DISCONNECTED)
2025-01-07 10:30:23 Checking for update using obsidian.md
2025-01-07 10:30:23 Failed to check for update using obsidian.md (net::ERR_INTERNET_DISCONNECTED)
2025-01-07 11:31:43 Checking for update using Github
2025-01-07 11:32:13 Failed to check for update using Github (net::ERR_TIMED_OUT)
2025-01-07 11:32:13 Checking for update using obsidian.md
2025-01-07 11:32:14 Failed to check for update using obsidian.md (Unexpected end of JSON input)
2025-01-07 16:16:07 Loading main app package /usr/lib/obsidian/obsidian.asar
2025-01-07 16:16:08 Checking for update using Github
2025-01-07 16:16:08 Success.
2025-01-07 16:16:08 Latest version is 1.7.7
2025-01-07 16:16:08 App is up to date.
2025-01-07 17:16:07 Checking for update using Github
2025-01-07 17:16:08 Success.
2025-01-07 17:16:08 Latest version is 1.7.7
2025-01-07 17:16:08 App is up to date.
2025-01-07 18:16:07 Checking for update using Github
2025-01-07 18:16:07 Success.
2025-01-07 18:16:07 Latest version is 1.7.7
2025-01-07 18:16:07 App is up to date.
2025-01-07 19:59:05 Checking for update using Github
2025-01-07 19:59:05 Success.
2025-01-07 19:59:05 Latest version is 1.7.7
2025-01-07 19:59:05 App is up to date.
2025-01-07 21:11:49 Checking for update using Github
2025-01-07 21:11:49 Success.
2025-01-07 21:11:49 Latest version is 1.7.7
2025-01-07 21:11:49 App is up to date.
2025-01-07 22:11:51 Checking for update using Github
2025-01-07 22:11:51 Success.
2025-01-07 22:11:51 Latest version is 1.7.7
2025-01-07 22:11:51 App is up to date.
2025-01-07 23:11:51 Checking for update using Github
2025-01-07 23:11:51 Success.
2025-01-07 23:11:51 Latest version is 1.7.7
2025-01-07 23:11:51 App is up to date.
2025-01-08 09:29:52 Loading main app package /usr/lib/obsidian/obsidian.asar
2025-01-08 09:29:53 Checking for update using Github
2025-01-08 09:30:25 Failed to check for update using Github (net::ERR_TIMED_OUT)
2025-01-08 09:30:25 Checking for update using obsidian.md
2025-01-08 09:30:25 Failed to check for update using obsidian.md (Unexpected end of JSON input)
2025-01-08 10:08:40 Loading main app package /usr/lib/obsidian/obsidian.asar
2025-01-08 10:08:41 Checking for update using Github
2025-01-08 10:10:01 Failed to check for update using Github (net::ERR_TIMED_OUT)
2025-01-08 10:10:01 Checking for update using obsidian.md
2025-01-08 10:10:02 Failed to check for update using obsidian.md (Unexpected end of JSON input)
2025-01-08 16:52:18 Loading main app package /usr/lib/obsidian/obsidian.asar
2025-01-08 16:52:18 Checking for update using Github
2025-01-08 16:52:19 Success.
2025-01-08 16:52:19 Latest version is 1.7.7
2025-01-08 16:52:19 App is up to date.
2025-01-08 17:57:26 Checking for update using Github
2025-01-08 17:57:26 Success.
2025-01-08 17:57:26 Latest version is 1.7.7
2025-01-08 17:57:26 App is up to date.
2025-01-08 18:16:12 Loading main app package /usr/lib/obsidian/obsidian.asar
2025-01-08 18:16:12 Checking for update using Github
2025-01-08 18:16:12 Success.
2025-01-08 18:16:12 Latest version is 1.7.7
2025-01-08 18:16:12 App is up to date.
2025-01-08 19:16:12 Checking for update using Github
2025-01-08 19:16:12 Success.
2025-01-08 19:16:12 Latest version is 1.7.7
2025-01-08 19:16:12 App is up to date.
2025-01-08 20:16:12 Checking for update using Github
2025-01-08 20:16:12 Success.
2025-01-08 20:16:12 Latest version is 1.7.7
2025-01-08 20:16:12 App is up to date.
2025-01-08 21:48:49 Checking for update using Github
2025-01-08 21:48:49 Success.
2025-01-08 21:48:49 Latest version is 1.7.7
2025-01-08 21:48:49 App is up to date.
2025-01-09 00:58:41 Checking for update using Github
2025-01-09 00:58:41 Success.
2025-01-09 00:58:41 Latest version is 1.7.7
2025-01-09 00:58:41 App is up to date.
2025-01-09 01:58:41 Checking for update using Github
2025-01-09 01:58:41 Success.
2025-01-09 01:58:41 Latest version is 1.7.7
2025-01-09 01:58:41 App is up to date.
2025-01-09 07:21:57 Checking for update using Github
2025-01-09 07:22:37 Failed to check for update using Github (net::ERR_TIMED_OUT)
2025-01-09 07:22:37 Checking for update using obsidian.md
2025-01-09 07:22:37 Failed to check for update using obsidian.md (Unexpected end of JSON input)
2025-01-09 08:21:57 Checking for update using Github
2025-01-09 08:22:46 Failed to check for update using Github (net::ERR_INTERNET_DISCONNECTED)
2025-01-09 08:22:46 Checking for update using obsidian.md
2025-01-09 08:22:50 Failed to check for update using obsidian.md (net::ERR_NETWORK_CHANGED)
2025-01-09 09:21:58 Checking for update using Github
2025-01-09 09:22:43 Failed to check for update using Github (net::ERR_TIMED_OUT)
2025-01-09 09:22:43 Checking for update using obsidian.md
2025-01-09 09:22:50 Failed to check for update using obsidian.md (Unexpected end of JSON input)
2025-01-09 10:46:12 Checking for update using Github
2025-01-09 10:46:44 Failed to check for update using Github (net::ERR_TIMED_OUT)
2025-01-09 10:46:44 Checking for update using obsidian.md
2025-01-09 10:46:45 Failed to check for update using obsidian.md (Unexpected end of JSON input)
2025-01-09 11:35:19 Loading main app package /usr/lib/obsidian/obsidian.asar
2025-01-09 11:35:20 Checking for update using Github
2025-01-09 11:35:51 Failed to check for update using Github (net::ERR_TIMED_OUT)
2025-01-09 11:35:51 Checking for update using obsidian.md
2025-01-09 11:35:51 Failed to check for update using obsidian.md (Unexpected end of JSON input)
2025-01-09 12:59:41 Loading main app package /usr/lib/obsidian/obsidian.asar
2025-01-09 12:59:41 Checking for update using Github
2025-01-09 12:59:41 Failed to check for update using Github (net::ERR_INTERNET_DISCONNECTED)
2025-01-09 12:59:41 Checking for update using obsidian.md
2025-01-09 12:59:41 Failed to check for update using obsidian.md (net::ERR_INTERNET_DISCONNECTED)
2025-01-09 14:18:34 Checking for update using Github
2025-01-09 14:18:34 Failed to check for update using Github (net::ERR_INTERNET_DISCONNECTED)
2025-01-09 14:18:34 Checking for update using obsidian.md
2025-01-09 14:18:34 Failed to check for update using obsidian.md (net::ERR_INTERNET_DISCONNECTED)
2025-01-09 20:44:17 Loading main app package /usr/lib/obsidian/obsidian.asar
2025-01-09 20:44:17 Checking for update using Github
2025-01-09 20:44:19 Success.
2025-01-09 20:44:19 Latest version is 1.7.7
2025-01-09 20:44:19 App is up to date.
2025-01-09 20:44:31 Loading main app package /usr/lib/obsidian/obsidian.asar
2025-01-09 20:44:32 Checking for update using Github
2025-01-09 20:44:32 Success.
2025-01-09 20:44:32 Latest version is 1.7.7
2025-01-09 20:44:32 App is up to date.
2025-01-09 21:42:09 Loading main app package /usr/lib/obsidian/obsidian.asar
2025-01-09 21:42:10 Checking for update using Github
2025-01-09 21:42:15 Success.
2025-01-09 21:42:15 Latest version is 1.7.7
2025-01-09 21:42:15 App is up to date.
2025-01-10 09:07:42 Checking for update using Github
2025-01-10 09:08:22 Failed to check for update using Github (net::ERR_TIMED_OUT)
2025-01-10 09:08:22 Checking for update using obsidian.md
2025-01-10 09:09:36 Failed to check for update using obsidian.md (net::ERR_NETWORK_CHANGED)
2025-01-10 12:34:01 Loading main app package /usr/lib/obsidian/obsidian.asar
2025-01-10 12:34:01 Checking for update using Github
2025-01-10 12:34:24 Failed to check for update using Github (net::ERR_INTERNET_DISCONNECTED)
2025-01-10 12:34:24 Checking for update using obsidian.md
2025-01-10 12:34:24 Failed to check for update using obsidian.md (net::ERR_INTERNET_DISCONNECTED)
2025-01-10 12:52:44 Loading main app package /usr/lib/obsidian/obsidian.asar
2025-01-10 12:52:44 Checking for update using Github
2025-01-10 12:53:33 Failed to check for update using Github (net::ERR_TIMED_OUT)
2025-01-10 12:53:33 Checking for update using obsidian.md
2025-01-10 12:54:41 Failed to check for update using obsidian.md (net::ERR_SOCKET_NOT_CONNECTED)
2025-01-10 13:52:45 Checking for update using Github
2025-01-10 13:55:47 Failed to check for update using Github (net::ERR_TIMED_OUT)
2025-01-10 13:55:47 Checking for update using obsidian.md
2025-01-10 13:56:10 Failed to check for update using obsidian.md (Unexpected end of JSON input)
2025-01-10 14:28:32 Loading main app package /usr/lib/obsidian/obsidian.asar
2025-01-10 14:28:32 Checking for update using Github
2025-01-10 14:29:04 Failed to check for update using Github (net::ERR_TIMED_OUT)
2025-01-10 14:29:04 Checking for update using obsidian.md
2025-01-10 14:29:05 Failed to check for update using obsidian.md (Unexpected end of JSON input)
2025-01-10 15:42:26 Loading main app package /usr/lib/obsidian/obsidian.asar
2025-01-10 15:42:26 Checking for update using Github
2025-01-10 15:43:46 Failed to check for update using Github (net::ERR_TIMED_OUT)
2025-01-10 15:43:46 Checking for update using obsidian.md
2025-01-10 15:44:40 Failed to check for update using obsidian.md (net::ERR_NETWORK_CHANGED)
2025-01-10 16:30:48 Loading main app package /usr/lib/obsidian/obsidian.asar
2025-01-10 16:30:48 Checking for update using Github
2025-01-10 16:33:45 Failed to check for update using Github (net::ERR_TIMED_OUT)
2025-01-10 16:33:45 Checking for update using obsidian.md
2025-01-10 16:33:46 Failed to check for update using obsidian.md (Unexpected end of JSON input)
2025-01-11 07:47:32 Loading main app package /usr/lib/obsidian/obsidian.asar
2025-01-11 07:47:32 Checking for update using Github
2025-01-11 07:47:32 Failed to check for update using Github (net::ERR_INTERNET_DISCONNECTED)
2025-01-11 07:47:32 Checking for update using obsidian.md
2025-01-11 07:47:32 Failed to check for update using obsidian.md (net::ERR_INTERNET_DISCONNECTED)
2025-01-11 08:47:34 Checking for update using Github
2025-01-11 08:49:13 Failed to check for update using Github (net::ERR_TIMED_OUT)
2025-01-11 08:49:13 Checking for update using obsidian.md
2025-01-11 08:49:15 Failed to check for update using obsidian.md (Unexpected end of JSON input)
2025-01-11 16:55:55 Loading main app package /usr/lib/obsidian/obsidian.asar
2025-01-11 16:55:56 Checking for update using Github
2025-01-11 16:55:56 Success.
2025-01-11 16:55:56 Latest version is 1.7.7
2025-01-11 16:55:56 App is up to date.
2025-01-11 16:58:25 Loading main app package /usr/lib/obsidian/obsidian.asar
2025-01-11 16:58:26 Checking for update using Github
2025-01-11 16:58:26 Success.
2025-01-11 16:58:26 Latest version is 1.7.7
2025-01-11 16:58:26 App is up to date.
2025-01-11 17:26:26 Loading main app package /usr/lib/obsidian/obsidian.asar
2025-01-11 17:26:27 Checking for update using Github
2025-01-11 17:26:27 Success.
2025-01-11 17:26:27 Latest version is 1.7.7
2025-01-11 17:26:27 App is up to date.
2025-01-11 17:47:22 Loading main app package /usr/lib/obsidian/obsidian.asar
2025-01-11 17:47:22 Checking for update using Github
2025-01-11 18:26:26 Checking for update using Github
2025-01-11 18:26:27 Success.
2025-01-11 18:26:27 Latest version is 1.7.7
2025-01-11 18:26:27 App is up to date.
2025-01-12 16:50:57 Loading main app package /usr/lib/obsidian/obsidian.asar
2025-01-12 16:50:57 Checking for update using Github
2025-01-12 16:50:57 Success.
2025-01-12 16:50:57 Latest version is 1.7.7
2025-01-12 16:50:57 App is up to date.
2025-01-12 17:50:57 Checking for update using Github
2025-01-12 17:50:57 Success.
2025-01-12 17:50:57 Latest version is 1.7.7
2025-01-12 17:50:57 App is up to date.
2025-01-12 18:50:57 Checking for update using Github
2025-01-12 18:51:03 Success.
2025-01-12 18:51:03 Latest version is 1.7.7
2025-01-12 18:51:03 App is up to date.
2025-01-12 19:50:57 Checking for update using Github
2025-01-12 19:50:59 Success.
2025-01-12 19:50:59 Latest version is 1.7.7
2025-01-12 19:50:59 App is up to date.
2025-01-12 20:51:40 Checking for update using Github
2025-01-12 20:51:40 Success.
2025-01-12 20:51:40 Latest version is 1.7.7
2025-01-12 20:51:40 App is up to date.
2025-01-13 09:45:49 Loading main app package /usr/lib/obsidian/obsidian.asar
2025-01-13 09:45:49 Checking for update using Github
2025-01-13 09:45:50 Failed to check for update using Github (net::ERR_NAME_NOT_RESOLVED)
2025-01-13 09:45:50 Checking for update using obsidian.md
2025-01-13 09:45:50 Failed to check for update using obsidian.md (net::ERR_NAME_NOT_RESOLVED)
2025-01-13 10:45:50 Checking for update using Github
2025-01-13 10:46:06 Success.
2025-01-13 10:46:06 Latest version is 1.7.7
2025-01-13 10:46:06 App is up to date.
2025-01-13 11:45:52 Checking for update using Github
2025-01-13 11:46:04 Failed to check for update using Github (net::ERR_NAME_NOT_RESOLVED)
2025-01-13 11:46:04 Checking for update using obsidian.md
2025-01-13 11:46:17 Failed to check for update using obsidian.md (net::ERR_NAME_NOT_RESOLVED)
2025-01-13 19:32:04 Loading main app package /usr/lib/obsidian/obsidian.asar
2025-01-13 19:32:05 Checking for update using Github
2025-01-13 19:32:06 Success.
2025-01-13 19:32:06 Latest version is 1.7.7
2025-01-13 19:32:06 App is up to date.
2025-01-13 20:20:05 Loading main app package /usr/lib/obsidian/obsidian.asar
2025-01-13 20:20:06 Checking for update using Github
2025-01-13 20:20:06 Success.
2025-01-13 20:20:06 Latest version is 1.7.7
2025-01-13 20:20:06 App is up to date.
2025-01-13 21:20:05 Checking for update using Github
2025-01-13 21:20:06 Success.
2025-01-13 21:20:06 Latest version is 1.7.7
2025-01-13 21:20:06 App is up to date.
2025-01-13 23:00:12 Loading main app package /usr/lib/obsidian/obsidian.asar
2025-01-13 23:00:13 Checking for update using Github
2025-01-13 23:00:13 Success.
2025-01-13 23:00:13 Latest version is 1.7.7
2025-01-13 23:00:13 App is up to date.
2025-01-14 02:37:07 Loading main app package /usr/lib/obsidian/obsidian.asar
2025-01-14 02:37:07 Checking for update using Github
2025-01-14 02:37:08 Success.
2025-01-14 02:37:08 Latest version is 1.7.7
2025-01-14 02:37:08 App is up to date.
2025-01-14 07:37:40 Loading main app package /usr/lib/obsidian/obsidian.asar
2025-01-14 07:37:40 Checking for update using Github
2025-01-14 07:37:40 Failed to check for update using Github (net::ERR_INTERNET_DISCONNECTED)
2025-01-14 07:37:40 Checking for update using obsidian.md
2025-01-14 07:37:40 Failed to check for update using obsidian.md (net::ERR_INTERNET_DISCONNECTED)
2025-01-14 08:37:42 Checking for update using Github
2025-01-14 08:38:55 Failed to check for update using Github (net::ERR_CONNECTION_RESET)
2025-01-14 08:38:55 Checking for update using obsidian.md
2025-01-14 08:39:25 Failed to check for update using obsidian.md (Unexpected end of JSON input)
2025-01-14 10:14:30 Checking for update using Github
2025-01-14 10:14:38 Success.
2025-01-14 10:14:38 Latest version is 1.7.7
2025-01-14 10:14:38 App is up to date.
2025-01-14 11:14:33 Checking for update using Github
2025-01-14 11:14:47 Success.
2025-01-14 11:14:47 Latest version is 1.7.7
2025-01-14 11:14:47 App is up to date.
2025-01-14 13:08:42 Loading main app package /usr/lib/obsidian/obsidian.asar
2025-01-14 13:08:43 Checking for update using Github
2025-01-14 13:08:43 Failed to check for update using Github (net::ERR_INTERNET_DISCONNECTED)
2025-01-14 13:08:43 Checking for update using obsidian.md
2025-01-14 13:08:43 Failed to check for update using obsidian.md (net::ERR_INTERNET_DISCONNECTED)
2025-01-14 14:08:43 Checking for update using Github
2025-01-14 14:12:44 Failed to check for update using Github (net::ERR_TIMED_OUT)
2025-01-14 14:12:44 Checking for update using obsidian.md
2025-01-14 14:12:44 Failed to check for update using obsidian.md (net::ERR_TIMED_OUT)
2025-01-14 15:08:44 Checking for update using Github
2025-01-14 15:09:31 Failed to check for update using Github (net::ERR_NAME_NOT_RESOLVED)
2025-01-14 15:09:31 Checking for update using obsidian.md
2025-01-14 15:10:20 Failed to check for update using obsidian.md (net::ERR_NAME_NOT_RESOLVED)
2025-01-14 15:32:24 Loading main app package /usr/lib/obsidian/obsidian.asar
2025-01-14 15:32:24 Checking for update using Github
2025-01-14 15:32:41 Failed to check for update using Github (net::ERR_NAME_NOT_RESOLVED)
2025-01-14 15:32:41 Checking for update using obsidian.md
2025-01-14 15:32:41 Failed to check for update using obsidian.md (net::ERR_NAME_NOT_RESOLVED)
2025-01-14 16:32:23 Checking for update using Github
2025-01-14 16:32:24 Success.
2025-01-14 16:32:24 Latest version is 1.7.7
2025-01-14 16:32:24 App is up to date.
2025-01-14 19:58:05 Loading main app package /usr/lib/obsidian/obsidian.asar
2025-01-14 19:58:06 Checking for update using Github
2025-01-14 19:58:06 Success.
2025-01-14 19:58:06 Latest version is 1.7.7
2025-01-14 19:58:06 App is up to date.
2025-01-14 21:42:55 Checking for update using Github
2025-01-14 21:42:56 Success.
2025-01-14 21:42:56 Latest version is 1.7.7
2025-01-14 21:42:56 App is up to date.
2025-01-15 08:22:25 Checking for update using Github
2025-01-15 08:23:11 Failed to check for update using Github (net::ERR_NAME_NOT_RESOLVED)
2025-01-15 08:23:11 Checking for update using obsidian.md
2025-01-15 08:24:31 Failed to check for update using obsidian.md (net::ERR_ADDRESS_UNREACHABLE)
2025-01-15 09:25:45 Checking for update using Github
2025-01-15 09:27:05 Failed to check for update using Github (net::ERR_NAME_NOT_RESOLVED)
2025-01-15 09:27:05 Checking for update using obsidian.md
2025-01-15 09:28:25 Failed to check for update using obsidian.md (net::ERR_NAME_NOT_RESOLVED)
2025-01-15 21:11:57 Loading main app package /usr/lib/obsidian/obsidian.asar
2025-01-15 21:11:58 Checking for update using Github
2025-01-15 21:11:58 Success.
2025-01-15 21:11:58 Latest version is 1.7.7
2025-01-15 21:11:58 App is up to date.
2025-01-15 21:44:31 Loading main app package /usr/lib/obsidian/obsidian.asar
2025-01-15 21:44:32 Checking for update using Github
2025-01-15 21:44:32 Success.
2025-01-15 21:44:32 Latest version is 1.7.7
2025-01-15 21:44:32 App is up to date.
2025-01-15 22:59:24 Loading main app package /usr/lib/obsidian/obsidian.asar
2025-01-15 22:59:24 Checking for update using Github
2025-01-15 22:59:25 Success.
2025-01-15 22:59:25 Latest version is 1.7.7
2025-01-15 22:59:25 App is up to date.
2025-01-15 23:50:33 Loading main app package /usr/lib/obsidian/obsidian.asar
2025-01-15 23:50:33 Checking for update using Github
2025-01-15 23:58:30 Loading main app package /usr/lib/obsidian/obsidian.asar
2025-01-15 23:58:30 Checking for update using Github
2025-01-15 23:59:25 Checking for update using Github
2025-01-15 23:59:25 Success.
2025-01-15 23:59:25 Latest version is 1.7.7
2025-01-15 23:59:25 App is up to date.
2025-01-16 00:59:25 Checking for update using Github
2025-01-16 00:59:26 Success.
2025-01-16 00:59:26 Latest version is 1.7.7
2025-01-16 00:59:26 App is up to date.
2025-01-16 01:59:25 Checking for update using Github
2025-01-16 01:59:25 Success.
2025-01-16 01:59:25 Latest version is 1.7.7
2025-01-16 01:59:25 App is up to date.
2025-01-16 04:00:37 Checking for update using Github
2025-01-16 04:00:37 Success.
2025-01-16 04:00:37 Latest version is 1.7.7
2025-01-16 04:00:37 App is up to date.
2025-01-16 05:42:25 Checking for update using Github
2025-01-16 05:42:25 Success.
2025-01-16 05:42:25 Latest version is 1.7.7
2025-01-16 05:42:25 App is up to date.
2025-01-16 10:42:28 Checking for update using Github
2025-01-16 10:42:41 Success.
2025-01-16 10:42:41 Latest version is 1.7.7
2025-01-16 10:42:41 App is up to date.
2025-01-16 10:46:18 Loading main app package /usr/lib/obsidian/obsidian.asar
2025-01-16 10:46:18 Checking for update using Github
2025-01-16 10:46:18 Success.
2025-01-16 10:46:18 Latest version is 1.7.7
2025-01-16 10:46:18 App is up to date.
2025-01-16 11:46:19 Checking for update using Github
2025-01-16 11:46:25 Success.
2025-01-16 11:46:25 Latest version is 1.7.7
2025-01-16 11:46:25 App is up to date.
2025-01-16 18:15:48 Loading main app package /usr/lib/obsidian/obsidian.asar
2025-01-16 18:15:49 Checking for update using Github
2025-01-16 18:15:49 Success.
2025-01-16 18:15:49 Latest version is 1.7.7
2025-01-16 18:15:49 App is up to date.
2025-01-16 19:50:51 Checking for update using Github
2025-01-16 19:50:52 Success.
2025-01-16 19:50:52 Latest version is 1.7.7
2025-01-16 19:50:52 App is up to date.
2025-01-16 21:14:23 Checking for update using Github
2025-01-16 21:14:23 Success.
2025-01-16 21:14:23 Latest version is 1.7.7
2025-01-16 21:14:23 App is up to date.
2025-01-16 22:14:23 Checking for update using Github
2025-01-16 22:14:23 Success.
2025-01-16 22:14:23 Latest version is 1.7.7
2025-01-16 22:14:23 App is up to date.
2025-01-17 00:03:29 Checking for update using Github
2025-01-17 00:03:34 Success.
2025-01-17 00:03:34 Latest version is 1.7.7
2025-01-17 00:03:34 App is up to date.
2025-01-17 10:52:32 Checking for update using Github
2025-01-17 10:52:56 Failed to check for update using Github (net::ERR_NAME_NOT_RESOLVED)
2025-01-17 10:52:56 Checking for update using obsidian.md
2025-01-17 10:53:20 Failed to check for update using obsidian.md (net::ERR_NAME_NOT_RESOLVED)
2025-01-17 11:52:32 Checking for update using Github
2025-01-17 11:52:42 Success.
2025-01-17 11:52:42 Latest version is 1.7.7
2025-01-17 11:52:42 App is up to date.
2025-01-17 13:11:33 Loading main app package /usr/lib/obsidian/obsidian.asar
2025-01-17 13:11:34 Checking for update using Github
2025-01-17 13:11:40 Success.
2025-01-17 13:11:40 Latest version is 1.7.7
2025-01-17 13:11:40 App is up to date.
2025-01-17 14:27:08 Loading main app package /usr/lib/obsidian/obsidian.asar
2025-01-17 14:27:08 Checking for update using Github
2025-01-17 14:27:17 Success.
2025-01-17 14:27:17 Latest version is 1.7.7
2025-01-17 14:27:17 App is up to date.
2025-01-17 18:11:27 Loading main app package /usr/lib/obsidian/obsidian.asar
2025-01-17 18:11:27 Checking for update using Github
2025-01-17 18:11:28 Success.
2025-01-17 18:11:28 Latest version is 1.7.7
2025-01-17 18:11:28 App is up to date.
2025-01-17 19:22:38 Checking for update using Github
2025-01-17 19:22:43 Success.
2025-01-17 19:22:43 Latest version is 1.7.7
2025-01-17 19:22:43 App is up to date.
2025-01-18 07:48:15 Checking for update using Github
2025-01-18 07:48:21 Success.
2025-01-18 07:48:21 Latest version is 1.7.7
2025-01-18 07:48:21 App is up to date.
2025-01-18 08:48:15 Checking for update using Github
2025-01-18 08:48:22 Success.
2025-01-18 08:48:22 Latest version is 1.7.7
2025-01-18 08:48:22 App is up to date.
2025-01-18 09:48:15 Checking for update using Github
2025-01-18 09:48:39 Failed to check for update using Github (net::ERR_NAME_NOT_RESOLVED)
2025-01-18 09:48:39 Checking for update using obsidian.md
2025-01-18 18:06:39 Loading main app package /usr/lib/obsidian/obsidian.asar
2025-01-18 18:06:40 Checking for update using Github
2025-01-18 18:10:40 Failed to check for update using Github (net::ERR_TIMED_OUT)
2025-01-18 18:10:40 Checking for update using obsidian.md
2025-01-18 18:10:40 Failed to check for update using obsidian.md (net::ERR_TIMED_OUT)
2025-01-18 19:06:39 Checking for update using Github
2025-01-18 19:10:39 Failed to check for update using Github (net::ERR_TIMED_OUT)
2025-01-18 19:10:39 Checking for update using obsidian.md
2025-01-18 19:10:40 Failed to check for update using obsidian.md (net::ERR_TIMED_OUT)
2025-01-18 23:12:01 Checking for update using Github
2025-01-18 23:12:01 Success.
2025-01-18 23:12:01 Latest version is 1.7.7
2025-01-18 23:12:01 App is up to date.
2025-01-19 18:14:31 Loading main app package /usr/lib/obsidian/obsidian.asar
2025-01-19 18:14:32 Checking for update using Github
2025-01-19 18:14:32 Success.
2025-01-19 18:14:32 Latest version is 1.7.7
2025-01-19 18:14:32 App is up to date.
2025-01-19 19:14:31 Checking for update using Github
2025-01-19 19:14:32 Success.
2025-01-19 19:14:32 Latest version is 1.7.7
2025-01-19 19:14:32 App is up to date.
2025-01-19 20:14:31 Checking for update using Github
2025-01-19 20:14:32 Success.
2025-01-19 20:14:32 Latest version is 1.7.7
2025-01-19 20:14:32 App is up to date.
2025-01-19 21:45:44 Checking for update using Github
2025-01-19 21:45:44 Failed to check for update using Github (net::ERR_INTERNET_DISCONNECTED)
2025-01-19 21:45:44 Checking for update using obsidian.md
2025-01-19 21:45:44 Failed to check for update using obsidian.md (net::ERR_INTERNET_DISCONNECTED)
2025-01-19 22:45:44 Checking for update using Github
2025-01-19 22:45:44 Success.
2025-01-19 22:45:44 Latest version is 1.7.7
2025-01-19 22:45:44 App is up to date.
2025-01-20 01:01:10 Checking for update using Github
2025-01-20 01:01:11 Success.
2025-01-20 01:01:11 Latest version is 1.7.7
2025-01-20 01:01:11 App is up to date.
2025-01-20 02:01:13 Checking for update using Github
2025-01-20 02:01:13 Success.
2025-01-20 02:01:13 Latest version is 1.7.7
2025-01-20 02:01:13 App is up to date.
2025-01-20 03:01:13 Checking for update using Github
2025-01-20 03:01:14 Success.
2025-01-20 03:01:14 Latest version is 1.7.7
2025-01-20 03:01:14 App is up to date.
2025-01-20 04:01:13 Checking for update using Github
2025-01-20 04:01:13 Success.
2025-01-20 04:01:13 Latest version is 1.7.7
2025-01-20 04:01:13 App is up to date.
2025-01-20 05:01:14 Checking for update using Github
2025-01-20 05:01:14 Success.
2025-01-20 05:01:14 Latest version is 1.7.7
2025-01-20 05:01:14 App is up to date.
2025-01-20 10:01:05 Loading main app package /usr/lib/obsidian/obsidian.asar
2025-01-20 10:01:06 Checking for update using Github
2025-01-20 10:01:06 Failed to check for update using Github (net::ERR_INTERNET_DISCONNECTED)
2025-01-20 10:01:06 Checking for update using obsidian.md
2025-01-20 10:01:06 Failed to check for update using obsidian.md (net::ERR_INTERNET_DISCONNECTED)
2025-01-20 11:01:06 Checking for update using Github
2025-01-20 11:01:17 Success.
2025-01-20 11:01:17 Latest version is 1.7.7
2025-01-20 11:01:17 App is up to date.
2025-01-20 12:01:07 Checking for update using Github
2025-01-20 12:05:09 Failed to check for update using Github (net::ERR_TIMED_OUT)
2025-01-20 12:05:09 Checking for update using obsidian.md
2025-01-20 12:05:17 Failed to check for update using obsidian.md (Unexpected end of JSON input)
2025-01-20 19:26:25 Checking for update using Github
2025-01-20 19:26:25 Success.
2025-01-20 19:26:25 Latest version is 1.7.7
2025-01-20 19:26:25 App is up to date.
2025-01-20 23:36:42 Checking for update using Github
2025-01-20 23:36:42 Success.
2025-01-20 23:36:42 Latest version is 1.7.7
2025-01-20 23:36:42 App is up to date.
2025-01-21 07:41:43 Loading main app package /usr/lib/obsidian/obsidian.asar
2025-01-21 07:41:44 Checking for update using Github
2025-01-21 07:41:50 Success.
2025-01-21 07:41:50 Latest version is 1.7.7
2025-01-21 07:41:50 App is up to date.
2025-01-21 08:42:30 Checking for update using Github
2025-01-21 08:42:40 Success.
2025-01-21 08:42:40 Latest version is 1.7.7
2025-01-21 08:42:40 App is up to date.
2025-01-21 10:17:19 Checking for update using Github
2025-01-21 10:17:25 Success.
2025-01-21 10:17:25 Latest version is 1.7.7
2025-01-21 10:17:25 App is up to date.
2025-01-21 11:17:19 Checking for update using Github
2025-01-21 11:18:18 Success.
2025-01-21 11:18:18 Latest version is 1.7.7
2025-01-21 11:18:18 App is up to date.
2025-01-21 13:09:51 Checking for update using Github
2025-01-21 13:10:01 Success.
2025-01-21 13:10:01 Latest version is 1.7.7
2025-01-21 13:10:01 App is up to date.
2025-01-21 14:09:51 Checking for update using Github
2025-01-21 14:09:57 Success.
2025-01-21 14:09:57 Latest version is 1.7.7
2025-01-21 14:09:57 App is up to date.
2025-01-21 15:10:00 Checking for update using Github
2025-01-21 15:10:09 Success.
2025-01-21 15:10:09 Latest version is 1.7.7
2025-01-21 15:10:09 App is up to date.
2025-01-21 17:50:58 Loading main app package /usr/lib/obsidian/obsidian.asar
2025-01-21 17:50:58 Checking for update using Github
2025-01-21 18:49:24 Checking for update using Github
2025-01-21 18:49:25 Success.
2025-01-21 18:49:25 Latest version is 1.7.7
2025-01-21 18:49:25 App is up to date.
2025-01-21 22:46:00 Checking for update using Github
2025-01-21 22:46:00 Success.
2025-01-21 22:46:00 Latest version is 1.7.7
2025-01-21 22:46:00 App is up to date.
2025-01-22 07:36:34 Loading main app package /usr/lib/obsidian/obsidian.asar
2025-01-22 07:36:34 Checking for update using Github
2025-01-22 07:36:41 Success.
2025-01-22 07:36:41 Latest version is 1.7.7
2025-01-22 07:36:41 App is up to date.
2025-01-22 08:42:54 Checking for update using Github
2025-01-22 08:43:08 Success.
2025-01-22 08:43:08 Latest version is 1.7.7
2025-01-22 08:43:08 App is up to date.
2025-01-22 10:55:35 Loading main app package /usr/lib/obsidian/obsidian.asar
2025-01-22 10:55:35 Checking for update using Github
2025-01-22 10:55:42 Success.
2025-01-22 10:55:42 Latest version is 1.7.7
2025-01-22 10:55:42 App is up to date.
2025-01-22 11:11:58 Loading main app package /usr/lib/obsidian/obsidian.asar
2025-01-22 11:11:58 Checking for update using Github
2025-01-22 11:12:06 Success.
2025-01-22 11:12:06 Latest version is 1.7.7
2025-01-22 11:12:06 App is up to date.
2025-01-22 16:11:35 Checking for update using Github
2025-01-22 16:11:35 Success.
2025-01-22 16:11:35 Latest version is 1.7.7
2025-01-22 16:11:35 App is up to date.
2025-01-22 17:11:35 Checking for update using Github
2025-01-22 17:11:35 Success.
2025-01-22 17:11:35 Latest version is 1.7.7
2025-01-22 17:11:35 App is up to date.
2025-01-23 10:08:43 Loading main app package /usr/lib/obsidian/obsidian.asar
2025-01-23 10:08:44 Checking for update using Github
2025-01-23 10:08:50 Success.
2025-01-23 10:08:50 Latest version is 1.7.7
2025-01-23 10:08:50 App is up to date.
2025-01-23 11:08:45 Checking for update using Github
2025-01-23 11:08:48 Success.
2025-01-23 11:08:48 Latest version is 1.7.7
2025-01-23 11:08:48 App is up to date.
2025-01-23 13:04:32 Checking for update using Github
2025-01-23 13:04:32 Failed to check for update using Github (net::ERR_INTERNET_DISCONNECTED)
2025-01-23 13:04:32 Checking for update using obsidian.md
2025-01-23 13:04:32 Failed to check for update using obsidian.md (net::ERR_INTERNET_DISCONNECTED)
2025-01-23 15:12:39 Checking for update using Github
2025-01-23 15:16:41 Failed to check for update using Github (net::ERR_TIMED_OUT)
2025-01-23 15:16:41 Checking for update using obsidian.md
2025-01-23 15:17:37 Failed to check for update using obsidian.md (net::ERR_NAME_NOT_RESOLVED)
2025-01-23 16:12:39 Checking for update using Github
2025-01-23 16:12:41 Success.
2025-01-23 16:12:41 Latest version is 1.7.7
2025-01-23 16:12:41 App is up to date.
2025-01-23 19:07:02 Checking for update using Github
2025-01-23 19:07:02 Success.
2025-01-23 19:07:02 Latest version is 1.7.7
2025-01-23 19:07:02 App is up to date.
2025-01-23 23:25:12 Loading main app package /usr/lib/obsidian/obsidian.asar
2025-01-23 23:25:13 Checking for update using Github
2025-01-23 23:25:14 Success.
2025-01-23 23:25:14 Latest version is 1.7.7
2025-01-23 23:25:14 App is up to date.
2025-01-24 00:25:12 Checking for update using Github
2025-01-24 00:25:14 Success.
2025-01-24 00:25:14 Latest version is 1.7.7
2025-01-24 00:25:14 App is up to date.
2025-01-24 06:43:44 Loading main app package /usr/lib/obsidian/obsidian.asar
2025-01-24 06:43:45 Checking for update using Github
2025-01-24 06:43:45 Success.
2025-01-24 06:43:45 Latest version is 1.7.7
2025-01-24 06:43:45 App is up to date.
2025-01-24 10:44:51 Loading main app package /usr/lib/obsidian/obsidian.asar
2025-01-24 10:44:52 Checking for update using Github
2025-01-24 10:46:12 Failed to check for update using Github (net::ERR_NAME_NOT_RESOLVED)
2025-01-24 10:46:12 Checking for update using obsidian.md
2025-01-24 10:47:32 Failed to check for update using obsidian.md (net::ERR_NAME_NOT_RESOLVED)
2025-01-24 14:03:05 Loading main app package /usr/lib/obsidian/obsidian.asar
2025-01-24 14:03:06 Checking for update using Github
2025-01-24 14:03:53 Success.
2025-01-24 14:03:53 Latest version is 1.7.7
2025-01-24 14:03:53 App is up to date.
2025-01-24 14:24:56 Loading main app package /usr/lib/obsidian/obsidian.asar
2025-01-24 14:24:57 Checking for update using Github
2025-01-24 14:25:05 Loading main app package /usr/lib/obsidian/obsidian.asar
2025-01-24 14:25:05 Checking for update using Github
2025-01-24 14:25:07 Success.
2025-01-24 14:25:07 Latest version is 1.7.7
2025-01-24 14:25:07 App is up to date.
2025-01-24 15:25:05 Checking for update using Github
2025-01-24 15:25:27 Success.
2025-01-24 15:25:27 Latest version is 1.7.7
2025-01-24 15:25:27 App is up to date.
2025-01-24 16:25:05 Checking for update using Github
2025-01-24 16:25:06 Success.
2025-01-24 16:25:06 Latest version is 1.7.7
2025-01-24 16:25:06 App is up to date.
2025-01-24 19:43:32 Checking for update using Github
2025-01-24 19:43:33 Success.
2025-01-24 19:43:33 Latest version is 1.7.7
2025-01-24 19:43:33 App is up to date.
2025-01-24 20:49:59 Checking for update using Github
2025-01-24 20:49:59 Success.
2025-01-24 20:49:59 Latest version is 1.7.7
2025-01-24 20:49:59 App is up to date.
2025-01-24 21:50:00 Checking for update using Github
2025-01-24 21:50:00 Success.
2025-01-24 21:50:00 Latest version is 1.7.7
2025-01-24 21:50:00 App is up to date.
2025-01-25 00:08:00 Checking for update using Github
2025-01-25 00:08:00 Success.
2025-01-25 00:08:00 Latest version is 1.7.7
2025-01-25 00:08:00 App is up to date.
2025-01-25 15:53:17 Loading main app package /usr/lib/obsidian/obsidian.asar
2025-01-25 15:53:17 Checking for update using Github
2025-01-25 15:53:18 Success.
2025-01-25 15:53:18 Latest version is 1.7.7
2025-01-25 15:53:18 App is up to date.
2025-01-25 16:24:44 Loading main app package /usr/lib/obsidian/obsidian.asar
2025-01-25 16:24:45 Checking for update using Github
2025-01-25 16:24:45 Success.
2025-01-25 16:24:45 Latest version is 1.7.7
2025-01-25 16:24:45 App is up to date.
2025-01-25 17:24:45 Checking for update using Github
2025-01-25 17:24:45 Success.
2025-01-25 17:24:45 Latest version is 1.7.7
2025-01-25 17:24:45 App is up to date.
2025-01-25 18:06:37 Loading main app package /usr/lib/obsidian/obsidian.asar
2025-01-25 18:06:37 Checking for update using Github
2025-01-25 18:24:45 Checking for update using Github
2025-01-25 18:24:51 Success.
2025-01-25 18:24:51 Latest version is 1.7.7
2025-01-25 18:24:51 App is up to date.
2025-01-25 19:26:36 Checking for update using Github
2025-01-25 19:26:37 Success.
2025-01-25 19:26:37 Latest version is 1.7.7
2025-01-25 19:26:37 App is up to date.
2025-01-26 13:37:59 Checking for update using Github
2025-01-26 13:38:00 Success.
2025-01-26 13:38:00 Latest version is 1.7.7
2025-01-26 13:38:00 App is up to date.
2025-01-26 16:23:21 Checking for update using Github
2025-01-26 16:23:21 Success.
2025-01-26 16:23:21 Latest version is 1.7.7
2025-01-26 16:23:21 App is up to date.
2025-01-26 17:23:21 Checking for update using Github
2025-01-26 17:23:21 Success.
2025-01-26 17:23:21 Latest version is 1.7.7
2025-01-26 17:23:21 App is up to date.
2025-01-26 18:25:45 Checking for update using Github
2025-01-26 18:25:46 Success.
2025-01-26 18:25:46 Latest version is 1.7.7
2025-01-26 18:25:46 App is up to date.
2025-01-26 23:28:36 Checking for update using Github
2025-01-26 23:28:36 Success.
2025-01-26 23:28:36 Latest version is 1.7.7
2025-01-26 23:28:36 App is up to date.
2025-01-26 23:29:27 Loading main app package /usr/lib/obsidian/obsidian.asar
2025-01-26 23:29:28 Checking for update using Github
2025-01-26 23:29:28 Success.
2025-01-26 23:29:28 Latest version is 1.7.7
2025-01-26 23:29:28 App is up to date.
2025-01-27 00:29:27 Checking for update using Github
2025-01-27 00:29:28 Success.
2025-01-27 00:29:28 Latest version is 1.7.7
2025-01-27 00:29:28 App is up to date.
2025-01-27 01:29:27 Checking for update using Github
2025-01-27 01:29:33 Success.
2025-01-27 01:29:33 Latest version is 1.7.7
2025-01-27 01:29:33 App is up to date.
2025-01-27 07:12:40 Loading main app package /usr/lib/obsidian/obsidian.asar
2025-01-27 07:12:41 Checking for update using Github
2025-01-27 07:12:41 Success.
2025-01-27 07:12:41 Latest version is 1.7.7
2025-01-27 07:12:41 App is up to date.
2025-01-27 08:12:40 Checking for update using Github
2025-01-27 08:12:41 Success.
2025-01-27 08:12:41 Latest version is 1.7.7
2025-01-27 08:12:41 App is up to date.
2025-01-27 09:12:40 Checking for update using Github
2025-01-27 09:12:46 Success.
2025-01-27 09:12:46 Latest version is 1.7.7
2025-01-27 09:12:46 App is up to date.
2025-01-27 10:49:00 Checking for update using Github
2025-01-27 10:49:01 Success.
2025-01-27 10:49:01 Latest version is 1.7.7
2025-01-27 10:49:01 App is up to date.
2025-01-27 11:49:00 Checking for update using Github
2025-01-27 11:49:06 Success.
2025-01-27 11:49:06 Latest version is 1.7.7
2025-01-27 11:49:06 App is up to date.
2025-01-27 12:24:40 Loading main app package /usr/lib/obsidian/obsidian.asar
2025-01-27 12:24:40 Checking for update using Github
2025-01-27 12:24:42 Success.
2025-01-27 12:24:42 Latest version is 1.7.7
2025-01-27 12:24:42 App is up to date.
2025-01-27 15:31:12 Loading main app package /usr/lib/obsidian/obsidian.asar
2025-01-27 15:31:13 Checking for update using Github
2025-01-27 15:31:15 Success.
2025-01-27 15:31:15 Latest version is 1.7.7
2025-01-27 15:31:15 App is up to date.
2025-01-27 20:12:02 Loading main app package /usr/lib/obsidian/obsidian.asar
2025-01-27 20:12:03 Checking for update using Github
2025-01-27 20:12:03 Success.
2025-01-27 20:12:03 Latest version is 1.7.7
2025-01-27 20:12:03 App is up to date.
2025-01-28 08:17:05 Checking for update using Github
2025-01-28 08:17:06 Success.
2025-01-28 08:17:06 Latest version is 1.7.7
2025-01-28 08:17:06 App is up to date.
2025-01-28 09:17:06 Checking for update using Github
2025-01-28 09:17:08 Success.
2025-01-28 09:17:08 Latest version is 1.7.7
2025-01-28 09:17:08 App is up to date.
2025-01-28 09:26:42 Loading main app package /usr/lib/obsidian/obsidian.asar
2025-01-28 09:26:42 Checking for update using Github
2025-01-28 09:45:31 Loading main app package /usr/lib/obsidian/obsidian.asar
2025-01-28 09:45:31 Checking for update using Github
2025-01-28 09:45:45 Success.
2025-01-28 09:45:45 Latest version is 1.7.7
2025-01-28 09:45:45 App is up to date.
2025-01-28 10:09:45 Loading main app package /usr/lib/obsidian/obsidian.asar
2025-01-28 10:09:46 Checking for update using Github
2025-01-28 10:12:07 Success.
2025-01-28 10:12:07 Latest version is 1.7.7
2025-01-28 10:12:07 App is up to date.
2025-01-28 11:09:46 Checking for update using Github
2025-01-28 11:09:52 Success.
2025-01-28 11:09:52 Latest version is 1.7.7
2025-01-28 11:09:52 App is up to date.
2025-01-28 12:09:46 Checking for update using Github
2025-01-28 12:09:46 Failed to check for update using Github (net::ERR_NAME_NOT_RESOLVED)
2025-01-28 12:09:46 Checking for update using obsidian.md
2025-01-28 12:09:46 Failed to check for update using obsidian.md (net::ERR_NAME_NOT_RESOLVED)
2025-01-28 13:46:41 Checking for update using Github
2025-01-28 13:46:41 Failed to check for update using Github (net::ERR_NAME_NOT_RESOLVED)
2025-01-28 13:46:41 Checking for update using obsidian.md
2025-01-28 13:46:41 Failed to check for update using obsidian.md (net::ERR_NAME_NOT_RESOLVED)
2025-01-28 14:46:41 Checking for update using Github
2025-01-28 14:46:42 Success.
2025-01-28 14:46:42 Latest version is 1.7.7
2025-01-28 14:46:42 App is up to date.
2025-01-28 15:56:40 Loading main app package /usr/lib/obsidian/obsidian.asar
2025-01-28 15:56:40 Checking for update using Github
2025-01-28 15:56:42 Success.
2025-01-28 15:56:42 Latest version is 1.7.7
2025-01-28 15:56:42 App is up to date.
2025-01-28 16:56:40 Checking for update using Github
2025-01-28 16:56:42 Success.
2025-01-28 16:56:42 Latest version is 1.7.7
2025-01-28 16:56:42 App is up to date.
2025-01-28 19:08:56 Loading main app package /usr/lib/obsidian/obsidian.asar
2025-01-28 19:08:56 Checking for update using Github
2025-01-28 19:08:57 Success.
2025-01-28 19:08:57 Latest version is 1.7.7
2025-01-28 19:08:57 App is up to date.
2025-01-28 20:13:49 Checking for update using Github
2025-01-28 20:13:49 Success.
2025-01-28 20:13:49 Latest version is 1.7.7
2025-01-28 20:13:49 App is up to date.
2025-01-28 21:59:25 Checking for update using Github
2025-01-28 21:59:25 Success.
2025-01-28 21:59:25 Latest version is 1.7.7
2025-01-28 21:59:25 App is up to date.
2025-01-29 07:12:05 Checking for update using Github
2025-01-29 07:12:07 Success.
2025-01-29 07:12:07 Latest version is 1.7.7
2025-01-29 07:12:07 App is up to date.
2025-01-29 08:08:08 Loading main app package /usr/lib/obsidian/obsidian.asar
2025-01-29 08:08:08 Checking for update using Github
2025-01-29 08:12:09 Failed to check for update using Github (net::ERR_TIMED_OUT)
2025-01-29 08:12:09 Checking for update using obsidian.md
2025-01-29 08:12:10 Failed to check for update using obsidian.md (net::ERR_DNS_NO_MATCHING_SUPPORTED_ALPN)
2025-01-29 09:37:20 Checking for update using Github
2025-01-29 09:37:44 Failed to check for update using Github (net::ERR_NETWORK_IO_SUSPENDED)
2025-01-29 09:37:44 Checking for update using obsidian.md
2025-01-29 09:37:45 Failed to check for update using obsidian.md (net::ERR_NETWORK_CHANGED)
2025-01-29 10:53:53 Loading main app package /usr/lib/obsidian/obsidian.asar
2025-01-29 10:53:54 Checking for update using Github
2025-01-29 10:56:25 Failed to check for update using Github (net::ERR_ADDRESS_UNREACHABLE)
2025-01-29 10:56:25 Checking for update using obsidian.md
2025-01-29 10:56:49 Failed to check for update using obsidian.md (net::ERR_NAME_NOT_RESOLVED)
2025-01-29 17:13:46 Loading main app package /usr/lib/obsidian/obsidian.asar
2025-01-29 17:13:46 Checking for update using Github
2025-01-29 17:13:49 Success.
2025-01-29 17:13:49 Latest version is 1.7.7
2025-01-29 17:13:49 App is up to date.
2025-01-29 18:13:46 Checking for update using Github
2025-01-29 18:13:46 Success.
2025-01-29 18:13:46 Latest version is 1.7.7
2025-01-29 18:13:46 App is up to date.
2025-01-29 20:23:25 Checking for update using Github
2025-01-29 20:23:25 Success.
2025-01-29 20:23:25 Latest version is 1.7.7
2025-01-29 20:23:25 App is up to date.
2025-01-29 21:23:25 Checking for update using Github
2025-01-29 21:23:25 Success.
2025-01-29 21:23:25 Latest version is 1.7.7
2025-01-29 21:23:25 App is up to date.
2025-01-29 23:13:43 Checking for update using Github
2025-01-29 23:13:47 Success.
2025-01-29 23:13:47 Latest version is 1.7.7
2025-01-29 23:13:47 App is up to date.
2025-01-30 00:13:43 Checking for update using Github
2025-01-30 00:13:46 Success.
2025-01-30 00:13:46 Latest version is 1.7.7
2025-01-30 00:13:46 App is up to date.
2025-01-30 07:22:08 Loading main app package /usr/lib/obsidian/obsidian.asar
2025-01-30 07:22:08 Checking for update using Github
2025-01-30 07:22:09 Failed to check for update using Github (net::ERR_INTERNET_DISCONNECTED)
2025-01-30 07:22:09 Checking for update using obsidian.md
2025-01-30 07:22:09 Failed to check for update using obsidian.md (net::ERR_INTERNET_DISCONNECTED)
2025-01-30 10:58:30 Checking for update using Github
2025-01-30 10:58:37 Success.
2025-01-30 10:58:37 Latest version is 1.7.7
2025-01-30 10:58:37 App is up to date.
2025-01-30 11:58:30 Checking for update using Github
2025-01-30 11:58:54 Failed to check for update using Github (net::ERR_NAME_NOT_RESOLVED)
2025-01-30 11:58:54 Checking for update using obsidian.md
2025-01-30 11:59:18 Failed to check for update using obsidian.md (net::ERR_NAME_NOT_RESOLVED)
2025-01-30 13:56:13 Checking for update using Github
2025-01-30 13:56:13 Failed to check for update using Github (net::ERR_INTERNET_DISCONNECTED)
2025-01-30 13:56:13 Checking for update using obsidian.md
2025-01-30 13:56:13 Failed to check for update using obsidian.md (net::ERR_INTERNET_DISCONNECTED)
2025-01-30 14:16:06 Loading main app package /usr/lib/obsidian/obsidian.asar
2025-01-30 14:16:06 Checking for update using Github
2025-01-30 14:16:06 Failed to check for update using Github (net::ERR_INTERNET_DISCONNECTED)
2025-01-30 14:16:06 Checking for update using obsidian.md
2025-01-30 14:16:06 Failed to check for update using obsidian.md (net::ERR_INTERNET_DISCONNECTED)
2025-01-30 14:26:01 Loading main app package /usr/lib/obsidian/obsidian.asar
2025-01-30 14:26:01 Checking for update using Github
2025-01-30 14:26:01 Failed to check for update using Github (net::ERR_INTERNET_DISCONNECTED)
2025-01-30 14:26:01 Checking for update using obsidian.md
2025-01-30 14:26:01 Failed to check for update using obsidian.md (net::ERR_INTERNET_DISCONNECTED)
2025-01-30 14:48:07 Loading main app package /usr/lib/obsidian/obsidian.asar
2025-01-30 14:48:07 Checking for update using Github
2025-01-30 15:15:16 Loading main app package /usr/lib/obsidian/obsidian.asar
2025-01-30 15:15:16 Checking for update using Github
2025-01-30 15:15:16 Failed to check for update using Github (net::ERR_NAME_NOT_RESOLVED)
2025-01-30 15:15:16 Checking for update using obsidian.md
2025-01-30 15:15:16 Failed to check for update using obsidian.md (net::ERR_NAME_NOT_RESOLVED)
2025-01-30 15:56:56 Loading main app package /usr/lib/obsidian/obsidian.asar
2025-01-30 15:56:56 Checking for update using Github
2025-01-30 15:56:56 Failed to check for update using Github (net::ERR_NAME_NOT_RESOLVED)
2025-01-30 15:56:57 Checking for update using obsidian.md
2025-01-30 15:56:57 Failed to check for update using obsidian.md (net::ERR_NAME_NOT_RESOLVED)
2025-01-30 16:56:54 Checking for update using Github
2025-01-30 16:57:01 Success.
2025-01-30 16:57:01 Latest version is 1.8.3
2025-01-30 16:57:01 Downloading update from https://github.com/obsidianmd/obsidian-releases/releases/download/v1.8.3/obsidian-1.8.3.asar.gz
2025-01-30 17:00:26 Verifying hash & signature. Size= 8123758
2025-01-30 17:00:26 Saving file
2025-01-30 17:00:27 Update complete.
2025-01-31 13:21:06 Loading updated app package /home/credo/.config/obsidian/obsidian-1.8.3.asar
2025-01-31 13:21:07 Checking for update using Github
2025-01-31 13:21:16 Success.
2025-01-31 13:21:16 Latest version is 1.8.3
2025-01-31 13:21:16 App is up to date.
2025-01-31 14:21:06 Checking for update using Github
2025-01-31 14:21:19 Success.
2025-01-31 14:21:19 Latest version is 1.8.3
2025-01-31 14:21:19 App is up to date.
2025-02-01 10:06:37 Loading main app package /usr/lib/obsidian/obsidian.asar
2025-02-01 10:06:37 Checking for update using Github
2025-02-01 10:07:04 Success.
2025-02-01 10:07:04 Latest version is 1.8.4
2025-02-01 10:07:04 Downloading update from https://github.com/obsidianmd/obsidian-releases/releases/download/v1.8.4/obsidian-1.8.4.asar.gz
2025-02-01 10:09:38 Verifying hash & signature. Size= 8123782
2025-02-01 10:09:38 Saving file
2025-02-01 10:09:38 Update complete.
2025-02-01 11:06:38 Checking for update using Github
2025-02-01 11:06:51 Success.
2025-02-01 11:06:51 Latest version is 1.8.4
2025-02-01 11:06:51 An update is already downloaded.
2025-02-01 12:06:38 Checking for update using Github
2025-02-01 12:06:45 Success.
2025-02-01 12:06:45 Latest version is 1.8.4
2025-02-01 12:06:45 An update is already downloaded.
2025-02-02 13:17:10 Loading updated app package /home/credo/.config/obsidian/obsidian-1.8.4.asar
2025-02-02 13:17:10 Checking for update using Github
2025-02-02 13:17:11 Success.
2025-02-02 13:17:11 Latest version is 1.8.4
2025-02-02 13:17:11 App is up to date.
2025-02-02 19:21:08 Checking for update using Github
2025-02-02 19:21:08 Success.
2025-02-02 19:21:08 Latest version is 1.8.4
2025-02-02 19:21:08 App is up to date.
2025-02-02 21:36:48 Loading updated app package /home/credo/.config/obsidian/obsidian-1.8.4.asar
2025-02-02 21:36:49 Checking for update using Github
2025-02-02 21:36:49 Success.
2025-02-02 21:36:49 Latest version is 1.8.4
2025-02-02 21:36:49 App is up to date.
2025-02-03 07:47:52 Loading updated app package /home/credo/.config/obsidian/obsidian-1.8.4.asar
2025-02-03 07:47:53 Checking for update using Github
2025-02-03 07:48:03 Success.
2025-02-03 07:48:03 Latest version is 1.8.4
2025-02-03 07:48:03 App is up to date.
2025-02-03 10:28:01 Checking for update using Github
2025-02-03 10:28:07 Success.
2025-02-03 10:28:07 Latest version is 1.8.4
2025-02-03 10:28:07 App is up to date.
2025-02-03 10:57:04 Loading updated app package /home/credo/.config/obsidian/obsidian-1.8.4.asar
2025-02-03 10:57:05 Checking for update using Github
2025-02-03 10:57:13 Success.
2025-02-03 10:57:13 Latest version is 1.8.4
2025-02-03 10:57:13 App is up to date.
2025-02-03 11:57:04 Checking for update using Github
2025-02-03 11:57:11 Success.
2025-02-03 11:57:11 Latest version is 1.8.4
2025-02-03 11:57:11 App is up to date.
2025-02-03 15:56:35 Loading updated app package /home/credo/.config/obsidian/obsidian-1.8.4.asar
2025-02-03 15:56:35 Checking for update using Github
2025-02-03 15:56:37 Success.
2025-02-03 15:56:37 Latest version is 1.8.4
2025-02-03 15:56:37 App is up to date.
2025-02-03 16:56:35 Checking for update using Github
2025-02-03 16:56:35 Success.
2025-02-03 16:56:35 Latest version is 1.8.4
2025-02-03 16:56:35 App is up to date.
2025-02-03 18:17:13 Checking for update using Github
2025-02-03 18:17:13 Success.
2025-02-03 18:17:13 Latest version is 1.8.4
2025-02-03 18:17:13 App is up to date.
2025-02-03 18:50:18 Loading main app package /usr/lib/obsidian/obsidian.asar
2025-02-03 18:50:18 Checking for update using Github
2025-02-03 18:50:18 Success.
2025-02-03 18:50:18 Latest version is 1.8.4
2025-02-03 18:50:18 App is up to date.
2025-02-03 19:32:24 Loading main app package /usr/lib/obsidian/obsidian.asar
2025-02-03 19:32:24 Checking for update using Github
2025-02-03 19:32:24 Success.
2025-02-03 19:32:24 Latest version is 1.8.4
2025-02-03 19:32:24 App is up to date.
2025-02-03 20:39:08 Checking for update using Github
2025-02-03 20:39:09 Success.
2025-02-03 20:39:09 Latest version is 1.8.4
2025-02-03 20:39:09 App is up to date.
2025-02-04 07:52:46 Checking for update using Github
2025-02-04 07:52:58 Success.
2025-02-04 07:52:58 Latest version is 1.8.4
2025-02-04 07:52:58 App is up to date.
2025-02-04 08:52:49 Checking for update using Github
2025-02-04 08:52:56 Success.
2025-02-04 08:52:56 Latest version is 1.8.4
2025-02-04 08:52:56 App is up to date.
2025-02-04 09:54:13 Checking for update using Github
2025-02-04 09:54:21 Success.
2025-02-04 09:54:21 Latest version is 1.8.4
2025-02-04 09:54:21 App is up to date.
2025-02-04 10:48:04 Loading main app package /usr/lib/obsidian/obsidian.asar
2025-02-04 10:48:04 Checking for update using Github
2025-02-04 10:48:10 Success.
2025-02-04 10:48:10 Latest version is 1.8.4
2025-02-04 10:48:10 App is up to date.
2025-02-04 10:49:24 Loading main app package /usr/lib/obsidian/obsidian.asar
2025-02-04 10:49:24 Checking for update using Github
2025-02-04 10:49:25 Success.
2025-02-04 10:49:25 Latest version is 1.8.4
2025-02-04 10:49:25 App is up to date.
2025-02-04 10:52:38 Loading main app package /usr/lib/obsidian/obsidian.asar
2025-02-04 10:52:38 Checking for update using Github
2025-02-04 10:52:38 Success.
2025-02-04 10:52:38 Latest version is 1.8.4
2025-02-04 10:52:38 App is up to date.
2025-02-04 11:52:38 Checking for update using Github
2025-02-04 11:52:44 Success.
2025-02-04 11:52:44 Latest version is 1.8.4
2025-02-04 11:52:44 App is up to date.
2025-02-04 13:45:20 Checking for update using Github
2025-02-04 13:45:28 Success.
2025-02-04 13:45:28 Latest version is 1.8.4
2025-02-04 13:45:28 App is up to date.
2025-02-04 14:56:08 Loading main app package /usr/lib/obsidian/obsidian.asar
2025-02-04 14:56:09 Checking for update using Github
2025-02-04 14:56:21 Success.
2025-02-04 14:56:21 Latest version is 1.8.4
2025-02-04 14:56:21 App is up to date.
2025-02-04 15:34:20 Loading main app package /usr/lib/obsidian/obsidian.asar
2025-02-04 15:34:21 Checking for update using Github
2025-02-04 15:34:30 Success.
2025-02-04 15:34:30 Latest version is 1.8.4
2025-02-04 15:34:30 App is up to date.
2025-02-04 15:46:46 Loading main app package /usr/lib/obsidian/obsidian.asar
2025-02-04 15:46:47 Checking for update using Github
2025-02-04 15:46:54 Success.
2025-02-04 15:46:54 Latest version is 1.8.4
2025-02-04 15:46:54 App is up to date.
2025-02-05 05:26:31 Loading main app package /usr/lib/obsidian/obsidian.asar
2025-02-05 05:26:32 Checking for update using Github
2025-02-05 05:26:32 Success.
2025-02-05 05:26:32 Latest version is 1.8.4
2025-02-05 05:26:32 App is up to date.
2025-02-05 07:25:25 Checking for update using Github
2025-02-05 07:26:02 Failed to check for update using Github (net::ERR_NAME_NOT_RESOLVED)
2025-02-05 07:26:02 Checking for update using obsidian.md
2025-02-05 07:26:27 Failed to check for update using obsidian.md (net::ERR_NAME_NOT_RESOLVED)
2025-02-05 08:04:27 Loading main app package /usr/lib/obsidian/obsidian.asar
2025-02-05 08:04:28 Checking for update using Github
2025-02-05 08:04:34 Success.
2025-02-05 08:04:34 Latest version is 1.8.4
2025-02-05 08:04:34 App is up to date.
2025-02-05 17:46:05 Loading main app package /usr/lib/obsidian/obsidian.asar
2025-02-05 17:46:05 Checking for update using Github
2025-02-05 17:46:06 Success.
2025-02-05 17:46:06 Latest version is 1.8.4
2025-02-05 17:46:06 App is up to date.
2025-02-05 19:12:21 Checking for update using Github
2025-02-05 19:12:21 Success.
2025-02-05 19:12:21 Latest version is 1.8.4
2025-02-05 19:12:21 App is up to date.
2025-02-06 06:59:25 Loading main app package /usr/lib/obsidian/obsidian.asar
2025-02-06 06:59:25 Checking for update using Github
2025-02-06 06:59:26 Failed to check for update using Github (net::ERR_INTERNET_DISCONNECTED)
2025-02-06 06:59:26 Checking for update using obsidian.md
2025-02-06 06:59:26 Failed to check for update using obsidian.md (net::ERR_INTERNET_DISCONNECTED)
2025-02-06 08:03:17 Loading main app package /usr/lib/obsidian/obsidian.asar
2025-02-06 08:03:17 Checking for update using Github
2025-02-06 08:03:17 Failed to check for update using Github (net::ERR_NAME_NOT_RESOLVED)
2025-02-06 08:03:17 Checking for update using obsidian.md
2025-02-06 08:03:17 Failed to check for update using obsidian.md (net::ERR_NAME_NOT_RESOLVED)
2025-02-06 09:03:17 Checking for update using Github
2025-02-06 09:03:17 Failed to check for update using Github (net::ERR_INTERNET_DISCONNECTED)
2025-02-06 09:03:17 Checking for update using obsidian.md
2025-02-06 09:03:17 Failed to check for update using obsidian.md (net::ERR_INTERNET_DISCONNECTED)
2025-02-06 09:07:34 Loading main app package /usr/lib/obsidian/obsidian.asar
2025-02-06 09:07:34 Checking for update using Github
2025-02-06 09:07:34 Failed to check for update using Github (net::ERR_INTERNET_DISCONNECTED)
2025-02-06 09:07:34 Checking for update using obsidian.md
2025-02-06 09:07:34 Failed to check for update using obsidian.md (net::ERR_INTERNET_DISCONNECTED)
2025-02-06 10:08:31 Checking for update using Github
2025-02-06 10:09:27 Failed to check for update using Github (net::ERR_NAME_NOT_RESOLVED)
2025-02-06 10:09:27 Checking for update using obsidian.md
2025-02-06 10:10:23 Failed to check for update using obsidian.md (net::ERR_NAME_NOT_RESOLVED)
2025-02-06 11:08:31 Checking for update using Github
2025-02-06 11:10:51 Success.
2025-02-06 11:10:51 Latest version is 1.8.4
2025-02-06 11:10:51 App is up to date.
2025-02-06 12:08:35 Checking for update using Github
2025-02-06 12:09:10 Failed to check for update using Github (net::ERR_INTERNET_DISCONNECTED)
2025-02-06 12:09:10 Checking for update using obsidian.md
2025-02-06 12:09:19 Failed to check for update using obsidian.md (net::ERR_INTERNET_DISCONNECTED)
2025-02-06 23:19:22 Loading main app package /usr/lib/obsidian/obsidian.asar
2025-02-06 23:19:22 Checking for update using Github
2025-02-06 23:19:22 Success.
2025-02-06 23:19:22 Latest version is 1.8.4
2025-02-06 23:19:22 App is up to date.
2025-02-07 10:02:19 Loading main app package /usr/lib/obsidian/obsidian.asar
2025-02-07 10:02:20 Checking for update using Github
2025-02-07 17:05:56 Loading main app package /usr/lib/obsidian/obsidian.asar
2025-02-07 17:05:57 Checking for update using Github
2025-02-07 17:05:57 Failed to check for update using Github (net::ERR_INTERNET_DISCONNECTED)
2025-02-07 17:05:57 Checking for update using obsidian.md
2025-02-07 17:05:57 Failed to check for update using obsidian.md (net::ERR_INTERNET_DISCONNECTED)
2025-02-07 19:46:29 Loading main app package /usr/lib/obsidian/obsidian.asar
2025-02-07 19:46:29 Checking for update using Github
2025-02-07 19:46:30 Success.
2025-02-07 19:46:30 Latest version is 1.8.4
2025-02-07 19:46:30 App is up to date.
2025-02-07 19:53:08 Loading main app package /usr/lib/obsidian/obsidian.asar
2025-02-07 19:53:08 Checking for update using Github
2025-02-07 19:53:08 Success.
2025-02-07 19:53:08 Latest version is 1.8.4
2025-02-07 19:53:08 App is up to date.
2025-02-07 23:01:02 Checking for update using Github
2025-02-07 23:01:03 Success.
2025-02-07 23:01:03 Latest version is 1.8.4
2025-02-07 23:01:03 App is up to date.
2025-02-08 00:22:48 Checking for update using Github
2025-02-08 00:22:49 Success.
2025-02-08 00:22:49 Latest version is 1.8.4
2025-02-08 00:22:49 App is up to date.
2025-02-08 08:10:53 Loading main app package /usr/lib/obsidian/obsidian.asar
2025-02-08 08:10:54 Checking for update using Github
2025-02-08 08:11:15 Failed to check for update using Github (net::ERR_NETWORK_CHANGED)
2025-02-08 08:11:15 Checking for update using obsidian.md
2025-02-08 08:11:15 Failed to check for update using obsidian.md (net::ERR_INTERNET_DISCONNECTED)
2025-02-08 09:10:53 Checking for update using Github
2025-02-08 09:11:12 Success.
2025-02-08 09:11:12 Latest version is 1.8.4
2025-02-08 09:11:12 App is up to date.
2025-02-09 13:10:11 Loading main app package /usr/lib/obsidian/obsidian.asar
2025-02-09 13:10:11 Checking for update using Github
2025-02-09 13:10:12 Success.
2025-02-09 13:10:12 Latest version is 1.8.4
2025-02-09 13:10:12 App is up to date.
2025-02-09 17:48:50 Loading main app package /usr/lib/obsidian/obsidian.asar
2025-02-09 17:48:50 Checking for update using Github
2025-02-09 17:48:51 Success.
2025-02-09 17:48:51 Latest version is 1.8.4
2025-02-09 17:48:51 App is up to date.
2025-02-09 18:51:13 Checking for update using Github
2025-02-09 18:51:13 Success.
2025-02-09 18:51:13 Latest version is 1.8.4
2025-02-09 18:51:13 App is up to date.
2025-02-09 19:42:50 Loading main app package /usr/lib/obsidian/obsidian.asar
2025-02-09 19:42:51 Checking for update using Github
2025-02-09 19:42:51 Failed to check for update using Github (net::ERR_INTERNET_DISCONNECTED)
2025-02-09 19:42:51 Checking for update using obsidian.md
2025-02-09 19:42:51 Failed to check for update using obsidian.md (net::ERR_INTERNET_DISCONNECTED)
2025-02-09 20:42:50 Checking for update using Github
2025-02-09 20:42:50 Success.
2025-02-09 20:42:50 Latest version is 1.8.4
2025-02-09 20:42:50 App is up to date.
2025-02-10 00:39:27 Checking for update using Github
2025-02-10 00:39:28 Success.
2025-02-10 00:39:28 Latest version is 1.8.4
2025-02-10 00:39:28 App is up to date.
2025-02-10 01:39:27 Checking for update using Github
2025-02-10 01:39:28 Success.
2025-02-10 01:39:28 Latest version is 1.8.4
2025-02-10 01:39:28 App is up to date.
2025-02-10 08:04:46 Checking for update using Github
2025-02-10 08:05:04 Success.
2025-02-10 08:05:04 Latest version is 1.8.4
2025-02-10 08:05:04 App is up to date.
2025-02-10 10:34:54 Checking for update using Github
2025-02-10 10:35:06 Success.
2025-02-10 10:35:06 Latest version is 1.8.4
2025-02-10 10:35:06 App is up to date.
2025-02-10 11:40:31 Checking for update using Github
2025-02-10 11:40:40 Success.
2025-02-10 11:40:40 Latest version is 1.8.4
2025-02-10 11:40:40 App is up to date.
2025-02-10 18:36:59 Loading main app package /usr/lib/obsidian/obsidian.asar
2025-02-10 18:37:00 Checking for update using Github
2025-02-10 18:37:00 Success.
2025-02-10 18:37:00 Latest version is 1.8.4
2025-02-10 18:37:00 App is up to date.
2025-02-10 19:37:00 Checking for update using Github
2025-02-10 19:37:01 Success.
2025-02-10 19:37:01 Latest version is 1.8.4
2025-02-10 19:37:01 App is up to date.
2025-02-10 21:47:07 Checking for update using Github
2025-02-10 21:47:08 Success.
2025-02-10 21:47:08 Latest version is 1.8.4
2025-02-10 21:47:08 App is up to date.
2025-02-11 07:30:58 Loading main app package /usr/lib/obsidian/obsidian.asar
2025-02-11 07:30:59 Checking for update using Github
2025-02-11 07:30:59 Failed to check for update using Github (net::ERR_NAME_NOT_RESOLVED)
2025-02-11 07:30:59 Checking for update using obsidian.md
2025-02-11 07:30:59 Failed to check for update using obsidian.md (net::ERR_NAME_NOT_RESOLVED)
2025-02-11 08:31:01 Checking for update using Github
2025-02-11 08:31:07 Success.
2025-02-11 08:31:07 Latest version is 1.8.4
2025-02-11 08:31:07 App is up to date.
2025-02-11 09:37:21 Checking for update using Github
2025-02-11 09:37:29 Success.
2025-02-11 09:37:29 Latest version is 1.8.4
2025-02-11 09:37:29 App is up to date.
2025-02-11 10:37:24 Checking for update using Github
2025-02-11 10:37:30 Success.
2025-02-11 10:37:30 Latest version is 1.8.4
2025-02-11 10:37:30 App is up to date.
2025-02-11 11:37:24 Checking for update using Github
2025-02-11 11:37:39 Success.
2025-02-11 11:37:39 Latest version is 1.8.4
2025-02-11 11:37:39 App is up to date.
2025-02-12 18:09:12 Loading main app package /usr/lib/obsidian/obsidian.asar
2025-02-12 18:09:13 Checking for update using Github
2025-02-12 18:09:13 Success.
2025-02-12 18:09:13 Latest version is 1.8.4
2025-02-12 18:09:13 App is up to date.
2025-02-12 19:09:13 Checking for update using Github
2025-02-12 19:09:13 Success.
2025-02-12 19:09:13 Latest version is 1.8.4
2025-02-12 19:09:13 App is up to date.
2025-02-12 20:11:04 Checking for update using Github
2025-02-12 20:11:04 Success.
2025-02-12 20:11:04 Latest version is 1.8.4
2025-02-12 20:11:04 App is up to date.
2025-02-12 23:25:59 Loading main app package /usr/lib/obsidian/obsidian.asar
2025-02-12 23:25:59 Checking for update using Github
2025-02-12 23:26:00 Success.
2025-02-12 23:26:00 Latest version is 1.8.4
2025-02-12 23:26:00 App is up to date.
2025-02-12 23:27:30 Loading main app package /usr/lib/obsidian/obsidian.asar
2025-02-12 23:27:31 Checking for update using Github
2025-02-12 23:27:31 Success.
2025-02-12 23:27:31 Latest version is 1.8.4
2025-02-12 23:27:31 App is up to date.
2025-02-13 07:32:02 Loading main app package /usr/lib/obsidian/obsidian.asar
2025-02-13 07:32:03 Checking for update using Github
2025-02-13 07:32:04 Success.
2025-02-13 07:32:04 Latest version is 1.8.4
2025-02-13 07:32:04 App is up to date.
2025-02-13 08:53:25 Loading main app package /usr/lib/obsidian/obsidian.asar
2025-02-13 08:53:25 Checking for update using Github
2025-02-13 08:53:32 Success.
2025-02-13 08:53:32 Latest version is 1.8.4
2025-02-13 08:53:32 App is up to date.
2025-02-13 09:53:25 Checking for update using Github
2025-02-13 09:53:26 Success.
2025-02-13 09:53:26 Latest version is 1.8.4
2025-02-13 09:53:26 App is up to date.
2025-02-13 10:53:25 Checking for update using Github
2025-02-13 10:54:04 Success.
2025-02-13 10:54:04 Latest version is 1.8.4
2025-02-13 10:54:04 App is up to date.
2025-02-13 12:25:41 Loading main app package /usr/lib/obsidian/obsidian.asar
2025-02-13 12:25:42 Checking for update using Github
2025-02-13 12:29:42 Failed to check for update using Github (net::ERR_TIMED_OUT)
2025-02-13 12:29:42 Checking for update using obsidian.md
2025-02-13 12:29:42 Failed to check for update using obsidian.md (net::ERR_DNS_NO_MATCHING_SUPPORTED_ALPN)
2025-02-13 18:52:16 Loading main app package /usr/lib/obsidian/obsidian.asar
2025-02-13 18:52:16 Checking for update using Github
2025-02-13 18:52:16 Success.
2025-02-13 18:52:16 Latest version is 1.8.4
2025-02-13 18:52:16 App is up to date.
2025-02-13 20:55:48 Checking for update using Github
2025-02-13 20:55:48 Success.
2025-02-13 20:55:48 Latest version is 1.8.4
2025-02-13 20:55:48 App is up to date.
2025-02-14 10:07:21 Loading main app package /usr/lib/obsidian/obsidian.asar
2025-02-14 10:07:22 Checking for update using Github
2025-02-14 10:07:23 Success.
2025-02-14 10:07:23 Latest version is 1.8.4
2025-02-14 10:07:23 App is up to date.
2025-02-14 11:07:22 Checking for update using Github
2025-02-14 11:09:56 Success.
2025-02-14 11:09:56 Latest version is 1.8.4
2025-02-14 11:09:56 App is up to date.
2025-02-14 12:07:23 Checking for update using Github
2025-02-14 12:11:23 Failed to check for update using Github (net::ERR_TIMED_OUT)
2025-02-14 12:11:23 Checking for update using obsidian.md
2025-02-14 12:11:33 Failed to check for update using obsidian.md (net::ERR_DNS_NO_MATCHING_SUPPORTED_ALPN)
2025-02-14 14:36:52 Checking for update using Github
2025-02-14 14:40:53 Failed to check for update using Github (net::ERR_TIMED_OUT)
2025-02-14 14:40:53 Checking for update using obsidian.md
2025-02-14 14:40:53 Failed to check for update using obsidian.md (net::ERR_TIMED_OUT)
2025-02-14 22:03:03 Loading main app package /usr/lib/obsidian/obsidian.asar
2025-02-14 22:03:03 Checking for update using Github
2025-02-14 22:03:04 Success.
2025-02-14 22:03:04 Latest version is 1.8.4
2025-02-14 22:03:04 App is up to date.
2025-02-15 19:59:30 Loading main app package /usr/lib/obsidian/obsidian.asar
2025-02-15 19:59:31 Checking for update using Github
2025-02-15 19:59:31 Success.
2025-02-15 19:59:31 Latest version is 1.8.4
2025-02-15 19:59:31 App is up to date.
2025-02-15 23:09:02 Loading main app package /usr/lib/obsidian/obsidian.asar
2025-02-15 23:09:02 Checking for update using Github
2025-02-15 23:09:03 Success.
2025-02-15 23:09:03 Latest version is 1.8.4
2025-02-15 23:09:03 App is up to date.
2025-02-17 07:37:23 Loading main app package /usr/lib/obsidian/obsidian.asar
2025-02-17 07:37:24 Checking for update using Github
2025-02-17 07:37:25 Success.
2025-02-17 07:37:25 Latest version is 1.8.4
2025-02-17 07:37:25 App is up to date.
2025-02-17 09:24:18 Loading main app package /usr/lib/obsidian/obsidian.asar
2025-02-17 09:24:18 Checking for update using Github
2025-02-17 09:24:20 Success.
2025-02-17 09:24:20 Latest version is 1.8.4
2025-02-17 09:24:20 App is up to date.
2025-02-17 10:14:56 Loading main app package /usr/lib/obsidian/obsidian.asar
2025-02-17 10:14:56 Checking for update using Github
2025-02-17 10:15:03 Success.
2025-02-17 10:15:03 Latest version is 1.8.4
2025-02-17 10:15:03 App is up to date.
2025-02-17 10:22:23 Loading main app package /usr/lib/obsidian/obsidian.asar
2025-02-17 10:22:24 Checking for update using Github
2025-02-17 10:22:27 Success.
2025-02-17 10:22:27 Latest version is 1.8.4
2025-02-17 10:22:27 App is up to date.
2025-02-17 10:24:51 Loading main app package /usr/lib/obsidian/obsidian.asar
2025-02-17 10:24:51 Checking for update using Github
2025-02-17 10:24:51 Success.
2025-02-17 10:24:51 Latest version is 1.8.4
2025-02-17 10:24:51 App is up to date.
2025-02-17 11:24:51 Checking for update using Github
2025-02-17 11:27:16 Success.
2025-02-17 11:27:16 Latest version is 1.8.4
2025-02-17 11:27:16 App is up to date.
2025-02-17 14:19:41 Checking for update using Github
2025-02-17 14:19:41 Failed to check for update using Github (net::ERR_INTERNET_DISCONNECTED)
2025-02-17 14:19:41 Checking for update using obsidian.md
2025-02-17 14:19:41 Failed to check for update using obsidian.md (net::ERR_INTERNET_DISCONNECTED)
2025-02-18 08:11:26 Loading main app package /usr/lib/obsidian/obsidian.asar
2025-02-18 08:11:27 Checking for update using Github
2025-02-18 08:12:50 Failed to check for update using Github (net::ERR_TIMED_OUT)
2025-02-18 08:12:50 Checking for update using obsidian.md
2025-02-18 08:17:43 Failed to check for update using obsidian.md (Unexpected end of JSON input)
2025-02-18 09:30:12 Loading main app package /usr/lib/obsidian/obsidian.asar
2025-02-18 09:30:12 Checking for update using Github
2025-02-18 09:30:49 Success.
2025-02-18 09:30:49 Latest version is 1.8.4
2025-02-18 09:30:49 App is up to date.
2025-02-18 11:01:16 Checking for update using Github
2025-02-18 11:01:58 Success.
2025-02-18 11:01:58 Latest version is 1.8.4
2025-02-18 11:01:58 App is up to date.
2025-02-18 12:01:17 Checking for update using Github
2025-02-18 12:01:27 Success.
2025-02-18 12:01:27 Latest version is 1.8.4
2025-02-18 12:01:27 App is up to date.
2025-02-18 14:52:34 Loading main app package /usr/lib/obsidian/obsidian.asar
2025-02-18 14:52:35 Checking for update using Github
2025-02-18 14:52:35 Success.
2025-02-18 14:52:35 Latest version is 1.8.7
2025-02-18 14:52:35 Downloading update from https://github.com/obsidianmd/obsidian-releases/releases/download/v1.8.7/obsidian-1.8.7.asar.gz
2025-02-18 14:52:38 Verifying hash & signature. Size= 8128038
2025-02-18 14:52:38 Saving file
2025-02-18 14:52:38 Update complete.
2025-02-18 15:55:46 Checking for update using Github
2025-02-18 15:55:47 Success.
2025-02-18 15:55:47 Latest version is 1.8.7
2025-02-18 15:55:47 An update is already downloaded.
2025-02-18 16:55:47 Checking for update using Github
2025-02-18 16:55:47 Success.
2025-02-18 16:55:47 Latest version is 1.8.7
2025-02-18 16:55:47 An update is already downloaded.
2025-02-18 17:03:19 Loading updated app package /home/credo/.config/obsidian/obsidian-1.8.7.asar
2025-02-18 17:03:19 Checking for update using Github
2025-02-18 17:03:19 Success.
2025-02-18 17:03:19 Latest version is 1.8.7
2025-02-18 17:03:19 App is up to date.
2025-02-18 18:39:26 Checking for update using Github
2025-02-18 18:39:26 Success.
2025-02-18 18:39:26 Latest version is 1.8.7
2025-02-18 18:39:26 App is up to date.
2025-02-18 21:15:05 Checking for update using Github
2025-02-18 21:15:06 Success.
2025-02-18 21:15:06 Latest version is 1.8.7
2025-02-18 21:15:06 App is up to date.
2025-02-18 22:50:58 Checking for update using Github
2025-02-18 22:50:58 Success.
2025-02-18 22:50:58 Latest version is 1.8.7
2025-02-18 22:50:58 App is up to date.
2025-02-19 12:02:35 Loading updated app package /home/credo/.config/obsidian/obsidian-1.8.7.asar
2025-02-19 12:02:36 Checking for update using Github
2025-02-19 12:02:36 Success.
2025-02-19 12:02:36 Latest version is 1.8.7
2025-02-19 12:02:36 App is up to date.
2025-02-20 07:06:06 Loading updated app package /home/credo/.config/obsidian/obsidian-1.8.7.asar
2025-02-20 07:06:07 Checking for update using Github
2025-02-20 07:06:07 Failed to check for update using Github (net::ERR_NAME_NOT_RESOLVED)
2025-02-20 07:06:07 Checking for update using obsidian.md
2025-02-20 07:06:07 Failed to check for update using obsidian.md (net::ERR_NAME_NOT_RESOLVED)
2025-02-20 08:37:19 Checking for update using Github
2025-02-20 08:39:29 Success.
2025-02-20 08:39:29 Latest version is 1.8.7
2025-02-20 08:39:29 App is up to date.
2025-02-20 09:39:55 Checking for update using Github
2025-02-20 09:40:00 Success.
2025-02-20 09:40:00 Latest version is 1.8.7
2025-02-20 09:40:00 App is up to date.
2025-02-20 10:53:21 Checking for update using Github
2025-02-20 10:53:21 Failed to check for update using Github (net::ERR_INTERNET_DISCONNECTED)
2025-02-20 10:53:21 Checking for update using obsidian.md
2025-02-20 10:53:21 Failed to check for update using obsidian.md (net::ERR_INTERNET_DISCONNECTED)
2025-02-20 11:53:21 Checking for update using Github
2025-02-20 11:53:21 Failed to check for update using Github (net::ERR_INTERNET_DISCONNECTED)
2025-02-20 11:53:21 Checking for update using obsidian.md
2025-02-20 11:53:21 Failed to check for update using obsidian.md (net::ERR_INTERNET_DISCONNECTED)
2025-02-21 18:17:47 Loading updated app package /home/credo/.config/obsidian/obsidian-1.8.7.asar
2025-02-21 18:17:48 Checking for update using Github
2025-02-21 18:17:49 Success.
2025-02-21 18:17:49 Latest version is 1.8.7
2025-02-21 18:17:49 App is up to date.
2025-02-21 19:17:47 Checking for update using Github
2025-02-21 19:17:48 Success.
2025-02-21 19:17:48 Latest version is 1.8.7
2025-02-21 19:17:48 App is up to date.
2025-02-21 20:17:47 Checking for update using Github
2025-02-21 20:17:48 Success.
2025-02-21 20:17:48 Latest version is 1.8.7
2025-02-21 20:17:48 App is up to date.
2025-02-21 21:17:47 Checking for update using Github
2025-02-21 21:17:48 Success.
2025-02-21 21:17:48 Latest version is 1.8.7
2025-02-21 21:17:48 App is up to date.
2025-02-24 23:07:53 Loading main app package /usr/lib/obsidian/obsidian.asar
2025-02-24 23:07:53 Checking for update using Github
2025-02-24 23:07:54 Success.
2025-02-24 23:07:54 Latest version is 1.8.7
2025-02-24 23:07:54 App is up to date.
2025-02-24 23:16:16 Loading main app package /usr/lib/obsidian/obsidian.asar
2025-02-24 23:16:17 Checking for update using Github
2025-02-24 23:16:17 Success.
2025-02-24 23:16:17 Latest version is 1.8.7
2025-02-24 23:16:17 App is up to date.
2025-02-26 13:35:36 Loading main app package /usr/lib/obsidian/obsidian.asar
2025-02-26 13:35:36 Checking for update using Github
2025-02-26 13:35:37 Success.
2025-02-26 13:35:37 Latest version is 1.8.7
2025-02-26 13:35:37 App is up to date.
2025-02-26 17:18:25 Checking for update using Github
2025-02-26 17:18:25 Success.
2025-02-26 17:18:25 Latest version is 1.8.7
2025-02-26 17:18:25 App is up to date.
2025-02-26 18:18:43 Checking for update using Github
2025-02-26 18:18:43 Success.
2025-02-26 18:18:43 Latest version is 1.8.7
2025-02-26 18:18:43 App is up to date.
2025-02-26 19:18:43 Checking for update using Github
2025-02-26 19:18:43 Success.
2025-02-26 19:18:43 Latest version is 1.8.7
2025-02-26 19:18:43 App is up to date.
2025-02-26 20:21:02 Checking for update using Github
2025-02-26 20:21:02 Success.
2025-02-26 20:21:02 Latest version is 1.8.7
2025-02-26 20:21:02 App is up to date.
2025-02-26 22:52:26 Checking for update using Github
2025-02-26 22:52:26 Success.
2025-02-26 22:52:26 Latest version is 1.8.7
2025-02-26 22:52:26 App is up to date.
2025-02-26 23:52:26 Checking for update using Github
2025-02-26 23:52:27 Success.
2025-02-26 23:52:27 Latest version is 1.8.7
2025-02-26 23:52:27 App is up to date.
2025-02-27 11:55:47 Loading main app package /usr/lib/obsidian/obsidian.asar
2025-02-27 11:55:48 Checking for update using Github
2025-02-27 11:55:48 Success.
2025-02-27 11:55:48 Latest version is 1.8.7
2025-02-27 11:55:48 App is up to date.
2025-02-27 13:11:55 Checking for update using Github
2025-02-27 13:11:55 Success.
2025-02-27 13:11:55 Latest version is 1.8.7
2025-02-27 13:11:55 App is up to date.
2025-02-27 17:00:58 Loading main app package /usr/lib/obsidian/obsidian.asar
2025-02-27 17:00:59 Checking for update using Github
2025-02-27 17:00:59 Success.
2025-02-27 17:00:59 Latest version is 1.8.7
2025-02-27 17:00:59 App is up to date.
2025-02-27 18:00:58 Checking for update using Github
2025-02-27 18:00:58 Success.
2025-02-27 18:00:58 Latest version is 1.8.7
2025-02-27 18:00:58 App is up to date.
2025-02-27 18:48:06 Loading main app package /usr/lib/obsidian/obsidian.asar
2025-02-27 18:48:07 Checking for update using Github
2025-02-27 18:48:07 Success.
2025-02-27 18:48:07 Latest version is 1.8.7
2025-02-27 18:48:07 App is up to date.
2025-02-27 19:48:06 Checking for update using Github
2025-02-27 19:48:06 Success.
2025-02-27 19:48:06 Latest version is 1.8.7
2025-02-27 19:48:06 App is up to date.
2025-02-27 20:48:06 Checking for update using Github
2025-02-27 20:48:07 Success.
2025-02-27 20:48:07 Latest version is 1.8.7
2025-02-27 20:48:07 App is up to date.
2025-02-27 23:45:41 Checking for update using Github
2025-02-27 23:45:41 Success.
2025-02-27 23:45:41 Latest version is 1.8.7
2025-02-27 23:45:41 App is up to date.
2025-02-28 01:01:58 Loading main app package /usr/lib/obsidian/obsidian.asar
2025-02-28 01:01:59 Checking for update using Github
2025-02-28 01:01:59 Success.
2025-02-28 01:01:59 Latest version is 1.8.7
2025-02-28 01:01:59 App is up to date.
2025-02-28 17:27:29 Loading main app package /usr/lib/obsidian/obsidian.asar
2025-02-28 17:27:29 Checking for update using Github
2025-02-28 17:27:30 Success.
2025-02-28 17:27:30 Latest version is 1.8.7
2025-02-28 17:27:30 App is up to date.
2025-02-28 19:01:07 Checking for update using Github
2025-02-28 19:01:07 Success.
2025-02-28 19:01:07 Latest version is 1.8.7
2025-02-28 19:01:07 App is up to date.
2025-02-28 20:01:07 Checking for update using Github
2025-02-28 20:01:07 Success.
2025-02-28 20:01:07 Latest version is 1.8.7
2025-02-28 20:01:07 App is up to date.
2025-03-01 13:10:49 Loading main app package /usr/lib/obsidian/obsidian.asar
2025-03-01 13:10:49 Checking for update using Github
2025-03-01 13:10:50 Success.
2025-03-01 13:10:50 Latest version is 1.8.7
2025-03-01 13:10:50 App is up to date.
2025-03-01 15:36:12 Checking for update using Github
2025-03-01 15:36:12 Success.
2025-03-01 15:36:12 Latest version is 1.8.7
2025-03-01 15:36:12 App is up to date.
2025-03-01 16:36:12 Checking for update using Github
2025-03-01 16:36:12 Success.
2025-03-01 16:36:12 Latest version is 1.8.7
2025-03-01 16:36:12 App is up to date.
2025-03-01 17:36:12 Checking for update using Github
2025-03-01 17:36:12 Success.
2025-03-01 17:36:12 Latest version is 1.8.7
2025-03-01 17:36:12 App is up to date.
2025-03-01 18:36:12 Checking for update using Github
2025-03-01 18:36:12 Success.
2025-03-01 18:36:12 Latest version is 1.8.7
2025-03-01 18:36:12 App is up to date.
2025-03-01 22:34:57 Checking for update using Github
2025-03-01 22:34:57 Success.
2025-03-01 22:34:57 Latest version is 1.8.7
2025-03-01 22:34:57 App is up to date.
2025-03-01 22:37:24 Loading main app package /usr/lib/obsidian/obsidian.asar
2025-03-01 22:37:24 Checking for update using Github
2025-03-01 22:37:24 Success.
2025-03-01 22:37:24 Latest version is 1.8.7
2025-03-01 22:37:24 App is up to date.
2025-03-02 00:02:38 Checking for update using Github
2025-03-02 00:02:38 Success.
2025-03-02 00:02:38 Latest version is 1.8.7
2025-03-02 00:02:38 App is up to date.
2025-03-02 01:05:06 Checking for update using Github
2025-03-02 01:05:07 Success.
2025-03-02 01:05:07 Latest version is 1.8.7
2025-03-02 01:05:07 App is up to date.
2025-03-02 02:05:06 Checking for update using Github
2025-03-02 02:05:07 Success.
2025-03-02 02:05:07 Latest version is 1.8.7
2025-03-02 02:05:07 App is up to date.
2025-03-02 16:37:06 Loading main app package /usr/lib/obsidian/obsidian.asar
2025-03-02 16:37:06 Checking for update using Github
2025-03-02 16:37:07 Success.
2025-03-02 16:37:07 Latest version is 1.8.7
2025-03-02 16:37:07 App is up to date.
2025-03-02 17:37:06 Checking for update using Github
2025-03-02 17:37:06 Success.
2025-03-02 17:37:06 Latest version is 1.8.7
2025-03-02 17:37:06 App is up to date.
2025-03-02 18:37:06 Checking for update using Github
2025-03-02 18:37:06 Success.
2025-03-02 18:37:06 Latest version is 1.8.7
2025-03-02 18:37:06 App is up to date.
2025-03-02 19:23:08 Loading main app package /usr/lib/obsidian/obsidian.asar
2025-03-02 19:23:09 Checking for update using Github
2025-03-02 19:23:09 Success.
2025-03-02 19:23:09 Latest version is 1.8.7
2025-03-02 19:23:09 App is up to date.
2025-03-03 04:03:18 Loading main app package /usr/lib/obsidian/obsidian.asar
2025-03-03 04:03:19 Checking for update using Github
2025-03-03 04:03:19 Success.
2025-03-03 04:03:19 Latest version is 1.8.7
2025-03-03 04:03:19 App is up to date.
2025-03-03 05:03:18 Checking for update using Github
2025-03-03 05:03:18 Success.
2025-03-03 05:03:18 Latest version is 1.8.7
2025-03-03 05:03:18 App is up to date.
2025-03-03 15:30:56 Checking for update using Github
2025-03-03 15:30:56 Success.
2025-03-03 15:30:56 Latest version is 1.8.7
2025-03-03 15:30:56 App is up to date.
2025-03-03 18:22:56 Checking for update using Github
2025-03-03 18:22:56 Success.
2025-03-03 18:22:56 Latest version is 1.8.7
2025-03-03 18:22:56 App is up to date.
2025-03-03 19:23:07 Checking for update using Github
2025-03-03 19:23:08 Success.
2025-03-03 19:23:08 Latest version is 1.8.7
2025-03-03 19:23:08 App is up to date.
2025-03-03 20:25:29 Checking for update using Github
2025-03-03 20:25:29 Success.
2025-03-03 20:25:29 Latest version is 1.8.7
2025-03-03 20:25:29 App is up to date.
2025-03-03 23:02:52 Loading main app package /usr/lib/obsidian/obsidian.asar
2025-03-03 23:02:53 Checking for update using Github
2025-03-03 23:02:53 Success.
2025-03-03 23:02:53 Latest version is 1.8.7
2025-03-03 23:02:53 App is up to date.
2025-03-04 00:04:11 Checking for update using Github
2025-03-04 00:04:12 Success.
2025-03-04 00:04:12 Latest version is 1.8.7
2025-03-04 00:04:12 App is up to date.
2025-03-04 09:37:42 Checking for update using Github
2025-03-04 09:38:14 Failed to check for update using Github (net::ERR_INTERNET_DISCONNECTED)
2025-03-04 09:38:14 Checking for update using obsidian.md
2025-03-04 09:38:16 Failed to check for update using obsidian.md (net::ERR_INTERNET_DISCONNECTED)
2025-03-04 16:22:30 Checking for update using Github
2025-03-04 16:22:30 Success.
2025-03-04 16:22:30 Latest version is 1.8.7
2025-03-04 16:22:30 App is up to date.
2025-03-04 18:33:33 Loading main app package /usr/lib/obsidian/obsidian.asar
2025-03-04 18:33:33 Checking for update using Github
2025-03-04 18:33:34 Success.
2025-03-04 18:33:34 Latest version is 1.8.7
2025-03-04 18:33:34 App is up to date.
2025-03-04 19:25:14 Loading main app package /usr/lib/obsidian/obsidian.asar
2025-03-04 19:25:14 Checking for update using Github
2025-03-04 19:25:15 Success.
2025-03-04 19:25:15 Latest version is 1.8.7
2025-03-04 19:25:15 App is up to date.
2025-03-04 20:25:14 Checking for update using Github
2025-03-04 20:25:14 Success.
2025-03-04 20:25:14 Latest version is 1.8.7
2025-03-04 20:25:14 App is up to date.
2025-03-05 03:30:50 Loading main app package /usr/lib/obsidian/obsidian.asar
2025-03-05 03:30:50 Checking for update using Github
2025-03-05 03:30:50 Success.
2025-03-05 03:30:50 Latest version is 1.8.7
2025-03-05 03:30:50 App is up to date.
2025-03-05 04:31:24 Checking for update using Github
2025-03-05 04:31:25 Success.
2025-03-05 04:31:25 Latest version is 1.8.7
2025-03-05 04:31:25 App is up to date.
2025-03-05 09:47:35 Checking for update using Github
2025-03-05 09:47:35 Failed to check for update using Github (net::ERR_NAME_NOT_RESOLVED)
2025-03-05 09:47:35 Checking for update using obsidian.md
2025-03-05 09:47:35 Failed to check for update using obsidian.md (net::ERR_NAME_NOT_RESOLVED)
2025-03-05 17:58:14 Checking for update using Github
2025-03-05 17:58:15 Success.
2025-03-05 17:58:15 Latest version is 1.8.9
2025-03-05 17:58:15 Downloading update from https://github.com/obsidianmd/obsidian-releases/releases/download/v1.8.9/obsidian-1.8.9.asar.gz
2025-03-05 17:58:18 Verifying hash & signature. Size= 8125625
2025-03-05 17:58:18 Saving file
2025-03-05 17:58:18 Update complete.
2025-03-05 18:47:24 Loading updated app package /home/credo/.config/obsidian/obsidian-1.8.9.asar
2025-03-05 18:47:25 Checking for update using Github
2025-03-05 18:47:25 Success.
2025-03-05 18:47:25 Latest version is 1.8.9
2025-03-05 18:47:25 App is up to date.
2025-03-05 21:04:55 Checking for update using Github
2025-03-05 21:04:56 Success.
2025-03-05 21:04:56 Latest version is 1.8.9
2025-03-05 21:04:56 App is up to date.
2025-03-06 04:37:24 Checking for update using Github
2025-03-06 04:37:24 Success.
2025-03-06 04:37:24 Latest version is 1.8.9
2025-03-06 04:37:24 App is up to date.
2025-03-06 16:21:43 Loading updated app package /home/credo/.config/obsidian/obsidian-1.8.9.asar
2025-03-06 16:21:44 Checking for update using Github
2025-03-06 16:21:44 Success.
2025-03-06 16:21:44 Latest version is 1.8.9
2025-03-06 16:21:44 App is up to date.
2025-03-06 16:37:12 Loading updated app package /home/credo/.config/obsidian/obsidian-1.8.9.asar
2025-03-06 16:37:13 Checking for update using Github
2025-03-06 16:37:13 Success.
2025-03-06 16:37:13 Latest version is 1.8.9
2025-03-06 16:37:13 App is up to date.
2025-03-06 17:03:36 Loading updated app package /home/credo/.config/obsidian/obsidian-1.8.9.asar
2025-03-06 17:03:37 Checking for update using Github
2025-03-06 17:03:38 Success.
2025-03-06 17:03:38 Latest version is 1.8.9
2025-03-06 17:03:38 App is up to date.
2025-03-06 18:03:36 Checking for update using Github
2025-03-06 18:03:56 Success.
2025-03-06 18:03:56 Latest version is 1.8.9
2025-03-06 18:03:56 App is up to date.
2025-03-06 19:12:39 Checking for update using Github
2025-03-06 19:12:39 Failed to check for update using Github (net::ERR_INTERNET_DISCONNECTED)
2025-03-06 19:12:39 Checking for update using obsidian.md
2025-03-06 19:12:39 Failed to check for update using obsidian.md (net::ERR_INTERNET_DISCONNECTED)
2025-03-06 20:12:39 Checking for update using Github
2025-03-06 20:12:40 Success.
2025-03-06 20:12:40 Latest version is 1.8.9
2025-03-06 20:12:40 App is up to date.
2025-03-06 21:44:33 Checking for update using Github
2025-03-06 21:44:38 Success.
2025-03-06 21:44:38 Latest version is 1.8.9
2025-03-06 21:44:38 App is up to date.
2025-03-07 04:39:51 Checking for update using Github
2025-03-07 04:39:51 Success.
2025-03-07 04:39:51 Latest version is 1.8.9
2025-03-07 04:39:51 App is up to date.
2025-03-07 09:39:16 Checking for update using Github
2025-03-07 09:39:16 Failed to check for update using Github (net::ERR_INTERNET_DISCONNECTED)
2025-03-07 09:39:16 Checking for update using obsidian.md
2025-03-07 09:39:16 Failed to check for update using obsidian.md (net::ERR_INTERNET_DISCONNECTED)
2025-03-07 09:41:46 Loading updated app package /home/credo/.config/obsidian/obsidian-1.8.9.asar
2025-03-07 09:41:47 Checking for update using Github
2025-03-07 09:41:55 Success.
2025-03-07 09:41:55 Latest version is 1.8.9
2025-03-07 09:41:55 App is up to date.
2025-03-07 17:31:32 Loading updated app package /home/credo/.config/obsidian/obsidian-1.8.9.asar
2025-03-07 17:31:33 Checking for update using Github
2025-03-07 17:31:33 Success.
2025-03-07 17:31:33 Latest version is 1.8.9
2025-03-07 17:31:33 App is up to date.
2025-03-10 07:17:24 Loading updated app package /home/credo/.config/obsidian/obsidian-1.8.9.asar
2025-03-10 07:17:25 Checking for update using Github
2025-03-10 07:17:29 Failed to check for update using Github (net::ERR_INTERNET_DISCONNECTED)
2025-03-10 07:17:29 Checking for update using obsidian.md
2025-03-10 07:17:29 Failed to check for update using obsidian.md (net::ERR_INTERNET_DISCONNECTED)
2025-03-10 08:17:25 Checking for update using Github
2025-03-10 08:35:24 Loading updated app package /home/credo/.config/obsidian/obsidian-1.8.9.asar
2025-03-10 08:35:24 Checking for update using Github
2025-03-10 08:45:08 Loading updated app package /home/credo/.config/obsidian/obsidian-1.8.9.asar
2025-03-10 08:45:08 Checking for update using Github
2025-03-10 08:45:20 Success.
2025-03-10 08:45:20 Latest version is 1.8.9
2025-03-10 08:45:20 App is up to date.
2025-03-10 09:04:22 Loading updated app package /home/credo/.config/obsidian/obsidian-1.8.9.asar
2025-03-10 09:04:22 Checking for update using Github
2025-03-10 09:05:03 Success.
2025-03-10 09:05:03 Latest version is 1.8.9
2025-03-10 09:05:03 App is up to date.
2025-03-10 10:05:28 Loading updated app package /home/credo/.config/obsidian/obsidian-1.8.9.asar
2025-03-10 10:05:28 Checking for update using Github
2025-03-10 10:05:28 Failed to check for update using Github (net::ERR_NAME_NOT_RESOLVED)
2025-03-10 10:05:28 Checking for update using obsidian.md
2025-03-10 10:05:28 Failed to check for update using obsidian.md (net::ERR_NAME_NOT_RESOLVED)
2025-03-10 10:09:34 Loading updated app package /home/credo/.config/obsidian/obsidian-1.8.9.asar
2025-03-10 10:09:35 Checking for update using Github
2025-03-10 10:09:35 Failed to check for update using Github (net::ERR_NAME_NOT_RESOLVED)
2025-03-10 10:09:35 Checking for update using obsidian.md
2025-03-10 10:09:35 Failed to check for update using obsidian.md (net::ERR_NAME_NOT_RESOLVED)
2025-03-10 10:42:50 Loading updated app package /home/credo/.config/obsidian/obsidian-1.8.9.asar
2025-03-10 10:42:51 Checking for update using Github
2025-03-10 10:42:51 Failed to check for update using Github (net::ERR_INTERNET_DISCONNECTED)
2025-03-10 10:42:51 Checking for update using obsidian.md
2025-03-10 10:42:51 Failed to check for update using obsidian.md (net::ERR_INTERNET_DISCONNECTED)
2025-03-10 11:42:49 Checking for update using Github
2025-03-10 11:42:49 Failed to check for update using Github (net::ERR_INTERNET_DISCONNECTED)
2025-03-10 11:42:49 Checking for update using obsidian.md
2025-03-10 11:42:49 Failed to check for update using obsidian.md (net::ERR_INTERNET_DISCONNECTED)
2025-03-10 18:18:06 Loading updated app package /home/credo/.config/obsidian/obsidian-1.8.9.asar
2025-03-10 18:18:07 Checking for update using Github
2025-03-10 18:18:07 Success.
2025-03-10 18:18:07 Latest version is 1.8.9
2025-03-10 18:18:07 App is up to date.
2025-03-10 18:41:12 Loading updated app package /home/credo/.config/obsidian/obsidian-1.8.9.asar
2025-03-10 18:41:13 Checking for update using Github
2025-03-10 18:41:13 Success.
2025-03-10 18:41:13 Latest version is 1.8.9
2025-03-10 18:41:13 App is up to date.
2025-03-10 19:26:49 Loading updated app package /home/credo/.config/obsidian/obsidian-1.8.9.asar
2025-03-10 19:26:50 Checking for update using Github
2025-03-10 19:26:50 Success.
2025-03-10 19:26:50 Latest version is 1.8.9
2025-03-10 19:26:50 App is up to date.
2025-03-10 20:55:53 Loading updated app package /home/credo/.config/obsidian/obsidian-1.8.9.asar
2025-03-10 20:55:53 Checking for update using Github
2025-03-10 20:55:54 Success.
2025-03-10 20:55:54 Latest version is 1.8.9
2025-03-10 20:55:54 App is up to date.
2025-03-10 21:58:31 Checking for update using Github
2025-03-10 21:58:32 Success.
2025-03-10 21:58:32 Latest version is 1.8.9
2025-03-10 21:58:32 App is up to date.
2025-03-11 07:33:36 Loading updated app package /home/credo/.config/obsidian/obsidian-1.8.9.asar
2025-03-11 07:33:37 Checking for update using Github
2025-03-11 07:34:11 Success.
2025-03-11 07:34:11 Latest version is 1.8.9
2025-03-11 07:34:11 App is up to date.
2025-03-11 07:41:14 Loading updated app package /home/credo/.config/obsidian/obsidian-1.8.9.asar
2025-03-11 07:41:14 Checking for update using Github
2025-03-11 07:41:33 Success.
2025-03-11 07:41:33 Latest version is 1.8.9
2025-03-11 07:41:33 App is up to date.
2025-03-11 08:41:54 Checking for update using Github
2025-03-11 08:42:35 Success.
2025-03-11 08:42:35 Latest version is 1.8.9
2025-03-11 08:42:35 App is up to date.
2025-03-11 10:12:22 Loading updated app package /home/credo/.config/obsidian/obsidian-1.8.9.asar
2025-03-11 10:12:22 Checking for update using Github
2025-03-11 10:13:02 Failed to check for update using Github (net::ERR_TIMED_OUT)
2025-03-11 10:13:02 Checking for update using obsidian.md
2025-03-11 10:13:32 Failed to check for update using obsidian.md (net::ERR_TIMED_OUT)
2025-03-11 10:25:09 Loading updated app package /home/credo/.config/obsidian/obsidian-1.8.9.asar
2025-03-11 10:25:10 Checking for update using Github
2025-03-11 10:25:20 Success.
2025-03-11 10:25:20 Latest version is 1.8.9
2025-03-11 10:25:20 App is up to date.
2025-03-11 10:26:45 Loading updated app package /home/credo/.config/obsidian/obsidian-1.8.9.asar
2025-03-11 10:26:46 Checking for update using Github
2025-03-11 10:26:46 Success.
2025-03-11 10:26:46 Latest version is 1.8.9
2025-03-11 10:26:46 App is up to date.
2025-03-11 10:48:27 Loading updated app package /home/credo/.config/obsidian/obsidian-1.8.9.asar
2025-03-11 10:48:28 Checking for update using Github
2025-03-11 10:48:38 Success.
2025-03-11 10:48:38 Latest version is 1.8.9
2025-03-11 10:48:38 App is up to date.
2025-03-11 11:47:02 Loading updated app package /home/credo/.config/obsidian/obsidian-1.8.9.asar
2025-03-11 11:47:03 Checking for update using Github
2025-03-11 11:47:13 Success.
2025-03-11 11:47:13 Latest version is 1.8.9
2025-03-11 11:47:13 App is up to date.
2025-03-11 11:51:08 Loading updated app package /home/credo/.config/obsidian/obsidian-1.8.9.asar
2025-03-11 11:51:08 Checking for update using Github
2025-03-11 11:51:08 Success.
2025-03-11 11:51:08 Latest version is 1.8.9
2025-03-11 11:51:08 App is up to date.
2025-03-11 14:51:29 Loading updated app package /home/credo/.config/obsidian/obsidian-1.8.9.asar
2025-03-11 14:51:29 Checking for update using Github
2025-03-11 14:51:30 Success.
2025-03-11 14:51:30 Latest version is 1.8.9
2025-03-11 14:51:30 App is up to date.
2025-03-11 17:45:04 Loading main app package /usr/lib/obsidian/obsidian.asar
2025-03-11 17:45:04 Checking for update using Github
2025-03-11 17:45:05 Success.
2025-03-11 17:45:05 Latest version is 1.8.9
2025-03-11 17:45:05 App is up to date.
2025-03-11 21:23:40 Loading main app package /usr/lib/obsidian/obsidian.asar
2025-03-11 21:23:41 Checking for update using Github
2025-03-11 21:23:43 Success.
2025-03-11 21:23:43 Latest version is 1.8.9
2025-03-11 21:23:43 App is up to date.
2025-03-12 07:58:09 Loading main app package /usr/lib/obsidian/obsidian.asar
2025-03-12 07:58:09 Checking for update using Github
2025-03-12 07:58:56 Failed to check for update using Github (net::ERR_TIMED_OUT)
2025-03-12 07:58:56 Checking for update using obsidian.md
2025-03-12 07:59:18 Failed to check for update using obsidian.md (net::ERR_INTERNET_DISCONNECTED)
2025-03-12 08:58:09 Checking for update using Github
2025-03-12 08:58:37 Success.
2025-03-12 08:58:37 Latest version is 1.8.9
2025-03-12 08:58:37 App is up to date.
2025-03-12 10:14:22 Loading main app package /usr/lib/obsidian/obsidian.asar
2025-03-12 10:14:23 Checking for update using Github
2025-03-12 10:14:23 Failed to check for update using Github (net::ERR_INTERNET_DISCONNECTED)
2025-03-12 10:14:23 Checking for update using obsidian.md
2025-03-12 10:14:23 Failed to check for update using obsidian.md (net::ERR_INTERNET_DISCONNECTED)
2025-03-12 11:14:24 Checking for update using Github
2025-03-12 11:14:30 Success.
2025-03-12 11:14:30 Latest version is 1.8.9
2025-03-12 11:14:30 App is up to date.
2025-03-12 13:05:54 Loading main app package /usr/lib/obsidian/obsidian.asar
2025-03-12 13:05:55 Checking for update using Github
2025-03-12 13:06:12 Success.
2025-03-12 13:06:12 Latest version is 1.8.9
2025-03-12 13:06:12 App is up to date.
2025-03-12 14:05:56 Checking for update using Github
2025-03-12 14:06:02 Success.
2025-03-12 14:06:02 Latest version is 1.8.9
2025-03-12 14:06:02 App is up to date.
2025-03-12 18:44:43 Loading main app package /usr/lib/obsidian/obsidian.asar
2025-03-12 18:44:44 Checking for update using Github
2025-03-12 18:44:44 Failed to check for update using Github (net::ERR_NAME_NOT_RESOLVED)
2025-03-12 18:44:44 Checking for update using obsidian.md
2025-03-12 18:44:44 Failed to check for update using obsidian.md (net::ERR_NETWORK_CHANGED)
2025-03-12 19:44:44 Checking for update using Github
2025-03-12 19:44:44 Success.
2025-03-12 19:44:44 Latest version is 1.8.9
2025-03-12 19:44:44 App is up to date.
2025-03-13 07:32:32 Loading main app package /usr/lib/obsidian/obsidian.asar
2025-03-13 07:32:33 Checking for update using Github
2025-03-13 07:32:45 Failed to check for update using Github (net::ERR_INTERNET_DISCONNECTED)
2025-03-13 07:32:45 Checking for update using obsidian.md
2025-03-13 07:32:45 Failed to check for update using obsidian.md (net::ERR_INTERNET_DISCONNECTED)
2025-03-13 08:32:33 Checking for update using Github
2025-03-13 08:32:33 Failed to check for update using Github (net::ERR_INTERNET_DISCONNECTED)
2025-03-13 08:32:33 Checking for update using obsidian.md
2025-03-13 08:32:33 Failed to check for update using obsidian.md (net::ERR_INTERNET_DISCONNECTED)
2025-03-13 09:32:34 Checking for update using Github
2025-03-13 09:32:49 Success.
2025-03-13 09:32:49 Latest version is 1.8.9
2025-03-13 09:32:49 App is up to date.
2025-03-13 10:57:57 Checking for update using Github
2025-03-13 10:58:15 Success.
2025-03-13 10:58:15 Latest version is 1.8.9
2025-03-13 10:58:15 App is up to date.
2025-03-13 11:57:56 Checking for update using Github
2025-03-13 11:58:05 Success.
2025-03-13 11:58:05 Latest version is 1.8.9
2025-03-13 11:58:05 App is up to date.
2025-03-13 15:24:42 Loading main app package /usr/lib/obsidian/obsidian.asar
2025-03-13 15:24:43 Checking for update using Github
2025-03-13 15:25:10 Failed to check for update using Github (net::ERR_NETWORK_CHANGED)
2025-03-13 15:25:10 Checking for update using obsidian.md
2025-03-13 15:25:10 Failed to check for update using obsidian.md (net::ERR_INTERNET_DISCONNECTED)
2025-03-13 20:02:16 Checking for update using Github
2025-03-13 20:02:16 Success.
2025-03-13 20:02:16 Latest version is 1.8.9
2025-03-13 20:02:16 App is up to date.
2025-03-14 01:46:52 Loading main app package /usr/lib/obsidian/obsidian.asar
2025-03-14 01:46:52 Checking for update using Github
2025-03-14 01:46:53 Success.
2025-03-14 01:46:53 Latest version is 1.8.9
2025-03-14 01:46:53 App is up to date.
2025-03-14 07:37:42 Loading main app package /usr/lib/obsidian/obsidian.asar
2025-03-14 07:37:43 Checking for update using Github
2025-03-14 07:37:43 Failed to check for update using Github (net::ERR_INTERNET_DISCONNECTED)
2025-03-14 07:37:43 Checking for update using obsidian.md
2025-03-14 07:37:43 Failed to check for update using obsidian.md (net::ERR_INTERNET_DISCONNECTED)
2025-03-14 08:38:08 Checking for update using Github
2025-03-14 08:38:14 Success.
2025-03-14 08:38:14 Latest version is 1.8.9
2025-03-14 08:38:14 App is up to date.
2025-03-14 10:12:23 Loading main app package /usr/lib/obsidian/obsidian.asar
2025-03-14 10:12:23 Checking for update using Github
2025-03-14 10:12:32 Success.
2025-03-14 10:12:32 Latest version is 1.8.9
2025-03-14 10:12:32 App is up to date.
2025-03-14 11:12:37 Checking for update using Github
2025-03-14 11:12:57 Success.
2025-03-14 11:12:57 Latest version is 1.8.9
2025-03-14 11:12:57 App is up to date.
2025-03-16 16:26:31 Loading main app package /usr/lib/obsidian/obsidian.asar
2025-03-16 16:26:31 Checking for update using Github
2025-03-16 16:26:31 Success.
2025-03-16 16:26:31 Latest version is 1.8.9
2025-03-16 16:26:31 App is up to date.
2025-03-16 18:00:13 Checking for update using Github
2025-03-16 18:00:14 Success.
2025-03-16 18:00:14 Latest version is 1.8.9
2025-03-16 18:00:14 App is up to date.
2025-03-16 19:00:13 Checking for update using Github
2025-03-16 19:00:13 Success.
2025-03-16 19:00:13 Latest version is 1.8.9
2025-03-16 19:00:13 App is up to date.
2025-03-16 20:00:13 Checking for update using Github
2025-03-16 20:00:13 Success.
2025-03-16 20:00:13 Latest version is 1.8.9
2025-03-16 20:00:13 App is up to date.
2025-03-16 22:29:04 Checking for update using Github
2025-03-16 22:29:17 Failed to check for update using Github (net::ERR_NETWORK_IO_SUSPENDED)
2025-03-16 22:29:17 Checking for update using obsidian.md
2025-03-16 22:29:17 Failed to check for update using obsidian.md (net::ERR_NETWORK_CHANGED)
2025-03-17 07:10:38 Loading main app package /usr/lib/obsidian/obsidian.asar
2025-03-17 07:10:38 Checking for update using Github
2025-03-17 07:10:44 Success.
2025-03-17 07:10:44 Latest version is 1.8.9
2025-03-17 07:10:44 App is up to date.
2025-03-17 08:32:40 Checking for update using Github
2025-03-17 08:32:40 Failed to check for update using Github (net::ERR_INTERNET_DISCONNECTED)
2025-03-17 08:32:40 Checking for update using obsidian.md
2025-03-17 08:32:40 Failed to check for update using obsidian.md (net::ERR_INTERNET_DISCONNECTED)
2025-03-17 11:09:52 Loading main app package /usr/lib/obsidian/obsidian.asar
2025-03-17 11:09:52 Checking for update using Github
2025-03-17 11:20:29 Loading main app package /usr/lib/obsidian/obsidian.asar
2025-03-17 11:20:30 Checking for update using Github
2025-03-17 11:20:57 Success.
2025-03-17 11:20:57 Latest version is 1.8.9
2025-03-17 11:20:57 App is up to date.
2025-03-17 15:48:50 Checking for update using Github
2025-03-17 15:48:50 Success.
2025-03-17 15:48:50 Latest version is 1.8.9
2025-03-17 15:48:50 App is up to date.
2025-03-17 18:35:26 Loading main app package /usr/lib/obsidian/obsidian.asar
2025-03-17 18:35:26 Checking for update using Github
2025-03-17 18:35:26 Success.
2025-03-17 18:35:26 Latest version is 1.8.9
2025-03-17 18:35:26 App is up to date.
2025-03-17 18:35:43 Loading main app package /usr/lib/obsidian/obsidian.asar
2025-03-17 18:35:43 Checking for update using Github
2025-03-17 18:35:43 Success.
2025-03-17 18:35:43 Latest version is 1.8.9
2025-03-17 18:35:43 App is up to date.
2025-03-17 19:35:44 Checking for update using Github
2025-03-17 19:35:44 Success.
2025-03-17 19:35:44 Latest version is 1.8.9
2025-03-17 19:35:44 App is up to date.
2025-03-17 21:14:39 Checking for update using Github
2025-03-17 21:14:39 Success.
2025-03-17 21:14:39 Latest version is 1.8.9
2025-03-17 21:14:39 App is up to date.
2025-03-17 22:45:12 Loading main app package /usr/lib/obsidian/obsidian.asar
2025-03-17 22:45:13 Checking for update using Github
2025-03-17 22:45:16 Success.
2025-03-17 22:45:16 Latest version is 1.8.9
2025-03-17 22:45:16 App is up to date.
2025-03-18 07:35:26 Loading main app package /usr/lib/obsidian/obsidian.asar
2025-03-18 07:35:26 Checking for update using Github
2025-03-18 07:35:26 Failed to check for update using Github (net::ERR_INTERNET_DISCONNECTED)
2025-03-18 07:35:26 Checking for update using obsidian.md
2025-03-18 07:35:26 Failed to check for update using obsidian.md (net::ERR_INTERNET_DISCONNECTED)
2025-03-18 08:35:26 Checking for update using Github
2025-03-18 08:35:26 Failed to check for update using Github (net::ERR_NAME_NOT_RESOLVED)
2025-03-18 08:35:26 Checking for update using obsidian.md
2025-03-18 08:35:26 Failed to check for update using obsidian.md (net::ERR_NAME_NOT_RESOLVED)
2025-03-18 10:04:12 Loading main app package /usr/lib/obsidian/obsidian.asar
2025-03-18 10:04:12 Checking for update using Github
2025-03-18 10:05:01 Failed to check for update using Github (net::ERR_TIMED_OUT)
2025-03-18 10:05:01 Checking for update using obsidian.md
2025-03-18 10:05:12 Failed to check for update using obsidian.md (Unexpected end of JSON input)
2025-03-18 10:06:56 Loading main app package /usr/lib/obsidian/obsidian.asar
2025-03-18 10:06:57 Checking for update using Github
2025-03-18 10:07:14 Success.
2025-03-18 10:07:14 Latest version is 1.8.9
2025-03-18 10:07:14 App is up to date.
2025-03-18 10:23:25 Loading main app package /usr/lib/obsidian/obsidian.asar
2025-03-18 10:23:25 Checking for update using Github
2025-03-18 10:23:25 Failed to check for update using Github (net::ERR_INTERNET_DISCONNECTED)
2025-03-18 10:23:25 Checking for update using obsidian.md
2025-03-18 10:23:25 Failed to check for update using obsidian.md (net::ERR_INTERNET_DISCONNECTED)
2025-03-18 10:30:46 Loading main app package /usr/lib/obsidian/obsidian.asar
2025-03-18 10:30:46 Checking for update using Github
2025-03-18 10:30:46 Failed to check for update using Github (net::ERR_NAME_NOT_RESOLVED)
2025-03-18 10:30:46 Checking for update using obsidian.md
2025-03-18 10:30:46 Failed to check for update using obsidian.md (net::ERR_NAME_NOT_RESOLVED)
2025-03-18 11:30:46 Checking for update using Github
2025-03-18 11:30:46 Failed to check for update using Github (net::ERR_NAME_NOT_RESOLVED)
2025-03-18 11:30:46 Checking for update using obsidian.md
2025-03-18 11:30:46 Failed to check for update using obsidian.md (net::ERR_NAME_NOT_RESOLVED)
2025-03-18 17:33:20 Loading main app package /usr/lib/obsidian/obsidian.asar
2025-03-18 17:33:20 Checking for update using Github
2025-03-18 17:37:21 Failed to check for update using Github (net::ERR_TIMED_OUT)
2025-03-18 17:37:21 Checking for update using obsidian.md
2025-03-18 17:37:21 Failed to check for update using obsidian.md (net::ERR_TIMED_OUT)
2025-03-18 19:33:08 Checking for update using Github
2025-03-18 19:35:27 Failed to check for update using Github (net::ERR_NETWORK_IO_SUSPENDED)
2025-03-18 19:35:27 Checking for update using obsidian.md
2025-03-18 19:35:27 Failed to check for update using obsidian.md (net::ERR_NETWORK_CHANGED)
2025-03-18 21:34:10 Loading main app package /usr/lib/obsidian/obsidian.asar
2025-03-18 21:34:11 Checking for update using Github
2025-03-18 21:34:12 Success.
2025-03-18 21:34:12 Latest version is 1.8.9
2025-03-18 21:34:12 App is up to date.
2025-03-19 07:03:23 Loading main app package /usr/lib/obsidian/obsidian.asar
2025-03-19 07:03:24 Checking for update using Github
2025-03-19 07:03:46 Success.
2025-03-19 07:03:46 Latest version is 1.8.9
2025-03-19 07:03:46 App is up to date.
2025-03-19 08:11:06 Checking for update using Github
2025-03-19 08:11:06 Failed to check for update using Github (net::ERR_NAME_NOT_RESOLVED)
2025-03-19 08:11:06 Checking for update using obsidian.md
2025-03-19 08:11:06 Failed to check for update using obsidian.md (net::ERR_NAME_NOT_RESOLVED)
2025-03-19 08:39:28 Loading main app package /usr/lib/obsidian/obsidian.asar
2025-03-19 08:39:29 Checking for update using Github
2025-03-19 08:39:29 Failed to check for update using Github (net::ERR_INTERNET_DISCONNECTED)
2025-03-19 08:39:29 Checking for update using obsidian.md
2025-03-19 08:39:29 Failed to check for update using obsidian.md (net::ERR_INTERNET_DISCONNECTED)
2025-03-19 09:39:30 Checking for update using Github
2025-03-19 09:40:16 Success.
2025-03-19 09:40:16 Latest version is 1.8.9
2025-03-19 09:40:16 App is up to date.
2025-03-19 11:01:43 Checking for update using Github
2025-03-19 11:01:43 Failed to check for update using Github (net::ERR_NAME_NOT_RESOLVED)
2025-03-19 11:01:43 Checking for update using obsidian.md
2025-03-19 11:01:43 Failed to check for update using obsidian.md (net::ERR_NAME_NOT_RESOLVED)
2025-03-19 12:01:44 Checking for update using Github
2025-03-19 12:01:44 Failed to check for update using Github (net::ERR_INTERNET_DISCONNECTED)
2025-03-19 12:01:44 Checking for update using obsidian.md
2025-03-19 12:01:44 Failed to check for update using obsidian.md (net::ERR_INTERNET_DISCONNECTED)
2025-03-19 13:40:12 Checking for update using Github
2025-03-19 13:40:12 Failed to check for update using Github (net::ERR_INTERNET_DISCONNECTED)
2025-03-19 13:40:12 Checking for update using obsidian.md
2025-03-19 13:40:12 Failed to check for update using obsidian.md (net::ERR_INTERNET_DISCONNECTED)
2025-03-19 14:40:12 Checking for update using Github
2025-03-19 14:40:59 Failed to check for update using Github (net::ERR_INTERNET_DISCONNECTED)
2025-03-19 14:40:59 Checking for update using obsidian.md
2025-03-19 14:41:10 Failed to check for update using obsidian.md (net::ERR_INTERNET_DISCONNECTED)
2025-03-19 18:10:14 Loading main app package /usr/lib/obsidian/obsidian.asar
2025-03-19 18:10:14 Checking for update using Github
2025-03-19 18:10:14 Success.
2025-03-19 18:10:14 Latest version is 1.8.9
2025-03-19 18:10:14 App is up to date.
2025-03-19 19:10:14 Checking for update using Github
2025-03-19 19:10:14 Success.
2025-03-19 19:10:14 Latest version is 1.8.9
2025-03-19 19:10:14 App is up to date.
2025-03-19 20:10:14 Checking for update using Github
2025-03-19 20:10:14 Success.
2025-03-19 20:10:14 Latest version is 1.8.9
2025-03-19 20:10:14 App is up to date.
2025-03-19 21:10:14 Checking for update using Github
2025-03-19 21:10:15 Success.
2025-03-19 21:10:15 Latest version is 1.8.9
2025-03-19 21:10:15 App is up to date.
2025-03-20 06:56:07 Loading main app package /usr/lib/obsidian/obsidian.asar
2025-03-20 06:56:08 Checking for update using Github
2025-03-20 06:56:09 Success.
2025-03-20 06:56:09 Latest version is 1.8.9
2025-03-20 06:56:09 App is up to date.
2025-03-20 08:14:38 Checking for update using Github
2025-03-20 08:14:58 Success.
2025-03-20 08:14:58 Latest version is 1.8.9
2025-03-20 08:14:58 App is up to date.
2025-03-20 09:14:38 Checking for update using Github
2025-03-20 09:14:49 Success.
2025-03-20 09:14:49 Latest version is 1.8.9
2025-03-20 09:14:49 App is up to date.
2025-03-20 10:46:12 Checking for update using Github
2025-03-20 10:46:19 Success.
2025-03-20 10:46:19 Latest version is 1.8.9
2025-03-20 10:46:19 App is up to date.
2025-03-20 11:44:53 Loading main app package /usr/lib/obsidian/obsidian.asar
2025-03-20 11:44:53 Checking for update using Github
2025-03-20 13:24:14 Loading main app package /usr/lib/obsidian/obsidian.asar
2025-03-20 13:24:14 Checking for update using Github
2025-03-20 13:24:14 Failed to check for update using Github (net::ERR_INTERNET_DISCONNECTED)
2025-03-20 13:24:14 Checking for update using obsidian.md
2025-03-20 13:24:14 Failed to check for update using obsidian.md (net::ERR_INTERNET_DISCONNECTED)
2025-03-20 14:26:20 Loading main app package /usr/lib/obsidian/obsidian.asar
2025-03-20 14:26:20 Checking for update using Github
2025-03-20 14:26:20 Failed to check for update using Github (net::ERR_INTERNET_DISCONNECTED)
2025-03-20 14:26:20 Checking for update using obsidian.md
2025-03-20 14:26:20 Failed to check for update using obsidian.md (net::ERR_INTERNET_DISCONNECTED)
2025-03-20 20:12:21 Checking for update using Github
2025-03-20 20:12:21 Success.
2025-03-20 20:12:21 Latest version is 1.8.9
2025-03-20 20:12:21 App is up to date.
2025-03-20 21:32:37 Checking for update using Github
2025-03-20 21:32:38 Success.
2025-03-20 21:32:38 Latest version is 1.8.9
2025-03-20 21:32:38 App is up to date.
2025-03-21 06:20:20 Checking for update using Github
2025-03-21 06:20:21 Success.
2025-03-21 06:20:21 Latest version is 1.8.9
2025-03-21 06:20:21 App is up to date.
2025-03-21 08:03:46 Checking for update using Github
2025-03-21 08:03:54 Success.
2025-03-21 08:03:54 Latest version is 1.8.9
2025-03-21 08:03:54 App is up to date.
2025-03-21 09:03:46 Checking for update using Github
2025-03-21 09:04:43 Success.
2025-03-21 09:04:43 Latest version is 1.8.9
2025-03-21 09:04:43 App is up to date.
2025-03-21 09:53:15 Loading main app package /usr/lib/obsidian/obsidian.asar
2025-03-21 09:53:16 Checking for update using Github
2025-03-21 09:53:49 Success.
2025-03-21 09:53:49 Latest version is 1.8.9
2025-03-21 09:53:49 App is up to date.
2025-03-21 10:58:09 Checking for update using Github
2025-03-21 10:58:24 Success.
2025-03-21 10:58:24 Latest version is 1.8.9
2025-03-21 10:58:24 App is up to date.
2025-03-21 11:58:11 Checking for update using Github
2025-03-21 11:58:31 Success.
2025-03-21 11:58:31 Latest version is 1.8.9
2025-03-21 11:58:31 App is up to date.
2025-03-21 12:55:15 Loading main app package /usr/lib/obsidian/obsidian.asar
2025-03-21 12:55:15 Checking for update using Github
2025-03-21 12:55:15 Failed to check for update using Github (net::ERR_INTERNET_DISCONNECTED)
2025-03-21 12:55:15 Checking for update using obsidian.md
2025-03-21 12:55:15 Failed to check for update using obsidian.md (net::ERR_INTERNET_DISCONNECTED)
2025-03-21 16:35:18 Checking for update using Github
2025-03-21 16:35:18 Success.
2025-03-21 16:35:18 Latest version is 1.8.9
2025-03-21 16:35:18 App is up to date.
2025-03-21 20:45:22 Checking for update using Github
2025-03-21 20:45:22 Failed to check for update using Github (net::ERR_NAME_NOT_RESOLVED)
2025-03-21 20:45:22 Checking for update using obsidian.md
2025-03-21 20:45:22 Failed to check for update using obsidian.md (net::ERR_NAME_NOT_RESOLVED)
2025-03-22 07:26:23 Loading main app package /usr/lib/obsidian/obsidian.asar
2025-03-22 07:26:23 Checking for update using Github
2025-03-22 07:26:38 Success.
2025-03-22 07:26:38 Latest version is 1.8.9
2025-03-22 07:26:38 App is up to date.
2025-03-22 08:26:23 Checking for update using Github
2025-03-22 08:26:30 Success.
2025-03-22 08:26:30 Latest version is 1.8.9
2025-03-22 08:26:30 App is up to date.
2025-03-22 09:26:23 Checking for update using Github
2025-03-22 09:28:29 Failed to check for update using Github (net::ERR_NETWORK_CHANGED)
2025-03-22 09:28:29 Checking for update using obsidian.md
2025-03-22 09:28:29 Failed to check for update using obsidian.md (net::ERR_INTERNET_DISCONNECTED)
2025-03-22 10:41:15 Checking for update using Github
2025-03-22 10:41:15 Failed to check for update using Github (net::ERR_INTERNET_DISCONNECTED)
2025-03-22 10:41:15 Checking for update using obsidian.md
2025-03-22 10:41:15 Failed to check for update using obsidian.md (net::ERR_INTERNET_DISCONNECTED)
2025-03-22 11:41:15 Checking for update using Github
2025-03-22 11:41:15 Failed to check for update using Github (net::ERR_INTERNET_DISCONNECTED)
2025-03-22 11:41:15 Checking for update using obsidian.md
2025-03-22 11:41:15 Failed to check for update using obsidian.md (net::ERR_INTERNET_DISCONNECTED)
2025-03-23 14:44:45 Loading main app package /usr/lib/obsidian/obsidian.asar
2025-03-23 14:44:46 Checking for update using Github
2025-03-23 14:44:46 Success.
2025-03-23 14:44:46 Latest version is 1.8.9
2025-03-23 14:44:46 App is up to date.
2025-03-23 15:44:45 Checking for update using Github
2025-03-23 15:44:45 Success.
2025-03-23 15:44:45 Latest version is 1.8.9
2025-03-23 15:44:45 App is up to date.
2025-03-23 18:01:05 Checking for update using Github
2025-03-23 18:01:06 Success.
2025-03-23 18:01:06 Latest version is 1.8.9
2025-03-23 18:01:06 App is up to date.
2025-03-23 19:01:05 Checking for update using Github
2025-03-23 19:01:06 Success.
2025-03-23 19:01:06 Latest version is 1.8.9
2025-03-23 19:01:06 App is up to date.
2025-03-24 07:57:27 Checking for update using Github
2025-03-24 07:58:02 Success.
2025-03-24 07:58:02 Latest version is 1.8.9
2025-03-24 07:58:02 App is up to date.
2025-03-24 08:57:29 Checking for update using Github
2025-03-24 08:57:29 Success.
2025-03-24 08:57:29 Latest version is 1.8.9
2025-03-24 08:57:29 App is up to date.
2025-03-24 10:15:50 Checking for update using Github
2025-03-24 10:15:51 Success.
2025-03-24 10:15:51 Latest version is 1.8.9
2025-03-24 10:15:51 App is up to date.
2025-03-24 11:15:51 Checking for update using Github
2025-03-24 11:15:54 Success.
2025-03-24 11:15:54 Latest version is 1.8.9
2025-03-24 11:15:54 App is up to date.
2025-03-24 11:37:31 Loading main app package /usr/lib/obsidian/obsidian.asar
2025-03-24 11:37:31 Checking for update using Github
2025-03-24 11:37:45 Success.
2025-03-24 11:37:45 Latest version is 1.8.9
2025-03-24 11:37:45 App is up to date.
2025-03-24 17:43:33 Loading main app package /usr/lib/obsidian/obsidian.asar
2025-03-24 17:43:34 Checking for update using Github
2025-03-24 17:43:34 Success.
2025-03-24 17:43:34 Latest version is 1.8.9
2025-03-24 17:43:34 App is up to date.
2025-03-24 19:03:12 Loading main app package /usr/lib/obsidian/obsidian.asar
2025-03-24 19:03:12 Checking for update using Github
2025-03-24 19:03:13 Success.
2025-03-24 19:03:13 Latest version is 1.8.9
2025-03-24 19:03:13 App is up to date.
2025-03-24 20:23:22 Checking for update using Github
2025-03-24 20:23:22 Success.
2025-03-24 20:23:22 Latest version is 1.8.9
2025-03-24 20:23:22 App is up to date.
2025-03-25 07:23:31 Checking for update using Github
2025-03-25 07:24:09 Success.
2025-03-25 07:24:09 Latest version is 1.8.9
2025-03-25 07:24:09 App is up to date.
2025-03-25 08:27:47 Checking for update using Github
2025-03-25 08:27:56 Success.
2025-03-25 08:27:56 Latest version is 1.8.9
2025-03-25 08:27:56 App is up to date.
2025-03-25 09:27:47 Checking for update using Github
2025-03-25 09:28:49 Success.
2025-03-25 09:28:49 Latest version is 1.8.9
2025-03-25 09:28:49 App is up to date.
2025-03-25 10:49:29 Checking for update using Github
2025-03-25 10:50:00 Success.
2025-03-25 10:50:00 Latest version is 1.8.9
2025-03-25 10:50:00 App is up to date.
2025-03-25 11:49:28 Checking for update using Github
2025-03-25 11:49:28 Failed to check for update using Github (net::ERR_NAME_NOT_RESOLVED)
2025-03-25 11:49:28 Checking for update using obsidian.md
2025-03-25 11:49:28 Failed to check for update using obsidian.md (net::ERR_NAME_NOT_RESOLVED)
2025-03-25 12:11:01 Loading main app package /usr/lib/obsidian/obsidian.asar
2025-03-25 12:11:01 Checking for update using Github
2025-03-25 12:11:19 Failed to check for update using Github (net::ERR_NAME_NOT_RESOLVED)
2025-03-25 12:11:19 Checking for update using obsidian.md
2025-03-25 12:11:19 Failed to check for update using obsidian.md (net::ERR_NAME_NOT_RESOLVED)
2025-03-25 13:41:29 Loading main app package /usr/lib/obsidian/obsidian.asar
2025-03-25 13:41:29 Checking for update using Github
2025-03-25 13:42:51 Failed to check for update using Github (net::ERR_NETWORK_CHANGED)
2025-03-25 13:42:51 Checking for update using obsidian.md
2025-03-25 13:42:51 Failed to check for update using obsidian.md (net::ERR_NAME_NOT_RESOLVED)
2025-03-25 14:41:29 Checking for update using Github
2025-03-25 14:41:30 Success.
2025-03-25 14:41:30 Latest version is 1.8.9
2025-03-25 14:41:30 App is up to date.
2025-03-25 15:41:30 Checking for update using Github
2025-03-25 15:41:39 Success.
2025-03-25 15:41:39 Latest version is 1.8.9
2025-03-25 15:41:39 App is up to date.
2025-03-25 16:41:30 Checking for update using Github
2025-03-25 16:41:55 Success.
2025-03-25 16:41:55 Latest version is 1.8.9
2025-03-25 16:41:55 App is up to date.
2025-03-25 18:10:30 Checking for update using Github
2025-03-25 18:10:30 Failed to check for update using Github (net::ERR_INTERNET_DISCONNECTED)
2025-03-25 18:10:30 Checking for update using obsidian.md
2025-03-25 18:10:30 Failed to check for update using obsidian.md (net::ERR_INTERNET_DISCONNECTED)
2025-03-26 01:39:11 Loading main app package /usr/lib/obsidian/obsidian.asar
2025-03-26 01:39:12 Checking for update using Github
2025-03-26 01:39:17 Success.
2025-03-26 01:39:17 Latest version is 1.8.9
2025-03-26 01:39:17 App is up to date.
2025-03-26 02:22:51 Loading main app package /usr/lib/obsidian/obsidian.asar
2025-03-26 02:22:52 Checking for update using Github
2025-03-26 07:36:33 Loading main app package /usr/lib/obsidian/obsidian.asar
2025-03-26 07:36:33 Checking for update using Github
2025-03-26 07:36:33 Failed to check for update using Github (net::ERR_INTERNET_DISCONNECTED)
2025-03-26 07:36:33 Checking for update using obsidian.md
2025-03-26 07:36:33 Failed to check for update using obsidian.md (net::ERR_INTERNET_DISCONNECTED)
2025-03-26 08:36:35 Checking for update using Github
2025-03-26 08:36:36 Success.
2025-03-26 08:36:36 Latest version is 1.8.9
2025-03-26 08:36:36 App is up to date.
2025-03-26 09:36:35 Checking for update using Github
2025-03-26 09:36:35 Failed to check for update using Github (net::ERR_INTERNET_DISCONNECTED)
2025-03-26 09:36:35 Checking for update using obsidian.md
2025-03-26 09:36:35 Failed to check for update using obsidian.md (net::ERR_INTERNET_DISCONNECTED)
2025-03-26 10:02:23 Loading main app package /usr/lib/obsidian/obsidian.asar
2025-03-26 10:02:24 Checking for update using Github
2025-03-26 10:04:49 Failed to check for update using Github (net::ERR_NETWORK_CHANGED)
2025-03-26 10:04:49 Checking for update using obsidian.md
2025-03-26 10:04:49 Failed to check for update using obsidian.md (net::ERR_INTERNET_DISCONNECTED)
2025-03-26 11:02:26 Checking for update using Github
2025-03-26 11:02:31 Success.
2025-03-26 11:02:31 Latest version is 1.8.9
2025-03-26 11:02:31 App is up to date.
2025-03-26 12:02:26 Checking for update using Github
2025-03-26 12:02:32 Success.
2025-03-26 12:02:32 Latest version is 1.8.9
2025-03-26 12:02:32 App is up to date.
2025-03-26 12:56:01 Loading main app package /usr/lib/obsidian/obsidian.asar
2025-03-26 12:56:01 Checking for update using Github
2025-03-26 12:56:02 Failed to check for update using Github (net::ERR_INTERNET_DISCONNECTED)
2025-03-26 12:56:02 Checking for update using obsidian.md
2025-03-26 12:56:02 Failed to check for update using obsidian.md (net::ERR_INTERNET_DISCONNECTED)
2025-03-26 13:36:51 Loading main app package /usr/lib/obsidian/obsidian.asar
2025-03-26 13:36:52 Checking for update using Github
2025-03-26 13:36:52 Success.
2025-03-26 13:36:52 Latest version is 1.8.9
2025-03-26 13:36:52 App is up to date.
2025-03-26 14:36:52 Checking for update using Github
2025-03-26 14:37:24 Success.
2025-03-26 14:37:24 Latest version is 1.8.9
2025-03-26 14:37:24 App is up to date.
2025-03-26 18:10:33 Checking for update using Github
2025-03-26 18:10:33 Success.
2025-03-26 18:10:33 Latest version is 1.8.9
2025-03-26 18:10:33 App is up to date.
2025-03-26 19:10:33 Checking for update using Github
2025-03-26 19:10:33 Success.
2025-03-26 19:10:33 Latest version is 1.8.9
2025-03-26 19:10:33 App is up to date.
2025-03-26 20:10:33 Checking for update using Github
2025-03-26 20:10:37 Success.
2025-03-26 20:10:37 Latest version is 1.8.9
2025-03-26 20:10:37 App is up to date.
2025-03-26 21:10:33 Checking for update using Github
2025-03-26 21:10:34 Success.
2025-03-26 21:10:34 Latest version is 1.8.9
2025-03-26 21:10:34 App is up to date.
2025-03-26 22:11:07 Checking for update using Github
2025-03-26 22:11:13 Success.
2025-03-26 22:11:13 Latest version is 1.8.9
2025-03-26 22:11:13 App is up to date.
2025-03-27 08:18:29 Loading main app package /usr/lib/obsidian/obsidian.asar
2025-03-27 08:18:30 Checking for update using Github
2025-03-27 08:18:30 Failed to check for update using Github (net::ERR_INTERNET_DISCONNECTED)
2025-03-27 08:18:30 Checking for update using obsidian.md
2025-03-27 08:18:30 Failed to check for update using obsidian.md (net::ERR_INTERNET_DISCONNECTED)
2025-03-27 09:18:30 Checking for update using Github
2025-03-27 09:18:35 Success.
2025-03-27 09:18:35 Latest version is 1.8.9
2025-03-27 09:18:35 App is up to date.
2025-03-27 10:36:00 Loading main app package /usr/lib/obsidian/obsidian.asar
2025-03-27 10:36:01 Checking for update using Github
2025-03-27 10:36:20 Failed to check for update using Github (net::ERR_INTERNET_DISCONNECTED)
2025-03-27 10:36:20 Checking for update using obsidian.md
2025-03-27 10:36:24 Failed to check for update using obsidian.md (net::ERR_INTERNET_DISCONNECTED)
2025-03-27 11:36:00 Checking for update using Github
2025-03-27 11:36:02 Success.
2025-03-27 11:36:02 Latest version is 1.8.9
2025-03-27 11:36:02 App is up to date.
2025-03-27 21:16:14 Loading main app package /usr/lib/obsidian/obsidian.asar
2025-03-27 21:16:15 Checking for update using Github
2025-03-27 21:16:15 Success.
2025-03-27 21:16:15 Latest version is 1.8.9
2025-03-27 21:16:15 App is up to date.
2025-03-27 21:22:49 Loading main app package /usr/lib/obsidian/obsidian.asar
2025-03-27 21:22:49 Checking for update using Github
2025-03-27 21:22:49 Success.
2025-03-27 21:22:49 Latest version is 1.8.9
2025-03-27 21:22:49 App is up to date.
2025-03-27 22:02:12 Loading main app package /usr/lib/obsidian/obsidian.asar
2025-03-27 22:02:12 Checking for update using Github
2025-03-27 22:02:12 Success.
2025-03-27 22:02:12 Latest version is 1.8.9
2025-03-27 22:02:12 App is up to date.
2025-03-27 23:22:40 Checking for update using Github
2025-03-27 23:22:41 Success.
2025-03-27 23:22:41 Latest version is 1.8.9
2025-03-27 23:22:41 App is up to date.
2025-03-28 06:05:43 Checking for update using Github
2025-03-28 06:05:43 Success.
2025-03-28 06:05:43 Latest version is 1.8.9
2025-03-28 06:05:43 App is up to date.
2025-03-28 07:25:58 Loading main app package /usr/lib/obsidian/obsidian.asar
2025-03-28 07:25:58 Checking for update using Github
2025-03-28 07:25:59 Success.
2025-03-28 07:25:59 Latest version is 1.8.9
2025-03-28 07:25:59 App is up to date.
2025-03-28 08:30:30 Loading main app package /usr/lib/obsidian/obsidian.asar
2025-03-28 08:30:31 Checking for update using Github
2025-03-28 08:31:18 Success.
2025-03-28 08:31:18 Latest version is 1.8.9
2025-03-28 08:31:18 App is up to date.
2025-03-28 09:38:55 Checking for update using Github
2025-03-28 09:40:02 Success.
2025-03-28 09:40:02 Latest version is 1.8.9
2025-03-28 09:40:02 App is up to date.
2025-03-28 11:01:09 Checking for update using Github
2025-03-28 11:01:11 Success.
2025-03-28 11:01:11 Latest version is 1.8.9
2025-03-28 11:01:11 App is up to date.
2025-03-28 12:01:10 Checking for update using Github
2025-03-28 12:01:29 Success.
2025-03-28 12:01:29 Latest version is 1.8.9
2025-03-28 12:01:29 App is up to date.
2025-03-28 13:08:45 Loading main app package /usr/lib/obsidian/obsidian.asar
2025-03-28 13:08:46 Checking for update using Github
2025-03-28 13:08:51 Success.
2025-03-28 13:08:51 Latest version is 1.8.9
2025-03-28 13:08:51 App is up to date.
2025-03-28 16:47:24 Checking for update using Github
2025-03-28 16:47:24 Success.
2025-03-28 16:47:24 Latest version is 1.8.9
2025-03-28 16:47:24 App is up to date.
2025-03-28 17:47:25 Checking for update using Github
2025-03-28 17:47:25 Success.
2025-03-28 17:47:25 Latest version is 1.8.9
2025-03-28 17:47:25 App is up to date.
2025-03-29 09:10:51 Loading main app package /usr/lib/obsidian/obsidian.asar
2025-03-29 09:10:51 Checking for update using Github
2025-03-29 09:10:52 Success.
2025-03-29 09:10:52 Latest version is 1.8.9
2025-03-29 09:10:52 App is up to date.
2025-03-29 17:14:20 Loading main app package /usr/lib/obsidian/obsidian.asar
2025-03-29 17:14:20 Checking for update using Github
2025-03-29 17:14:20 Success.
2025-03-29 17:14:20 Latest version is 1.8.9
2025-03-29 17:14:20 App is up to date.
2025-03-29 22:05:56 Loading main app package /usr/lib/obsidian/obsidian.asar
2025-03-29 22:05:56 Checking for update using Github
2025-03-29 22:05:56 Success.
2025-03-29 22:05:56 Latest version is 1.8.9
2025-03-29 22:05:56 App is up to date.
2025-04-02 16:12:50 Loading main app package /usr/lib/obsidian/obsidian.asar
2025-04-02 16:12:50 Checking for update using Github
2025-04-02 16:12:51 Success.
2025-04-02 16:12:51 Latest version is 1.8.9
2025-04-02 16:12:51 App is up to date.
2025-04-05 17:03:17 Loading main app package /usr/lib/obsidian/obsidian.asar
2025-04-05 17:03:17 Checking for update using Github
2025-04-05 17:03:18 Success.
2025-04-05 17:03:18 Latest version is 1.8.9
2025-04-05 17:03:18 App is up to date.
2025-04-05 18:03:17 Checking for update using Github
2025-04-05 18:03:17 Success.
2025-04-05 18:03:17 Latest version is 1.8.9
2025-04-05 18:03:17 App is up to date.
2025-04-05 19:39:18 Checking for update using Github
2025-04-05 19:39:18 Success.
2025-04-05 19:39:18 Latest version is 1.8.9
2025-04-05 19:39:18 App is up to date.
2025-04-05 20:39:18 Checking for update using Github
2025-04-05 20:39:18 Success.
2025-04-05 20:39:18 Latest version is 1.8.9
2025-04-05 20:39:18 App is up to date.
2025-04-06 23:53:09 Loading main app package /usr/lib/obsidian/obsidian.asar
2025-04-06 23:53:09 Checking for update using Github
2025-04-06 23:53:10 Success.
2025-04-06 23:53:10 Latest version is 1.8.9
2025-04-06 23:53:10 App is up to date.
2025-04-07 00:53:10 Checking for update using Github
2025-04-07 00:53:10 Success.
2025-04-07 00:53:10 Latest version is 1.8.9
2025-04-07 00:53:10 App is up to date.
2025-04-07 18:01:37 Loading main app package /usr/lib/obsidian/obsidian.asar
2025-04-07 18:01:37 Checking for update using Github
2025-04-07 18:01:37 Success.
2025-04-07 18:01:37 Latest version is 1.8.9
2025-04-07 18:01:37 App is up to date.
2025-04-07 19:01:37 Checking for update using Github
2025-04-07 19:01:57 Success.
2025-04-07 19:01:57 Latest version is 1.8.9
2025-04-07 19:01:57 App is up to date.
2025-04-07 20:01:37 Checking for update using Github
2025-04-07 20:01:37 Success.
2025-04-07 20:01:37 Latest version is 1.8.9
2025-04-07 20:01:37 App is up to date.
2025-04-08 03:28:08 Loading main app package /usr/lib/obsidian/obsidian.asar
2025-04-08 03:28:08 Checking for update using Github
2025-04-08 03:28:10 Success.
2025-04-08 03:28:10 Latest version is 1.8.9
2025-04-08 03:28:10 App is up to date.
2025-04-09 07:39:17 Loading main app package /usr/lib/obsidian/obsidian.asar
2025-04-09 07:39:17 Checking for update using Github
2025-04-09 07:39:23 Success.
2025-04-09 07:39:23 Latest version is 1.8.9
2025-04-09 07:39:23 App is up to date.
2025-04-09 10:10:20 Checking for update using Github
2025-04-09 10:10:20 Failed to check for update using Github (net::ERR_INTERNET_DISCONNECTED)
2025-04-09 10:10:20 Checking for update using obsidian.md
2025-04-09 10:10:20 Failed to check for update using obsidian.md (net::ERR_INTERNET_DISCONNECTED)
2025-04-09 11:10:20 Checking for update using Github
2025-04-09 11:10:20 Failed to check for update using Github (net::ERR_INTERNET_DISCONNECTED)
2025-04-09 11:10:20 Checking for update using obsidian.md
2025-04-09 11:10:20 Failed to check for update using obsidian.md (net::ERR_INTERNET_DISCONNECTED)
2025-04-09 12:10:20 Checking for update using Github
2025-04-09 12:10:20 Failed to check for update using Github (net::ERR_INTERNET_DISCONNECTED)
2025-04-09 12:10:20 Checking for update using obsidian.md
2025-04-09 12:10:20 Failed to check for update using obsidian.md (net::ERR_INTERNET_DISCONNECTED)
2025-04-09 16:17:04 Checking for update using Github
2025-04-09 16:17:05 Success.
2025-04-09 16:17:05 Latest version is 1.8.9
2025-04-09 16:17:05 App is up to date.
2025-04-09 20:26:52 Loading main app package /usr/lib/obsidian/obsidian.asar
2025-04-09 20:26:52 Checking for update using Github
2025-04-09 20:26:53 Success.
2025-04-09 20:26:53 Latest version is 1.8.9
2025-04-09 20:26:53 App is up to date.
2025-04-09 23:22:03 Checking for update using Github
2025-04-09 23:22:03 Success.
2025-04-09 23:22:03 Latest version is 1.8.9
2025-04-09 23:22:03 App is up to date.
2025-04-10 00:22:03 Checking for update using Github
2025-04-10 00:22:03 Success.
2025-04-10 00:22:03 Latest version is 1.8.9
2025-04-10 00:22:03 App is up to date.
2025-04-10 10:34:25 Loading main app package /usr/lib/obsidian/obsidian.asar
2025-04-10 10:34:25 Checking for update using Github
2025-04-10 10:34:28 Success.
2025-04-10 10:34:28 Latest version is 1.8.9
2025-04-10 10:34:28 App is up to date.
2025-04-10 21:33:54 Loading main app package /usr/lib/obsidian/obsidian.asar
2025-04-10 21:33:55 Checking for update using Github
2025-04-10 21:33:55 Success.
2025-04-10 21:33:55 Latest version is 1.8.9
2025-04-10 21:33:55 App is up to date.
2025-04-10 22:33:54 Checking for update using Github
2025-04-10 22:33:54 Success.
2025-04-10 22:33:54 Latest version is 1.8.9
2025-04-10 22:33:54 App is up to date.
2025-04-11 08:33:07 Checking for update using Github
2025-04-11 08:34:27 Failed to check for update using Github (net::ERR_NAME_NOT_RESOLVED)
2025-04-11 08:34:27 Checking for update using obsidian.md
2025-04-11 08:34:51 Failed to check for update using obsidian.md (Unexpected end of JSON input)
2025-04-11 09:33:07 Checking for update using Github
2025-04-11 09:33:09 Success.
2025-04-11 09:33:09 Latest version is 1.8.9
2025-04-11 09:33:09 App is up to date.
2025-04-11 10:58:48 Checking for update using Github
2025-04-11 10:58:51 Success.
2025-04-11 10:58:51 Latest version is 1.8.9
2025-04-11 10:58:51 App is up to date.
2025-04-11 12:00:06 Checking for update using Github
2025-04-11 12:00:17 Success.
2025-04-11 12:00:17 Latest version is 1.8.9
2025-04-11 12:00:17 App is up to date.
2025-04-11 13:44:35 Checking for update using Github
2025-04-11 13:44:38 Success.
2025-04-11 13:44:38 Latest version is 1.8.9
2025-04-11 13:44:38 App is up to date.
2025-04-11 14:45:50 Checking for update using Github
2025-04-11 14:46:09 Failed to check for update using Github (net::ERR_INTERNET_DISCONNECTED)
2025-04-11 14:46:09 Checking for update using obsidian.md
2025-04-11 14:46:09 Failed to check for update using obsidian.md (net::ERR_INTERNET_DISCONNECTED)
2025-04-11 18:59:49 Checking for update using Github
2025-04-11 18:59:49 Success.
2025-04-11 18:59:49 Latest version is 1.8.9
2025-04-11 18:59:49 App is up to date.
2025-04-11 19:59:49 Checking for update using Github
2025-04-11 19:59:49 Success.
2025-04-11 19:59:49 Latest version is 1.8.9
2025-04-11 19:59:49 App is up to date.
2025-04-12 12:25:17 Loading main app package /usr/lib/obsidian/obsidian.asar
2025-04-12 12:25:18 Checking for update using Github
2025-04-12 12:25:21 Success.
2025-04-12 12:25:21 Latest version is 1.8.9
2025-04-12 12:25:21 App is up to date.
2025-04-13 17:18:57 Loading main app package /usr/lib/obsidian/obsidian.asar
2025-04-13 17:18:57 Checking for update using Github
2025-04-13 17:18:58 Success.
2025-04-13 17:18:58 Latest version is 1.8.9
2025-04-13 17:18:58 App is up to date.
2025-04-13 18:20:56 Checking for update using Github
2025-04-13 18:20:57 Success.
2025-04-13 18:20:57 Latest version is 1.8.9
2025-04-13 18:20:57 App is up to date.
2025-04-13 19:38:04 Checking for update using Github
2025-04-13 19:38:04 Success.
2025-04-13 19:38:04 Latest version is 1.8.9
2025-04-13 19:38:04 App is up to date.
2025-04-13 20:46:02 Checking for update using Github
2025-04-13 20:46:02 Success.
2025-04-13 20:46:02 Latest version is 1.8.9
2025-04-13 20:46:02 App is up to date.
2025-04-13 21:52:17 Checking for update using Github
2025-04-13 21:52:20 Success.
2025-04-13 21:52:20 Latest version is 1.8.9
2025-04-13 21:52:20 App is up to date.
2025-04-14 10:24:15 Checking for update using Github
2025-04-14 10:24:18 Success.
2025-04-14 10:24:18 Latest version is 1.8.9
2025-04-14 10:24:18 App is up to date.
2025-04-14 11:25:12 Checking for update using Github
2025-04-14 11:25:14 Success.
2025-04-14 11:25:14 Latest version is 1.8.9
2025-04-14 11:25:14 App is up to date.
2025-04-14 17:12:55 Loading main app package /usr/lib/obsidian/obsidian.asar
2025-04-14 17:12:55 Checking for update using Github
2025-04-14 17:12:56 Success.
2025-04-14 17:12:56 Latest version is 1.8.9
2025-04-14 17:12:56 App is up to date.
2025-04-14 18:12:55 Checking for update using Github
2025-04-14 18:12:55 Success.
2025-04-14 18:12:55 Latest version is 1.8.9
2025-04-14 18:12:55 App is up to date.
2025-04-14 19:27:37 Checking for update using Github
2025-04-14 19:27:37 Success.
2025-04-14 19:27:37 Latest version is 1.8.9
2025-04-14 19:27:37 App is up to date.
2025-04-14 21:21:03 Checking for update using Github
2025-04-14 21:21:03 Success.
2025-04-14 21:21:03 Latest version is 1.8.9
2025-04-14 21:21:03 App is up to date.
2025-04-15 07:14:50 Checking for update using Github
2025-04-15 07:14:51 Success.
2025-04-15 07:14:51 Latest version is 1.8.9
2025-04-15 07:14:51 App is up to date.
2025-04-15 08:14:52 Checking for update using Github
2025-04-15 08:15:05 Success.
2025-04-15 08:15:05 Latest version is 1.8.9
2025-04-15 08:15:05 App is up to date.
2025-04-15 09:14:53 Checking for update using Github
2025-04-15 09:14:55 Success.
2025-04-15 09:14:55 Latest version is 1.8.9
2025-04-15 09:14:55 App is up to date.
2025-04-15 10:50:24 Loading main app package /usr/lib/obsidian/obsidian.asar
2025-04-15 10:50:25 Checking for update using Github
2025-04-15 10:50:30 Failed to check for update using Github (net::ERR_INTERNET_DISCONNECTED)
2025-04-15 10:50:30 Checking for update using obsidian.md
2025-04-15 10:50:30 Failed to check for update using obsidian.md (net::ERR_INTERNET_DISCONNECTED)
2025-04-15 11:45:52 Loading main app package /usr/lib/obsidian/obsidian.asar
2025-04-15 11:45:53 Checking for update using Github
2025-04-15 11:46:56 Failed to check for update using Github (net::ERR_NAME_NOT_RESOLVED)
2025-04-15 11:46:56 Checking for update using obsidian.md
2025-04-15 11:47:25 Failed to check for update using obsidian.md (net::ERR_CONNECTION_RESET)
2025-04-15 13:12:23 Checking for update using Github
2025-04-15 13:12:23 Failed to check for update using Github (net::ERR_INTERNET_DISCONNECTED)
2025-04-15 13:12:23 Checking for update using obsidian.md
2025-04-15 13:12:23 Failed to check for update using obsidian.md (net::ERR_INTERNET_DISCONNECTED)
2025-04-15 13:50:16 Loading main app package /usr/lib/obsidian/obsidian.asar
2025-04-15 13:50:17 Checking for update using Github
2025-04-15 13:50:30 Failed to check for update using Github (net::ERR_NETWORK_CHANGED)
2025-04-15 13:50:30 Checking for update using obsidian.md
2025-04-15 13:50:30 Failed to check for update using obsidian.md (net::ERR_INTERNET_DISCONNECTED)
2025-04-15 14:50:17 Checking for update using Github
2025-04-15 14:50:19 Success.
2025-04-15 14:50:19 Latest version is 1.8.9
2025-04-15 14:50:19 App is up to date.
2025-04-15 16:01:01 Checking for update using Github
2025-04-15 16:01:01 Failed to check for update using Github (net::ERR_NAME_NOT_RESOLVED)
2025-04-15 16:01:01 Checking for update using obsidian.md
2025-04-15 16:01:01 Failed to check for update using obsidian.md (net::ERR_NAME_NOT_RESOLVED)
2025-04-15 17:03:12 Checking for update using Github
2025-04-15 17:03:13 Success.
2025-04-15 17:03:13 Latest version is 1.8.9
2025-04-15 17:03:13 App is up to date.
2025-04-15 20:09:55 Loading main app package /usr/lib/obsidian/obsidian.asar
2025-04-15 20:09:56 Checking for update using Github
2025-04-15 20:09:56 Success.
2025-04-15 20:09:56 Latest version is 1.8.9
2025-04-15 20:09:56 App is up to date.
2025-04-15 21:09:55 Checking for update using Github
2025-04-15 21:09:56 Success.
2025-04-15 21:09:56 Latest version is 1.8.9
2025-04-15 21:09:56 App is up to date.
2025-04-15 22:09:55 Checking for update using Github
2025-04-15 22:09:55 Success.
2025-04-15 22:09:55 Latest version is 1.8.9
2025-04-15 22:09:55 App is up to date.
2025-04-16 00:07:30 Checking for update using Github
2025-04-16 00:07:30 Success.
2025-04-16 00:07:30 Latest version is 1.8.9
2025-04-16 00:07:30 App is up to date.
2025-04-16 01:39:22 Loading main app package /usr/lib/obsidian/obsidian.asar
2025-04-16 01:39:22 Checking for update using Github
2025-04-16 01:39:22 Success.
2025-04-16 01:39:22 Latest version is 1.8.9
2025-04-16 01:39:22 App is up to date.
2025-04-16 07:04:27 Checking for update using Github
2025-04-16 07:04:29 Success.
2025-04-16 07:04:29 Latest version is 1.8.9
2025-04-16 07:04:29 App is up to date.
2025-04-16 11:29:25 Checking for update using Github
2025-04-16 11:29:50 Success.
2025-04-16 11:29:50 Latest version is 1.8.9
2025-04-16 11:29:50 App is up to date.
2025-04-16 13:14:08 Checking for update using Github
2025-04-16 13:14:08 Failed to check for update using Github (net::ERR_INTERNET_DISCONNECTED)
2025-04-16 13:14:08 Checking for update using obsidian.md
2025-04-16 13:14:08 Failed to check for update using obsidian.md (net::ERR_INTERNET_DISCONNECTED)
2025-04-16 14:14:08 Checking for update using Github
2025-04-16 14:14:08 Failed to check for update using Github (net::ERR_INTERNET_DISCONNECTED)
2025-04-16 14:14:08 Checking for update using obsidian.md
2025-04-16 14:14:08 Failed to check for update using obsidian.md (net::ERR_INTERNET_DISCONNECTED)
2025-04-16 18:25:41 Loading main app package /usr/lib/obsidian/obsidian.asar
2025-04-16 18:25:42 Checking for update using Github
2025-04-16 18:25:42 Success.
2025-04-16 18:25:42 Latest version is 1.8.9
2025-04-16 18:25:42 App is up to date.
2025-04-16 19:25:42 Checking for update using Github
2025-04-16 19:25:46 Success.
2025-04-16 19:25:46 Latest version is 1.8.9
2025-04-16 19:25:46 App is up to date.
2025-04-16 21:32:53 Checking for update using Github
2025-04-16 21:32:58 Success.
2025-04-16 21:32:58 Latest version is 1.8.9
2025-04-16 21:32:58 App is up to date.
2025-04-16 22:45:43 Checking for update using Github
2025-04-16 22:45:54 Success.
2025-04-16 22:45:54 Latest version is 1.8.9
2025-04-16 22:45:54 App is up to date.
2025-04-16 23:45:43 Checking for update using Github
2025-04-16 23:45:43 Success.
2025-04-16 23:45:43 Latest version is 1.8.9
2025-04-16 23:45:43 App is up to date.
2025-04-17 07:41:45 Checking for update using Github
2025-04-17 07:41:54 Success.
2025-04-17 07:41:54 Latest version is 1.8.9
2025-04-17 07:41:54 App is up to date.
2025-04-17 08:41:45 Checking for update using Github
2025-04-17 08:42:19 Success.
2025-04-17 08:42:19 Latest version is 1.8.9
2025-04-17 08:42:19 App is up to date.
2025-04-17 09:41:46 Checking for update using Github
2025-04-17 09:42:01 Failed to check for update using Github (net::ERR_INTERNET_DISCONNECTED)
2025-04-17 09:42:01 Checking for update using obsidian.md
2025-04-17 09:42:01 Failed to check for update using obsidian.md (net::ERR_INTERNET_DISCONNECTED)
2025-04-17 11:00:02 Checking for update using Github
2025-04-17 11:02:04 Success.
2025-04-17 11:02:04 Latest version is 1.8.9
2025-04-17 11:02:04 App is up to date.
2025-04-17 12:00:03 Checking for update using Github
2025-04-17 12:00:45 Success.
2025-04-17 12:00:45 Latest version is 1.8.9
2025-04-17 12:00:45 App is up to date.
2025-04-23 17:55:47 Loading main app package /usr/lib/obsidian/obsidian.asar
2025-04-23 17:55:48 Checking for update using Github
2025-04-23 17:55:48 Success.
2025-04-23 17:55:48 Latest version is 1.8.10
2025-04-23 17:55:48 Downloading update from https://github.com/obsidianmd/obsidian-releases/releases/download/v1.8.10/obsidian-1.8.10.asar.gz
2025-04-23 17:56:09 Verifying hash & signature. Size= 8128788
2025-04-23 17:56:09 Saving file
2025-04-23 17:56:09 Update complete.
2025-04-23 18:55:48 Checking for update using Github
2025-04-23 18:55:48 Success.
2025-04-23 18:55:48 Latest version is 1.8.10
2025-04-23 18:55:48 An update is already downloaded.
2025-04-24 00:18:59 Checking for update using Github
2025-04-24 00:18:59 Success.
2025-04-24 00:18:59 Latest version is 1.8.10
2025-04-24 00:18:59 An update is already downloaded.
2025-04-25 16:47:45 Loading updated app package /home/credo/.config/obsidian/obsidian-1.8.10.asar
2025-04-25 16:47:46 Checking for update using Github
2025-04-25 16:47:47 Success.
2025-04-25 16:47:47 Latest version is 1.8.10
2025-04-25 16:47:47 App is up to date.
2025-04-25 17:47:45 Checking for update using Github
2025-04-25 17:47:46 Success.
2025-04-25 17:47:46 Latest version is 1.8.10
2025-04-25 17:47:46 App is up to date.
2025-04-25 19:58:10 Checking for update using Github
2025-04-25 19:58:10 Success.
2025-04-25 19:58:10 Latest version is 1.8.10
2025-04-25 19:58:10 App is up to date.
2025-04-26 15:49:30 Loading updated app package /home/credo/.config/obsidian/obsidian-1.8.10.asar
2025-04-26 15:49:31 Checking for update using Github
2025-04-26 15:49:33 Success.
2025-04-26 15:49:33 Latest version is 1.8.10
2025-04-26 15:49:33 App is up to date.
2025-04-26 16:54:14 Checking for update using Github
2025-04-26 16:54:14 Success.
2025-04-26 16:54:14 Latest version is 1.8.10
2025-04-26 16:54:14 App is up to date.
2025-04-27 23:31:12 Loading updated app package /home/credo/.config/obsidian/obsidian-1.8.10.asar
2025-04-27 23:31:12 Checking for update using Github
2025-04-27 23:31:13 Success.
2025-04-27 23:31:13 Latest version is 1.8.10
2025-04-27 23:31:13 App is up to date.
2025-04-28 08:08:57 Checking for update using Github
2025-04-28 08:09:57 Failed to check for update using Github (net::ERR_CONNECTION_RESET)
2025-04-28 08:09:57 Checking for update using obsidian.md
2025-04-28 08:10:16 Failed to check for update using obsidian.md (Unexpected end of JSON input)
2025-04-28 09:00:32 Loading updated app package /home/credo/.config/obsidian/obsidian-1.8.10.asar
2025-04-28 09:00:33 Checking for update using Github
2025-04-28 09:00:33 Failed to check for update using Github (net::ERR_INTERNET_DISCONNECTED)
2025-04-28 09:00:33 Checking for update using obsidian.md
2025-04-28 09:00:33 Failed to check for update using obsidian.md (net::ERR_INTERNET_DISCONNECTED)
2025-04-28 10:20:32 Checking for update using Github
2025-04-28 10:20:32 Failed to check for update using Github (net::ERR_INTERNET_DISCONNECTED)
2025-04-28 10:20:32 Checking for update using obsidian.md
2025-04-28 10:20:32 Failed to check for update using obsidian.md (net::ERR_INTERNET_DISCONNECTED)
2025-04-28 11:07:46 Loading updated app package /home/credo/.config/obsidian/obsidian-1.8.10.asar
2025-04-28 11:07:47 Checking for update using Github
2025-04-28 11:08:36 Failed to check for update using Github (net::ERR_TIMED_OUT)
2025-04-28 11:08:36 Checking for update using obsidian.md
2025-04-28 11:08:58 Failed to check for update using obsidian.md (Unexpected end of JSON input)
2025-04-28 11:19:32 Loading updated app package /home/credo/.config/obsidian/obsidian-1.8.10.asar
2025-04-28 11:19:32 Checking for update using Github
2025-04-28 11:19:32 Failed to check for update using Github (net::ERR_INTERNET_DISCONNECTED)
2025-04-28 11:19:32 Checking for update using obsidian.md
2025-04-28 11:19:32 Failed to check for update using obsidian.md (net::ERR_INTERNET_DISCONNECTED)
2025-04-28 18:34:19 Loading updated app package /home/credo/.config/obsidian/obsidian-1.8.10.asar
2025-04-28 18:34:19 Checking for update using Github
2025-04-28 18:34:20 Success.
2025-04-28 18:34:20 Latest version is 1.8.10
2025-04-28 18:34:20 App is up to date.
2025-04-28 19:34:20 Checking for update using Github
2025-04-28 19:34:20 Success.
2025-04-28 19:34:20 Latest version is 1.8.10
2025-04-28 19:34:20 App is up to date.
2025-04-28 20:01:47 Loading updated app package /home/credo/.config/obsidian/obsidian-1.8.10.asar
2025-04-28 20:01:47 Checking for update using Github
2025-04-28 20:01:48 Success.
2025-04-28 20:01:48 Latest version is 1.8.10
2025-04-28 20:01:48 App is up to date.
2025-04-28 21:21:23 Checking for update using Github
2025-04-28 21:21:24 Success.
2025-04-28 21:21:24 Latest version is 1.8.10
2025-04-28 21:21:24 App is up to date.
2025-04-28 22:21:24 Checking for update using Github
2025-04-28 22:21:24 Success.
2025-04-28 22:21:24 Latest version is 1.8.10
2025-04-28 22:21:24 App is up to date.
2025-04-29 07:22:11 Loading updated app package /home/credo/.config/obsidian/obsidian-1.8.10.asar
2025-04-29 07:22:11 Checking for update using Github
2025-04-29 07:22:15 Success.
2025-04-29 07:22:15 Latest version is 1.8.10
2025-04-29 07:22:15 App is up to date.
2025-04-29 08:22:12 Checking for update using Github
2025-04-29 08:22:22 Success.
2025-04-29 08:22:22 Latest version is 1.8.10
2025-04-29 08:22:22 App is up to date.
2025-04-29 09:22:12 Checking for update using Github
2025-04-29 09:22:17 Failed to check for update using Github (net::ERR_INTERNET_DISCONNECTED)
2025-04-29 09:22:17 Checking for update using obsidian.md
2025-04-29 09:22:17 Failed to check for update using obsidian.md (net::ERR_INTERNET_DISCONNECTED)
2025-04-29 10:49:29 Checking for update using Github
2025-04-29 10:49:42 Success.
2025-04-29 10:49:42 Latest version is 1.8.10
2025-04-29 10:49:42 App is up to date.
2025-04-29 11:49:30 Checking for update using Github
2025-04-29 11:49:35 Success.
2025-04-29 11:49:35 Latest version is 1.8.10
2025-04-29 11:49:35 App is up to date.
2025-04-29 15:43:02 Loading updated app package /home/credo/.config/obsidian/obsidian-1.8.10.asar
2025-04-29 15:43:02 Checking for update using Github
2025-04-29 15:43:07 Success.
2025-04-29 15:43:07 Latest version is 1.8.10
2025-04-29 15:43:07 App is up to date.
2025-04-29 16:43:06 Checking for update using Github
2025-04-29 16:43:07 Success.
2025-04-29 16:43:07 Latest version is 1.8.10
2025-04-29 16:43:07 App is up to date.
2025-04-29 21:31:29 Loading updated app package /home/credo/.config/obsidian/obsidian-1.8.10.asar
2025-04-29 21:31:30 Checking for update using Github
2025-04-29 21:31:30 Success.
2025-04-29 21:31:30 Latest version is 1.8.10
2025-04-29 21:31:30 App is up to date.
2025-04-29 22:47:51 Checking for update using Github
2025-04-29 22:47:51 Success.
2025-04-29 22:47:51 Latest version is 1.8.10
2025-04-29 22:47:51 App is up to date.
2025-04-30 07:44:58 Loading updated app package /home/credo/.config/obsidian/obsidian-1.8.10.asar
2025-04-30 07:44:58 Checking for update using Github
2025-04-30 07:44:59 Failed to check for update using Github (net::ERR_INTERNET_DISCONNECTED)
2025-04-30 07:44:59 Checking for update using obsidian.md
2025-04-30 07:44:59 Failed to check for update using obsidian.md (net::ERR_INTERNET_DISCONNECTED)
2025-04-30 08:44:58 Checking for update using Github
2025-04-30 08:45:09 Failed to check for update using Github (net::ERR_NAME_NOT_RESOLVED)
2025-04-30 08:45:09 Checking for update using obsidian.md
2025-04-30 08:45:14 Failed to check for update using obsidian.md (net::ERR_NAME_NOT_RESOLVED)
2025-04-30 10:17:26 Checking for update using Github
2025-04-30 10:17:30 Success.
2025-04-30 10:17:30 Latest version is 1.8.10
2025-04-30 10:17:30 App is up to date.
2025-04-30 11:17:29 Checking for update using Github
2025-04-30 11:17:29 Failed to check for update using Github (net::ERR_INTERNET_DISCONNECTED)
2025-04-30 11:17:29 Checking for update using obsidian.md
2025-04-30 11:17:29 Failed to check for update using obsidian.md (net::ERR_INTERNET_DISCONNECTED)
2025-04-30 12:17:29 Checking for update using Github
2025-04-30 12:17:30 Success.
2025-04-30 12:17:30 Latest version is 1.8.10
2025-04-30 12:17:30 App is up to date.
2025-04-30 12:59:49 Loading updated app package /home/credo/.config/obsidian/obsidian-1.8.10.asar
2025-04-30 12:59:50 Checking for update using Github
2025-04-30 13:00:08 Success.
2025-04-30 13:00:08 Latest version is 1.8.10
2025-04-30 13:00:08 App is up to date.
2025-04-30 13:49:27 Loading updated app package /home/credo/.config/obsidian/obsidian-1.8.10.asar
2025-04-30 13:49:28 Checking for update using Github
2025-04-30 13:49:35 Success.
2025-04-30 13:49:35 Latest version is 1.8.10
2025-04-30 13:49:35 App is up to date.
2025-04-30 14:54:40 Checking for update using Github
2025-04-30 14:54:53 Failed to check for update using Github (net::ERR_NETWORK_IO_SUSPENDED)
2025-04-30 14:54:53 Checking for update using obsidian.md
2025-04-30 14:54:53 Failed to check for update using obsidian.md (net::ERR_NETWORK_CHANGED)
2025-04-30 16:37:57 Checking for update using Github
2025-04-30 16:38:16 Success.
2025-04-30 16:38:16 Latest version is 1.8.10
2025-04-30 16:38:16 App is up to date.
2025-05-04 15:23:39 Loading main app package /usr/lib/obsidian/obsidian.asar
2025-05-04 15:23:40 Checking for update using Github
2025-05-04 15:23:40 Success.
2025-05-04 15:23:40 Latest version is 1.8.10
2025-05-04 15:23:40 App is up to date.
2025-05-04 16:23:39 Checking for update using Github
2025-05-04 16:23:41 Success.
2025-05-04 16:23:41 Latest version is 1.8.10
2025-05-04 16:23:41 App is up to date.
2025-05-04 22:26:56 Checking for update using Github
2025-05-04 22:27:01 Success.
2025-05-04 22:27:01 Latest version is 1.8.10
2025-05-04 22:27:01 App is up to date.
2025-05-05 07:19:19 Checking for update using Github
2025-05-05 07:19:38 Failed to check for update using Github (net::ERR_NETWORK_CHANGED)
2025-05-05 07:19:38 Checking for update using obsidian.md
2025-05-05 07:19:38 Failed to check for update using obsidian.md (net::ERR_NAME_NOT_RESOLVED)
2025-05-05 08:19:19 Checking for update using Github
2025-05-05 08:20:19 Failed to check for update using Github (net::ERR_TIMED_OUT)
2025-05-05 08:20:19 Checking for update using obsidian.md
2025-05-05 08:21:20 Failed to check for update using obsidian.md (Unexpected end of JSON input)
2025-05-05 09:19:19 Checking for update using Github
2025-05-05 09:19:20 Success.
2025-05-05 09:19:20 Latest version is 1.8.10
2025-05-05 09:19:20 App is up to date.
2025-05-05 10:19:19 Checking for update using Github
2025-05-05 10:19:19 Failed to check for update using Github (net::ERR_INTERNET_DISCONNECTED)
2025-05-05 10:19:19 Checking for update using obsidian.md
2025-05-05 10:19:19 Failed to check for update using obsidian.md (net::ERR_INTERNET_DISCONNECTED)
2025-05-05 11:19:19 Checking for update using Github
2025-05-05 11:19:20 Success.
2025-05-05 11:19:20 Latest version is 1.8.10
2025-05-05 11:19:20 App is up to date.
2025-05-05 13:18:33 Checking for update using Github
2025-05-05 13:22:33 Failed to check for update using Github (net::ERR_TIMED_OUT)
2025-05-05 13:22:33 Checking for update using obsidian.md
2025-05-05 13:22:34 Failed to check for update using obsidian.md (net::ERR_DNS_NO_MATCHING_SUPPORTED_ALPN)
2025-05-05 14:18:33 Checking for update using Github
2025-05-05 14:18:33 Failed to check for update using Github (net::ERR_INTERNET_DISCONNECTED)
2025-05-05 14:18:33 Checking for update using obsidian.md
2025-05-05 14:18:33 Failed to check for update using obsidian.md (net::ERR_INTERNET_DISCONNECTED)
2025-05-06 07:10:23 Loading main app package /usr/lib/obsidian/obsidian.asar
2025-05-06 07:10:23 Checking for update using Github
2025-05-06 07:10:32 Success.
2025-05-06 07:10:32 Latest version is 1.8.10
2025-05-06 07:10:32 App is up to date.
2025-05-06 08:12:04 Checking for update using Github
2025-05-06 08:12:04 Success.
2025-05-06 08:12:04 Latest version is 1.8.10
2025-05-06 08:12:04 App is up to date.
2025-05-06 09:12:04 Checking for update using Github
2025-05-06 09:12:07 Failed to check for update using Github (net::ERR_CONNECTION_RESET)
2025-05-06 09:12:07 Checking for update using obsidian.md
2025-05-06 09:12:08 Failed to check for update using obsidian.md (net::ERR_CONNECTION_RESET)
2025-05-06 09:38:23 Loading main app package /usr/lib/obsidian/obsidian.asar
2025-05-06 09:38:23 Checking for update using Github
2025-05-06 09:38:37 Success.
2025-05-06 09:38:37 Latest version is 1.8.10
2025-05-06 09:38:37 App is up to date.
2025-05-06 09:59:17 Loading main app package /usr/lib/obsidian/obsidian.asar
2025-05-06 09:59:17 Checking for update using Github
2025-05-06 09:59:28 Success.
2025-05-06 09:59:28 Latest version is 1.8.10
2025-05-06 09:59:28 App is up to date.
2025-05-06 10:59:17 Checking for update using Github
2025-05-06 10:59:26 Success.
2025-05-06 10:59:26 Latest version is 1.8.10
2025-05-06 10:59:26 App is up to date.
2025-05-06 13:40:00 Checking for update using Github
2025-05-06 13:44:00 Failed to check for update using Github (net::ERR_TIMED_OUT)
2025-05-06 13:44:00 Checking for update using obsidian.md
2025-05-06 13:44:00 Failed to check for update using obsidian.md (net::ERR_DNS_NO_MATCHING_SUPPORTED_ALPN)
2025-05-06 14:44:01 Checking for update using Github
2025-05-06 14:44:09 Success.
2025-05-06 14:44:09 Latest version is 1.8.10
2025-05-06 14:44:09 App is up to date.
2025-05-06 18:37:00 Loading main app package /usr/lib/obsidian/obsidian.asar
2025-05-06 18:37:01 Checking for update using Github
2025-05-06 18:37:06 Success.
2025-05-06 18:37:06 Latest version is 1.8.10
2025-05-06 18:37:06 App is up to date.
2025-05-06 19:37:00 Checking for update using Github
2025-05-06 19:37:00 Success.
2025-05-06 19:37:00 Latest version is 1.8.10
2025-05-06 19:37:00 App is up to date.
2025-05-06 21:28:18 Checking for update using Github
2025-05-06 21:28:18 Success.
2025-05-06 21:28:18 Latest version is 1.8.10
2025-05-06 21:28:18 App is up to date.
2025-05-06 22:28:18 Checking for update using Github
2025-05-06 22:28:20 Success.
2025-05-06 22:28:20 Latest version is 1.8.10
2025-05-06 22:28:20 App is up to date.
2025-05-07 00:12:32 Checking for update using Github
2025-05-07 00:12:33 Success.
2025-05-07 00:12:33 Latest version is 1.8.10
2025-05-07 00:12:33 App is up to date.
2025-05-07 07:50:33 Checking for update using Github
2025-05-07 07:50:35 Success.
2025-05-07 07:50:35 Latest version is 1.8.10
2025-05-07 07:50:35 App is up to date.
2025-05-07 08:50:33 Checking for update using Github
2025-05-07 08:50:34 Success.
2025-05-07 08:50:34 Latest version is 1.8.10
2025-05-07 08:50:34 App is up to date.
2025-05-07 09:50:33 Checking for update using Github
2025-05-07 09:50:36 Success.
2025-05-07 09:50:36 Latest version is 1.8.10
2025-05-07 09:50:36 App is up to date.
2025-05-07 10:50:34 Checking for update using Github
2025-05-07 10:50:40 Success.
2025-05-07 10:50:40 Latest version is 1.8.10
2025-05-07 10:50:40 App is up to date.
2025-05-07 11:50:34 Checking for update using Github
2025-05-07 11:50:44 Failed to check for update using Github (net::ERR_NAME_NOT_RESOLVED)
2025-05-07 11:50:44 Checking for update using obsidian.md
2025-05-07 11:50:44 Failed to check for update using obsidian.md (net::ERR_NAME_NOT_RESOLVED)
2025-05-07 13:38:16 Checking for update using Github
2025-05-07 13:38:29 Failed to check for update using Github (net::ERR_NETWORK_CHANGED)
2025-05-07 13:38:29 Checking for update using obsidian.md
2025-05-07 13:38:29 Failed to check for update using obsidian.md (net::ERR_NAME_NOT_RESOLVED)
2025-05-07 14:38:16 Checking for update using Github
2025-05-07 14:38:16 Failed to check for update using Github (net::ERR_INTERNET_DISCONNECTED)
2025-05-07 14:38:16 Checking for update using obsidian.md
2025-05-07 14:38:16 Failed to check for update using obsidian.md (net::ERR_INTERNET_DISCONNECTED)
2025-05-07 21:51:58 Checking for update using Github
2025-05-07 21:51:58 Failed to check for update using Github (net::ERR_INTERNET_DISCONNECTED)
2025-05-07 21:51:58 Checking for update using obsidian.md
2025-05-07 21:51:58 Failed to check for update using obsidian.md (net::ERR_INTERNET_DISCONNECTED)
2025-05-08 11:05:02 Loading main app package /usr/lib/obsidian/obsidian.asar
2025-05-08 11:05:03 Checking for update using Github
2025-05-08 11:05:03 Success.
2025-05-08 11:05:03 Latest version is 1.8.10
2025-05-08 11:05:03 App is up to date.
2025-05-08 12:43:31 Checking for update using Github
2025-05-08 12:43:34 Success.
2025-05-08 12:43:34 Latest version is 1.8.10
2025-05-08 12:43:34 App is up to date.
2025-05-08 13:44:02 Checking for update using Github
2025-05-08 13:44:04 Success.
2025-05-08 13:44:04 Latest version is 1.8.10
2025-05-08 13:44:04 App is up to date.
2025-05-08 20:44:23 Loading main app package /usr/lib/obsidian/obsidian.asar
2025-05-08 20:44:23 Checking for update using Github
2025-05-08 20:44:24 Success.
2025-05-08 20:44:24 Latest version is 1.8.10
2025-05-08 20:44:24 App is up to date.
2025-05-08 21:44:23 Checking for update using Github
2025-05-08 21:44:23 Success.
2025-05-08 21:44:23 Latest version is 1.8.10
2025-05-08 21:44:23 App is up to date.
2025-05-09 07:50:22 Loading main app package /usr/lib/obsidian/obsidian.asar
2025-05-09 07:50:23 Checking for update using Github
2025-05-09 07:50:32 Failed to check for update using Github (net::ERR_INTERNET_DISCONNECTED)
2025-05-09 07:50:32 Checking for update using obsidian.md
2025-05-09 07:50:32 Failed to check for update using obsidian.md (net::ERR_INTERNET_DISCONNECTED)
2025-05-09 08:50:23 Checking for update using Github
2025-05-09 08:50:42 Success.
2025-05-09 08:50:42 Latest version is 1.8.10
2025-05-09 08:50:42 App is up to date.
2025-05-09 10:48:15 Loading main app package /usr/lib/obsidian/obsidian.asar
2025-05-09 10:48:16 Checking for update using Github
2025-05-09 10:48:23 Success.
2025-05-09 10:48:23 Latest version is 1.8.10
2025-05-09 10:48:23 App is up to date.
2025-05-09 13:22:57 Loading main app package /usr/lib/obsidian/obsidian.asar
2025-05-09 13:22:57 Checking for update using Github
2025-05-09 13:23:07 Success.
2025-05-09 13:23:07 Latest version is 1.8.10
2025-05-09 13:23:07 App is up to date.
2025-05-09 14:22:57 Checking for update using Github
2025-05-09 14:22:59 Success.
2025-05-09 14:22:59 Latest version is 1.8.10
2025-05-09 14:22:59 App is up to date.
2025-05-10 07:56:22 Loading main app package /usr/lib/obsidian/obsidian.asar
2025-05-10 07:56:22 Checking for update using Github
2025-05-10 07:56:23 Success.
2025-05-10 07:56:23 Latest version is 1.8.10
2025-05-10 07:56:23 App is up to date.
2025-05-10 08:56:24 Checking for update using Github
2025-05-10 08:56:25 Success.
2025-05-10 08:56:25 Latest version is 1.8.10
2025-05-10 08:56:25 App is up to date.
2025-05-10 10:31:19 Checking for update using Github
2025-05-10 10:31:19 Success.
2025-05-10 10:31:19 Latest version is 1.8.10
2025-05-10 10:31:19 App is up to date.
2025-05-10 11:31:19 Checking for update using Github
2025-05-10 11:31:20 Success.
2025-05-10 11:31:20 Latest version is 1.8.10
2025-05-10 11:31:20 App is up to date.
2025-05-10 19:15:19 Loading main app package /usr/lib/obsidian/obsidian.asar
2025-05-10 19:15:19 Checking for update using Github
2025-05-10 19:15:21 Success.
2025-05-10 19:15:21 Latest version is 1.8.10
2025-05-10 19:15:21 App is up to date.
2025-05-12 07:25:48 Loading main app package /usr/lib/obsidian/obsidian.asar
2025-05-12 07:25:48 Checking for update using Github
2025-05-12 07:25:55 Success.
2025-05-12 07:25:55 Latest version is 1.8.10
2025-05-12 07:25:55 App is up to date.
2025-05-12 08:25:48 Checking for update using Github
2025-05-12 08:25:50 Success.
2025-05-12 08:25:50 Latest version is 1.8.10
2025-05-12 08:25:50 App is up to date.
2025-05-12 09:25:48 Checking for update using Github
2025-05-12 09:25:54 Success.
2025-05-12 09:25:54 Latest version is 1.8.10
2025-05-12 09:25:54 App is up to date.
2025-05-12 10:26:25 Checking for update using Github
2025-05-12 10:26:31 Success.
2025-05-12 10:26:31 Latest version is 1.8.10
2025-05-12 10:26:31 App is up to date.
2025-05-12 11:26:25 Checking for update using Github
2025-05-12 11:26:31 Success.
2025-05-12 11:26:31 Latest version is 1.8.10
2025-05-12 11:26:31 App is up to date.
2025-05-12 12:33:49 Checking for update using Github
2025-05-12 12:33:49 Success.
2025-05-12 12:33:49 Latest version is 1.8.10
2025-05-12 12:33:49 App is up to date.
2025-05-12 13:33:49 Checking for update using Github
2025-05-12 13:34:01 Success.
2025-05-12 13:34:01 Latest version is 1.8.10
2025-05-12 13:34:01 App is up to date.
2025-05-12 13:37:06 Loading main app package /usr/lib/obsidian/obsidian.asar
2025-05-12 13:37:06 Checking for update using Github
2025-05-12 13:37:06 Success.
2025-05-12 13:37:06 Latest version is 1.8.10
2025-05-12 13:37:06 App is up to date.
2025-05-12 13:39:16 Loading main app package /usr/lib/obsidian/obsidian.asar
2025-05-12 13:39:16 Checking for update using Github
2025-05-12 13:39:17 Success.
2025-05-12 13:39:17 Latest version is 1.8.10
2025-05-12 13:39:17 App is up to date.
2025-05-13 17:45:34 Loading main app package /usr/lib/obsidian/obsidian.asar
2025-05-13 17:45:34 Checking for update using Github
2025-05-13 17:45:34 Success.
2025-05-13 17:45:34 Latest version is 1.8.10
2025-05-13 17:45:34 App is up to date.
2025-05-13 19:08:30 Checking for update using Github
2025-05-13 19:08:31 Success.
2025-05-13 19:08:31 Latest version is 1.8.10
2025-05-13 19:08:31 App is up to date.
2025-05-13 20:08:31 Checking for update using Github
2025-05-13 20:08:32 Success.
2025-05-13 20:08:32 Latest version is 1.8.10
2025-05-13 20:08:32 App is up to date.
2025-05-14 07:50:30 Loading main app package /usr/lib/obsidian/obsidian.asar
2025-05-14 07:50:31 Checking for update using Github
2025-05-14 07:50:39 Success.
2025-05-14 07:50:39 Latest version is 1.8.10
2025-05-14 07:50:39 App is up to date.
2025-05-14 08:50:33 Checking for update using Github
2025-05-14 08:50:43 Success.
2025-05-14 08:50:43 Latest version is 1.8.10
2025-05-14 08:50:43 App is up to date.
2025-05-14 09:50:33 Checking for update using Github
2025-05-14 09:50:47 Success.
2025-05-14 09:50:47 Latest version is 1.8.10
2025-05-14 09:50:47 App is up to date.
2025-05-14 10:19:26 Loading main app package /usr/lib/obsidian/obsidian.asar
2025-05-14 10:19:27 Checking for update using Github
2025-05-14 10:19:34 Success.
2025-05-14 10:19:34 Latest version is 1.8.10
2025-05-14 10:19:34 App is up to date.
2025-05-14 11:19:26 Checking for update using Github
2025-05-14 11:19:31 Success.
2025-05-14 11:19:31 Latest version is 1.8.10
2025-05-14 11:19:31 App is up to date.
2025-05-15 07:32:50 Loading main app package /usr/lib/obsidian/obsidian.asar
2025-05-15 07:32:50 Checking for update using Github
2025-05-15 07:33:42 Failed to check for update using Github (net::ERR_NAME_NOT_RESOLVED)
2025-05-15 07:33:42 Checking for update using obsidian.md
2025-05-15 07:34:15 Failed to check for update using obsidian.md (net::ERR_NETWORK_CHANGED)
2025-05-15 10:20:09 Loading main app package /usr/lib/obsidian/obsidian.asar
2025-05-15 10:20:09 Checking for update using Github
2025-05-15 10:20:11 Success.
2025-05-15 10:20:11 Latest version is 1.8.10
2025-05-15 10:20:11 App is up to date.
2025-05-15 10:36:09 Loading main app package /usr/lib/obsidian/obsidian.asar
2025-05-15 10:36:10 Checking for update using Github
2025-05-15 10:36:20 Success.
2025-05-15 10:36:20 Latest version is 1.8.10
2025-05-15 10:36:20 App is up to date.
2025-05-16 07:52:09 Loading main app package /usr/lib/obsidian/obsidian.asar
2025-05-16 07:52:09 Checking for update using Github
2025-05-16 07:52:11 Success.
2025-05-16 07:52:11 Latest version is 1.8.10
2025-05-16 07:52:11 App is up to date.
2025-05-16 07:53:26 Loading main app package /usr/lib/obsidian/obsidian.asar
2025-05-16 07:53:26 Checking for update using Github
2025-05-16 07:53:26 Success.
2025-05-16 07:53:26 Latest version is 1.8.10
2025-05-16 07:53:26 App is up to date.
2025-05-16 11:56:17 Loading main app package /usr/lib/obsidian/obsidian.asar
2025-05-16 11:56:17 Checking for update using Github
2025-05-16 11:56:18 Success.
2025-05-16 11:56:18 Latest version is 1.8.10
2025-05-16 11:56:18 App is up to date.
2025-05-16 12:56:17 Checking for update using Github
2025-05-16 12:56:18 Success.
2025-05-16 12:56:18 Latest version is 1.8.10
2025-05-16 12:56:18 App is up to date.
2025-05-16 22:01:42 Loading main app package /usr/lib/obsidian/obsidian.asar
2025-05-16 22:01:43 Checking for update using Github
2025-05-16 22:01:43 Success.
2025-05-16 22:01:43 Latest version is 1.8.10
2025-05-16 22:01:43 App is up to date.
2025-05-16 22:21:04 Loading main app package /usr/lib/obsidian/obsidian.asar
2025-05-16 22:21:05 Checking for update using Github
2025-05-16 22:21:05 Success.
2025-05-16 22:21:05 Latest version is 1.8.10
2025-05-16 22:21:05 App is up to date.
2025-05-17 09:26:57 Loading main app package /usr/lib/obsidian/obsidian.asar
2025-05-17 09:26:58 Checking for update using Github
2025-05-17 09:26:59 Success.
2025-05-17 09:26:59 Latest version is 1.8.10
2025-05-17 09:26:59 App is up to date.
2025-05-18 14:59:38 Loading main app package /usr/lib/obsidian/obsidian.asar
2025-05-18 14:59:38 Checking for update using Github
2025-05-18 15:03:39 Failed to check for update using Github (net::ERR_TIMED_OUT)
2025-05-18 15:03:39 Checking for update using obsidian.md
2025-05-18 15:03:39 Failed to check for update using obsidian.md (net::ERR_TIMED_OUT)
2025-05-18 15:56:06 Loading main app package /usr/lib/obsidian/obsidian.asar
2025-05-18 15:56:07 Checking for update using Github
2025-05-18 15:56:14 Failed to check for update using Github (net::ERR_NETWORK_IO_SUSPENDED)
2025-05-18 15:56:14 Checking for update using obsidian.md
2025-05-18 15:56:14 Failed to check for update using obsidian.md (net::ERR_NETWORK_CHANGED)
2025-05-18 19:01:20 Checking for update using Github
2025-05-18 19:01:20 Success.
2025-05-18 19:01:20 Latest version is 1.8.10
2025-05-18 19:01:20 App is up to date.
2025-05-18 20:14:20 Checking for update using Github
2025-05-18 20:14:21 Success.
2025-05-18 20:14:21 Latest version is 1.8.10
2025-05-18 20:14:21 App is up to date.
2025-05-18 22:44:28 Checking for update using Github
2025-05-18 22:44:29 Success.
2025-05-18 22:44:29 Latest version is 1.8.10
2025-05-18 22:44:29 App is up to date.
2025-05-19 08:46:43 Checking for update using Github
2025-05-19 08:46:44 Success.
2025-05-19 08:46:44 Latest version is 1.8.10
2025-05-19 08:46:44 App is up to date.
2025-05-19 09:48:40 Checking for update using Github
2025-05-19 09:48:41 Success.
2025-05-19 09:48:41 Latest version is 1.8.10
2025-05-19 09:48:41 App is up to date.
2025-05-19 12:35:43 Loading main app package /usr/lib/obsidian/obsidian.asar
2025-05-19 12:35:43 Checking for update using Github
2025-05-19 12:35:43 Failed to check for update using Github (net::ERR_INTERNET_DISCONNECTED)
2025-05-19 12:35:43 Checking for update using obsidian.md
2025-05-19 12:35:43 Failed to check for update using obsidian.md (net::ERR_INTERNET_DISCONNECTED)
2025-05-19 13:36:33 Checking for update using Github
2025-05-19 13:36:34 Success.
2025-05-19 13:36:34 Latest version is 1.8.10
2025-05-19 13:36:34 App is up to date.
2025-05-19 14:25:41 Loading main app package /usr/lib/obsidian/obsidian.asar
2025-05-19 14:25:41 Checking for update using Github
2025-05-19 14:25:41 Failed to check for update using Github (net::ERR_NAME_NOT_RESOLVED)
2025-05-19 14:25:41 Checking for update using obsidian.md
2025-05-19 14:25:41 Failed to check for update using obsidian.md (net::ERR_NAME_NOT_RESOLVED)
2025-05-20 02:11:10 Loading main app package /usr/lib/obsidian/obsidian.asar
2025-05-20 02:11:10 Checking for update using Github
2025-05-20 02:11:11 Success.
2025-05-20 02:11:11 Latest version is 1.8.10
2025-05-20 02:11:11 App is up to date.
2025-05-20 02:14:50 Loading main app package /usr/lib/obsidian/obsidian.asar
2025-05-20 02:14:51 Checking for update using Github
2025-05-20 02:14:51 Success.
2025-05-20 02:14:51 Latest version is 1.8.10
2025-05-20 02:14:51 App is up to date.
2025-05-20 03:14:50 Checking for update using Github
2025-05-20 03:14:51 Success.
2025-05-20 03:14:51 Latest version is 1.8.10
2025-05-20 03:14:51 App is up to date.
2025-05-20 07:34:46 Loading main app package /usr/lib/obsidian/obsidian.asar
2025-05-20 07:34:46 Checking for update using Github
2025-05-20 07:34:47 Success.
2025-05-20 07:34:47 Latest version is 1.8.10
2025-05-20 07:34:47 App is up to date.
2025-05-20 08:34:46 Checking for update using Github
2025-05-20 08:34:49 Success.
2025-05-20 08:34:49 Latest version is 1.8.10
2025-05-20 08:34:49 App is up to date.
2025-05-20 09:34:46 Checking for update using Github
2025-05-20 09:34:47 Success.
2025-05-20 09:34:47 Latest version is 1.8.10
2025-05-20 09:34:47 App is up to date.
2025-05-20 10:35:08 Checking for update using Github
2025-05-20 10:35:09 Success.
2025-05-20 10:35:09 Latest version is 1.8.10
2025-05-20 10:35:09 App is up to date.
2025-05-20 11:35:09 Checking for update using Github
2025-05-20 11:35:10 Success.
2025-05-20 11:35:10 Latest version is 1.8.10
2025-05-20 11:35:10 App is up to date.
2025-05-20 13:43:12 Checking for update using Github
2025-05-20 13:43:20 Success.
2025-05-20 13:43:20 Latest version is 1.8.10
2025-05-20 13:43:20 App is up to date.
2025-05-20 14:43:12 Checking for update using Github
2025-05-20 14:43:13 Success.
2025-05-20 14:43:13 Latest version is 1.8.10
2025-05-20 14:43:13 App is up to date.
2025-05-20 17:27:58 Checking for update using Github
2025-05-20 17:28:01 Success.
2025-05-20 17:28:01 Latest version is 1.8.10
2025-05-20 17:28:01 App is up to date.
2025-05-21 07:48:39 Loading main app package /usr/lib/obsidian/obsidian.asar
2025-05-21 07:48:40 Checking for update using Github
2025-05-21 07:48:42 Success.
2025-05-21 07:48:42 Latest version is 1.8.10
2025-05-21 07:48:42 App is up to date.
2025-05-21 08:48:42 Checking for update using Github
2025-05-21 08:48:44 Success.
2025-05-21 08:48:44 Latest version is 1.8.10
2025-05-21 08:48:44 App is up to date.
2025-05-21 10:17:00 Checking for update using Github
2025-05-21 10:17:07 Failed to check for update using Github (net::ERR_INTERNET_DISCONNECTED)
2025-05-21 10:17:07 Checking for update using obsidian.md
2025-05-21 10:17:07 Failed to check for update using obsidian.md (net::ERR_INTERNET_DISCONNECTED)
2025-05-21 11:17:00 Checking for update using Github
2025-05-21 11:17:02 Success.
2025-05-21 11:17:02 Latest version is 1.8.10
2025-05-21 11:17:02 App is up to date.
2025-05-21 12:06:05 Loading main app package /usr/lib/obsidian/obsidian.asar
2025-05-21 12:06:06 Checking for update using Github
2025-05-21 12:07:19 Failed to check for update using Github (net::ERR_NETWORK_IO_SUSPENDED)
2025-05-21 12:07:19 Checking for update using obsidian.md
2025-05-21 12:07:20 Failed to check for update using obsidian.md (net::ERR_NETWORK_CHANGED)
2025-05-21 12:41:46 Loading main app package /usr/lib/obsidian/obsidian.asar
2025-05-21 12:41:46 Checking for update using Github
2025-05-21 12:41:51 Success.
2025-05-21 12:41:51 Latest version is 1.8.10
2025-05-21 12:41:51 App is up to date.
2025-05-21 13:46:21 Checking for update using Github
2025-05-21 13:47:16 Success.
2025-05-21 13:47:16 Latest version is 1.8.10
2025-05-21 13:47:16 App is up to date.
2025-05-21 14:46:21 Checking for update using Github
2025-05-21 14:46:28 Success.
2025-05-21 14:46:28 Latest version is 1.8.10
2025-05-21 14:46:28 App is up to date.
2025-05-22 07:36:15 Loading main app package /usr/lib/obsidian/obsidian.asar
2025-05-22 07:36:16 Checking for update using Github
2025-05-22 07:36:38 Success.
2025-05-22 07:36:38 Latest version is 1.8.10
2025-05-22 07:36:38 App is up to date.
2025-05-22 08:28:21 Loading main app package /usr/lib/obsidian/obsidian.asar
2025-05-22 08:28:22 Checking for update using Github
2025-05-22 08:28:23 Success.
2025-05-22 08:28:23 Latest version is 1.8.10
2025-05-22 08:28:23 App is up to date.
2025-05-22 09:28:21 Checking for update using Github
2025-05-22 09:28:22 Success.
2025-05-22 09:28:22 Latest version is 1.8.10
2025-05-22 09:28:22 App is up to date.
2025-05-22 10:57:51 Checking for update using Github
2025-05-22 10:57:54 Success.
2025-05-22 10:57:54 Latest version is 1.8.10
2025-05-22 10:57:54 App is up to date.
2025-05-22 12:00:32 Checking for update using Github
2025-05-22 12:00:32 Failed to check for update using Github (net::ERR_INTERNET_DISCONNECTED)
2025-05-22 12:00:32 Checking for update using obsidian.md
2025-05-22 12:00:32 Failed to check for update using obsidian.md (net::ERR_INTERNET_DISCONNECTED)
2025-05-22 12:38:58 Loading main app package /usr/lib/obsidian/obsidian.asar
2025-05-22 12:38:58 Checking for update using Github
2025-05-22 12:39:01 Success.
2025-05-22 12:39:01 Latest version is 1.8.10
2025-05-22 12:39:01 App is up to date.
2025-05-22 13:38:58 Checking for update using Github
2025-05-22 13:38:58 Failed to check for update using Github (net::ERR_NAME_NOT_RESOLVED)
2025-05-22 13:38:58 Checking for update using obsidian.md
2025-05-22 13:38:58 Failed to check for update using obsidian.md (net::ERR_NAME_NOT_RESOLVED)
2025-05-23 07:47:35 Loading main app package /usr/lib/obsidian/obsidian.asar
2025-05-23 07:47:36 Checking for update using Github
2025-05-23 07:47:38 Success.
2025-05-23 07:47:38 Latest version is 1.8.10
2025-05-23 07:47:38 App is up to date.
2025-05-23 08:47:38 Checking for update using Github
2025-05-23 08:47:40 Success.
2025-05-23 08:47:40 Latest version is 1.8.10
2025-05-23 08:47:40 App is up to date.
2025-05-23 10:34:51 Checking for update using Github
2025-05-23 10:34:57 Success.
2025-05-23 10:34:57 Latest version is 1.8.10
2025-05-23 10:34:57 App is up to date.
2025-05-23 11:34:52 Checking for update using Github
2025-05-23 11:35:00 Failed to check for update using Github (net::ERR_NAME_NOT_RESOLVED)
2025-05-23 11:35:00 Checking for update using obsidian.md
2025-05-23 11:35:00 Failed to check for update using obsidian.md (net::ERR_NAME_NOT_RESOLVED)
2025-05-23 12:39:16 Checking for update using Github
2025-05-23 12:39:17 Success.
2025-05-23 12:39:17 Latest version is 1.8.10
2025-05-23 12:39:17 App is up to date.
2025-05-23 13:47:16 Checking for update using Github
2025-05-23 13:47:47 Failed to check for update using Github (net::ERR_INTERNET_DISCONNECTED)
2025-05-23 13:47:47 Checking for update using obsidian.md
2025-05-23 13:48:01 Failed to check for update using obsidian.md (Unexpected end of JSON input)
2025-05-23 14:47:17 Checking for update using Github
2025-05-23 14:47:20 Success.
2025-05-23 14:47:20 Latest version is 1.8.10
2025-05-23 14:47:20 App is up to date.
2025-05-23 14:49:56 Loading main app package /usr/lib/obsidian/obsidian.asar
2025-05-23 14:49:56 Checking for update using Github
2025-05-23 14:49:56 Success.
2025-05-23 14:49:56 Latest version is 1.8.10
2025-05-23 14:49:56 App is up to date.
2025-05-23 18:00:51 Loading main app package /usr/lib/obsidian/obsidian.asar
2025-05-23 18:00:51 Checking for update using Github
2025-05-23 18:00:51 Success.
2025-05-23 18:00:51 Latest version is 1.8.10
2025-05-23 18:00:51 App is up to date.
2025-05-23 18:40:38 Loading main app package /usr/lib/obsidian/obsidian.asar
2025-05-23 18:40:38 Checking for update using Github
2025-05-23 18:40:38 Success.
2025-05-23 18:40:38 Latest version is 1.8.10
2025-05-23 18:40:38 App is up to date.
2025-05-23 19:40:38 Checking for update using Github
2025-05-23 19:40:39 Success.
2025-05-23 19:40:39 Latest version is 1.8.10
2025-05-23 19:40:39 App is up to date.
2025-05-24 03:00:14 Checking for update using Github
2025-05-24 03:00:20 Success.
2025-05-24 03:00:20 Latest version is 1.8.10
2025-05-24 03:00:20 App is up to date.
2025-05-24 04:00:15 Checking for update using Github
2025-05-24 04:00:16 Success.
2025-05-24 04:00:16 Latest version is 1.8.10
2025-05-24 04:00:16 App is up to date.
2025-05-24 05:04:46 Checking for update using Github
2025-05-24 05:04:46 Success.
2025-05-24 05:04:46 Latest version is 1.8.10
2025-05-24 05:04:46 App is up to date.
2025-05-24 08:08:54 Checking for update using Github
2025-05-24 08:08:55 Success.
2025-05-24 08:08:55 Latest version is 1.8.10
2025-05-24 08:08:55 App is up to date.
2025-05-24 09:08:54 Checking for update using Github
2025-05-24 09:08:55 Success.
2025-05-24 09:08:55 Latest version is 1.8.10
2025-05-24 09:08:55 App is up to date.
2025-05-24 10:41:57 Checking for update using Github
2025-05-24 10:41:57 Success.
2025-05-24 10:41:57 Latest version is 1.8.10
2025-05-24 10:41:57 App is up to date.
2025-05-24 11:41:57 Checking for update using Github
2025-05-24 11:42:00 Success.
2025-05-24 11:42:00 Latest version is 1.8.10
2025-05-24 11:42:00 App is up to date.
2025-05-24 20:34:46 Checking for update using Github
2025-05-24 20:34:46 Success.
2025-05-24 20:34:46 Latest version is 1.8.10
2025-05-24 20:34:46 App is up to date.
2025-05-24 22:11:24 Checking for update using Github
2025-05-24 22:11:24 Success.
2025-05-24 22:11:24 Latest version is 1.8.10
2025-05-24 22:11:24 App is up to date.
2025-05-24 23:11:24 Checking for update using Github
2025-05-24 23:11:29 Success.
2025-05-24 23:11:29 Latest version is 1.8.10
2025-05-24 23:11:29 App is up to date.
2025-05-25 00:11:30 Loading main app package /usr/lib/obsidian/obsidian.asar
2025-05-25 00:11:30 Checking for update using Github
2025-05-25 00:11:30 Success.
2025-05-25 00:11:30 Latest version is 1.8.10
2025-05-25 00:11:30 App is up to date.
2025-05-25 00:28:02 Loading main app package /usr/lib/obsidian/obsidian.asar
2025-05-25 00:28:02 Checking for update using Github
2025-05-25 00:28:06 Success.
2025-05-25 00:28:06 Latest version is 1.8.10
2025-05-25 00:28:06 App is up to date.
2025-05-25 00:37:25 Loading main app package /usr/lib/obsidian/obsidian.asar
2025-05-25 00:37:26 Checking for update using Github
2025-05-25 00:37:26 Success.
2025-05-25 00:37:26 Latest version is 1.8.10
2025-05-25 00:37:26 App is up to date.
2025-05-25 01:03:20 Loading main app package /usr/lib/obsidian/obsidian.asar
2025-05-25 01:03:20 Checking for update using Github
2025-05-25 01:03:21 Success.
2025-05-25 01:03:21 Latest version is 1.8.10
2025-05-25 01:03:21 App is up to date.
2025-05-25 11:56:46 Checking for update using Github
2025-05-25 11:56:46 Success.
2025-05-25 11:56:46 Latest version is 1.8.10
2025-05-25 11:56:46 App is up to date.
2025-05-25 13:52:40 Loading main app package /usr/lib/obsidian/obsidian.asar
2025-05-25 13:52:41 Checking for update using Github
2025-05-25 13:52:41 Success.
2025-05-25 13:52:41 Latest version is 1.8.10
2025-05-25 13:52:41 App is up to date.
2025-05-25 16:47:58 Checking for update using Github
2025-05-25 16:47:58 Success.
2025-05-25 16:47:58 Latest version is 1.8.10
2025-05-25 16:47:58 App is up to date.
2025-05-25 18:42:18 Checking for update using Github
2025-05-25 18:42:18 Success.
2025-05-25 18:42:18 Latest version is 1.8.10
2025-05-25 18:42:18 App is up to date.
2025-05-25 22:17:42 Checking for update using Github
2025-05-25 22:17:46 Success.
2025-05-25 22:17:46 Latest version is 1.8.10
2025-05-25 22:17:46 App is up to date.
2025-05-25 23:17:43 Checking for update using Github
2025-05-25 23:17:44 Success.
2025-05-25 23:17:44 Latest version is 1.8.10
2025-05-25 23:17:44 App is up to date.
2025-05-26 07:31:14 Checking for update using Github
2025-05-26 07:31:29 Success.
2025-05-26 07:31:29 Latest version is 1.8.10
2025-05-26 07:31:29 App is up to date.
2025-05-26 09:11:46 Checking for update using Github
2025-05-26 09:11:47 Success.
2025-05-26 09:11:47 Latest version is 1.8.10
2025-05-26 09:11:47 App is up to date.
2025-05-26 10:30:41 Checking for update using Github
2025-05-26 10:30:43 Success.
2025-05-26 10:30:43 Latest version is 1.8.10
2025-05-26 10:30:43 App is up to date.
2025-05-26 11:30:41 Checking for update using Github
2025-05-26 11:30:43 Success.
2025-05-26 11:30:43 Latest version is 1.8.10
2025-05-26 11:30:43 App is up to date.
2025-05-26 12:38:22 Checking for update using Github
2025-05-26 12:38:28 Success.
2025-05-26 12:38:28 Latest version is 1.8.10
2025-05-26 12:38:28 App is up to date.
2025-05-26 13:38:23 Checking for update using Github
2025-05-26 13:38:24 Success.
2025-05-26 13:38:24 Latest version is 1.8.10
2025-05-26 13:38:24 App is up to date.
2025-05-26 14:38:23 Checking for update using Github
2025-05-26 14:38:25 Success.
2025-05-26 14:38:25 Latest version is 1.8.10
2025-05-26 14:38:25 App is up to date.
2025-05-26 20:52:25 Checking for update using Github
2025-05-26 20:52:25 Success.
2025-05-26 20:52:25 Latest version is 1.8.10
2025-05-26 20:52:25 App is up to date.
2025-05-26 22:00:35 Checking for update using Github
2025-05-26 22:00:35 Success.
2025-05-26 22:00:35 Latest version is 1.8.10
2025-05-26 22:00:35 App is up to date.
2025-05-26 23:00:35 Checking for update using Github
2025-05-26 23:00:35 Success.
2025-05-26 23:00:35 Latest version is 1.8.10
2025-05-26 23:00:35 App is up to date.
2025-05-27 07:49:02 Checking for update using Github
2025-05-27 07:49:03 Success.
2025-05-27 07:49:03 Latest version is 1.8.10
2025-05-27 07:49:03 App is up to date.
2025-05-27 08:49:02 Checking for update using Github
2025-05-27 08:49:09 Success.
2025-05-27 08:49:09 Latest version is 1.8.10
2025-05-27 08:49:09 App is up to date.
2025-05-27 09:50:51 Checking for update using Github
2025-05-27 09:51:06 Failed to check for update using Github (net::ERR_INTERNET_DISCONNECTED)
2025-05-27 09:51:06 Checking for update using obsidian.md
2025-05-27 09:51:06 Failed to check for update using obsidian.md (net::ERR_INTERNET_DISCONNECTED)
2025-05-27 10:53:21 Checking for update using Github
2025-05-27 10:53:31 Success.
2025-05-27 10:53:31 Latest version is 1.8.10
2025-05-27 10:53:31 App is up to date.
2025-05-27 13:23:18 Loading main app package /usr/lib/obsidian/obsidian.asar
2025-05-27 13:23:19 Checking for update using Github
2025-05-27 13:23:19 Failed to check for update using Github (net::ERR_INTERNET_DISCONNECTED)
2025-05-27 13:23:19 Checking for update using obsidian.md
2025-05-27 13:23:19 Failed to check for update using obsidian.md (net::ERR_INTERNET_DISCONNECTED)
2025-05-27 14:23:18 Checking for update using Github
2025-05-27 14:23:35 Success.
2025-05-27 14:23:35 Latest version is 1.8.10
2025-05-27 14:23:35 App is up to date.
2025-05-27 16:24:55 Loading main app package /usr/lib/obsidian/obsidian.asar
2025-05-27 16:24:56 Checking for update using Github
2025-05-27 16:24:58 Success.
2025-05-27 16:24:58 Latest version is 1.8.10
2025-05-27 16:24:58 App is up to date.
2025-05-27 21:17:18 Loading main app package /usr/lib/obsidian/obsidian.asar
2025-05-27 21:17:19 Checking for update using Github
2025-05-27 21:17:19 Success.
2025-05-27 21:17:19 Latest version is 1.8.10
2025-05-27 21:17:19 App is up to date.
2025-05-27 21:41:20 Loading main app package /usr/lib/obsidian/obsidian.asar
2025-05-27 21:41:20 Checking for update using Github
2025-05-27 21:41:20 Success.
2025-05-27 21:41:20 Latest version is 1.8.10
2025-05-27 21:41:20 App is up to date.
2025-05-27 22:41:20 Checking for update using Github
2025-05-27 22:41:20 Success.
2025-05-27 22:41:20 Latest version is 1.8.10
2025-05-27 22:41:20 App is up to date.
2025-05-28 07:07:05 Checking for update using Github
2025-05-28 07:07:06 Success.
2025-05-28 07:07:06 Latest version is 1.8.10
2025-05-28 07:07:06 App is up to date.
2025-05-28 08:07:07 Checking for update using Github
2025-05-28 08:07:08 Success.
2025-05-28 08:07:08 Latest version is 1.8.10
2025-05-28 08:07:08 App is up to date.
2025-05-28 09:07:07 Checking for update using Github
2025-05-28 09:07:07 Success.
2025-05-28 09:07:07 Latest version is 1.8.10
2025-05-28 09:07:07 App is up to date.
2025-05-28 10:41:13 Checking for update using Github
2025-05-28 10:41:13 Failed to check for update using Github (net::ERR_INTERNET_DISCONNECTED)
2025-05-28 10:41:13 Checking for update using obsidian.md
2025-05-28 10:41:13 Failed to check for update using obsidian.md (net::ERR_INTERNET_DISCONNECTED)
2025-05-28 11:26:50 Loading main app package /usr/lib/obsidian/obsidian.asar
2025-05-28 11:26:50 Checking for update using Github
2025-05-28 11:26:59 Success.
2025-05-28 11:26:59 Latest version is 1.8.10
2025-05-28 11:26:59 App is up to date.
2025-05-28 12:15:38 Loading main app package /usr/lib/obsidian/obsidian.asar
2025-05-28 12:15:38 Checking for update using Github
2025-05-28 12:15:38 Failed to check for update using Github (net::ERR_NAME_NOT_RESOLVED)
2025-05-28 12:15:38 Checking for update using obsidian.md
2025-05-28 12:15:38 Failed to check for update using obsidian.md (net::ERR_NAME_NOT_RESOLVED)
2025-05-28 13:42:59 Checking for update using Github
2025-05-28 13:44:49 Failed to check for update using Github (net::ERR_NETWORK_CHANGED)
2025-05-28 13:44:49 Checking for update using obsidian.md
2025-05-28 13:44:49 Failed to check for update using obsidian.md (net::ERR_NAME_NOT_RESOLVED)
2025-05-28 14:42:57 Checking for update using Github
2025-05-28 14:42:59 Success.
2025-05-28 14:42:59 Latest version is 1.8.10
2025-05-28 14:42:59 App is up to date.
2025-05-29 12:06:33 Loading main app package /usr/lib/obsidian/obsidian.asar
2025-05-29 12:06:33 Checking for update using Github
2025-05-29 12:06:38 Success.
2025-05-29 12:06:38 Latest version is 1.8.10
2025-05-29 12:06:38 App is up to date.
2025-05-29 19:17:36 Loading main app package /usr/lib/obsidian/obsidian.asar
2025-05-29 19:17:36 Checking for update using Github
2025-05-29 19:17:37 Success.
2025-05-29 19:17:37 Latest version is 1.8.10
2025-05-29 19:17:37 App is up to date.
2025-05-29 20:00:04 Loading main app package /usr/lib/obsidian/obsidian.asar
2025-05-29 20:00:04 Checking for update using Github
2025-05-29 20:00:05 Success.
2025-05-29 20:00:05 Latest version is 1.8.10
2025-05-29 20:00:05 App is up to date.
2025-05-29 21:00:04 Checking for update using Github
2025-05-29 21:00:06 Success.
2025-05-29 21:00:06 Latest version is 1.8.10
2025-05-29 21:00:06 App is up to date.
2025-05-29 23:40:20 Checking for update using Github
2025-05-29 23:40:20 Success.
2025-05-29 23:40:20 Latest version is 1.8.10
2025-05-29 23:40:20 App is up to date.
2025-05-30 08:03:23 Loading main app package /usr/lib/obsidian/obsidian.asar
2025-05-30 08:03:23 Checking for update using Github
2025-05-30 08:03:24 Success.
2025-05-30 08:03:24 Latest version is 1.8.10
2025-05-30 08:03:24 App is up to date.
2025-05-30 09:03:23 Checking for update using Github
2025-05-30 09:03:38 Success.
2025-05-30 09:03:38 Latest version is 1.8.10
2025-05-30 09:03:38 App is up to date.
2025-05-30 10:45:39 Checking for update using Github
2025-05-30 10:45:40 Success.
2025-05-30 10:45:40 Latest version is 1.8.10
2025-05-30 10:45:40 App is up to date.
2025-05-30 11:45:39 Checking for update using Github
2025-05-30 11:45:45 Success.
2025-05-30 11:45:45 Latest version is 1.8.10
2025-05-30 11:45:45 App is up to date.
2025-05-30 22:16:45 Checking for update using Github
2025-05-30 22:16:45 Success.
2025-05-30 22:16:45 Latest version is 1.8.10
2025-05-30 22:16:45 App is up to date.
2025-05-30 23:23:11 Checking for update using Github
2025-05-30 23:23:11 Success.
2025-05-30 23:23:11 Latest version is 1.8.10
2025-05-30 23:23:11 App is up to date.
2025-05-31 02:02:01 Checking for update using Github
2025-05-31 02:02:01 Success.
2025-05-31 02:02:01 Latest version is 1.8.10
2025-05-31 02:02:01 App is up to date.
2025-05-31 07:52:32 Loading main app package /usr/lib/obsidian/obsidian.asar
2025-05-31 07:52:32 Checking for update using Github
2025-05-31 07:52:37 Success.
2025-05-31 07:52:37 Latest version is 1.8.10
2025-05-31 07:52:37 App is up to date.
2025-05-31 08:52:33 Checking for update using Github
2025-05-31 08:52:34 Success.
2025-05-31 08:52:34 Latest version is 1.8.10
2025-05-31 08:52:34 App is up to date.
2025-05-31 09:52:33 Checking for update using Github
2025-05-31 09:52:46 Failed to check for update using Github (net::ERR_INTERNET_DISCONNECTED)
2025-05-31 09:52:46 Checking for update using obsidian.md
2025-05-31 09:52:46 Failed to check for update using obsidian.md (net::ERR_INTERNET_DISCONNECTED)
2025-05-31 11:51:34 Checking for update using Github
2025-05-31 11:51:35 Success.
2025-05-31 11:51:35 Latest version is 1.8.10
2025-05-31 11:51:35 App is up to date.
2025-06-01 23:53:26 Loading main app package /usr/lib/obsidian/obsidian.asar
2025-06-01 23:53:27 Checking for update using Github
2025-06-01 23:53:27 Success.
2025-06-01 23:53:27 Latest version is 1.8.10
2025-06-01 23:53:27 App is up to date.
2025-06-02 09:28:05 Loading main app package /usr/lib/obsidian/obsidian.asar
2025-06-02 09:28:06 Checking for update using Github
2025-06-02 09:28:07 Success.
2025-06-02 09:28:07 Latest version is 1.8.10
2025-06-02 09:28:07 App is up to date.
2025-06-02 10:57:32 Checking for update using Github
2025-06-02 10:57:49 Success.
2025-06-02 10:57:49 Latest version is 1.8.10
2025-06-02 10:57:49 App is up to date.
2025-06-02 11:39:02 Loading main app package /usr/lib/obsidian/obsidian.asar
2025-06-02 11:39:03 Checking for update using Github
2025-06-02 11:39:04 Failed to check for update using Github (net::ERR_NETWORK_CHANGED)
2025-06-02 11:39:04 Checking for update using obsidian.md
2025-06-02 11:39:04 Failed to check for update using obsidian.md (net::ERR_NAME_NOT_RESOLVED)
2025-06-02 13:13:36 Loading main app package /usr/lib/obsidian/obsidian.asar
2025-06-02 13:13:37 Checking for update using Github
2025-06-02 13:14:42 Success.
2025-06-02 13:14:42 Latest version is 1.8.10
2025-06-02 13:14:42 App is up to date.
2025-06-02 14:13:39 Checking for update using Github
2025-06-02 14:13:41 Success.
2025-06-02 14:13:41 Latest version is 1.8.10
2025-06-02 14:13:41 App is up to date.
2025-06-02 15:38:31 Checking for update using Github
2025-06-02 15:38:32 Success.
2025-06-02 15:38:32 Latest version is 1.8.10
2025-06-02 15:38:32 App is up to date.
2025-06-02 16:38:31 Checking for update using Github
2025-06-02 16:38:52 Success.
2025-06-02 16:38:52 Latest version is 1.8.10
2025-06-02 16:38:52 App is up to date.
2025-06-02 22:54:13 Loading main app package /usr/lib/obsidian/obsidian.asar
2025-06-02 22:54:13 Checking for update using Github
2025-06-02 22:54:14 Success.
2025-06-02 22:54:14 Latest version is 1.8.10
2025-06-02 22:54:14 App is up to date.
2025-06-03 08:17:19 Loading main app package /usr/lib/obsidian/obsidian.asar
2025-06-03 08:17:19 Checking for update using Github
2025-06-03 08:17:33 Success.
2025-06-03 08:17:33 Latest version is 1.8.10
2025-06-03 08:17:33 App is up to date.
2025-06-03 09:17:19 Checking for update using Github
2025-06-03 09:17:29 Success.
2025-06-03 09:17:29 Latest version is 1.8.10
2025-06-03 09:17:29 App is up to date.
2025-06-03 10:54:19 Checking for update using Github
2025-06-03 10:54:20 Success.
2025-06-03 10:54:20 Latest version is 1.8.10
2025-06-03 10:54:20 App is up to date.
2025-06-03 11:55:30 Checking for update using Github
2025-06-03 11:56:15 Success.
2025-06-03 11:56:15 Latest version is 1.8.10
2025-06-03 11:56:15 App is up to date.
2025-06-03 18:56:29 Loading main app package /usr/lib/obsidian/obsidian.asar
2025-06-03 18:56:30 Checking for update using Github
2025-06-03 18:56:31 Success.
2025-06-03 18:56:31 Latest version is 1.8.10
2025-06-03 18:56:31 App is up to date.
2025-06-03 21:27:38 Checking for update using Github
2025-06-03 21:27:38 Success.
2025-06-03 21:27:38 Latest version is 1.8.10
2025-06-03 21:27:38 App is up to date.
2025-06-03 22:27:40 Checking for update using Github
2025-06-03 22:27:40 Success.
2025-06-03 22:27:40 Latest version is 1.8.10
2025-06-03 22:27:40 App is up to date.
2025-06-04 08:50:54 Checking for update using Github
2025-06-04 08:50:55 Success.
2025-06-04 08:50:55 Latest version is 1.8.10
2025-06-04 08:50:55 App is up to date.
2025-06-04 09:00:32 Loading main app package /usr/lib/obsidian/obsidian.asar
2025-06-04 09:00:32 Checking for update using Github
2025-06-04 09:01:20 Failed to check for update using Github (net::ERR_TIMED_OUT)
2025-06-04 09:01:20 Checking for update using obsidian.md
2025-06-04 09:01:21 Failed to check for update using obsidian.md (net::ERR_TIMED_OUT)
2025-06-04 10:27:02 Checking for update using Github
2025-06-04 10:27:26 Failed to check for update using Github (net::ERR_NETWORK_CHANGED)
2025-06-04 10:27:26 Checking for update using obsidian.md
2025-06-04 10:27:26 Failed to check for update using obsidian.md (net::ERR_NAME_NOT_RESOLVED)
2025-06-04 11:27:01 Checking for update using Github
2025-06-04 11:27:12 Success.
2025-06-04 11:27:12 Latest version is 1.8.10
2025-06-04 11:27:12 App is up to date.
2025-06-04 12:38:45 Checking for update using Github
2025-06-04 12:39:10 Success.
2025-06-04 12:39:10 Latest version is 1.8.10
2025-06-04 12:39:10 App is up to date.
2025-06-04 13:38:45 Checking for update using Github
2025-06-04 13:39:00 Failed to check for update using Github (net::ERR_NAME_NOT_RESOLVED)
2025-06-04 13:39:00 Checking for update using obsidian.md
2025-06-04 13:39:00 Failed to check for update using obsidian.md (net::ERR_NAME_NOT_RESOLVED)
2025-06-04 14:46:29 Checking for update using Github
2025-06-04 14:46:29 Failed to check for update using Github (net::ERR_NAME_NOT_RESOLVED)
2025-06-04 14:46:29 Checking for update using obsidian.md
2025-06-04 14:46:29 Failed to check for update using obsidian.md (net::ERR_NAME_NOT_RESOLVED)
2025-06-06 17:35:39 Loading main app package /usr/lib/obsidian/obsidian.asar
2025-06-06 17:35:40 Checking for update using Github
2025-06-06 17:35:40 Success.
2025-06-06 17:35:40 Latest version is 1.8.10
2025-06-06 17:35:40 App is up to date.
2025-06-07 14:18:38 Loading main app package /usr/lib/obsidian/obsidian.asar
2025-06-07 14:18:39 Checking for update using Github
2025-06-07 14:18:39 Success.
2025-06-07 14:18:39 Latest version is 1.8.10
2025-06-07 14:18:39 App is up to date.
2025-06-07 16:16:51 Loading main app package /usr/lib/obsidian/obsidian.asar
2025-06-07 16:16:52 Checking for update using Github
2025-06-07 16:16:53 Success.
2025-06-07 16:16:53 Latest version is 1.8.10
2025-06-07 16:16:53 App is up to date.
2025-06-07 17:16:51 Checking for update using Github
2025-06-07 17:16:53 Success.
2025-06-07 17:16:53 Latest version is 1.8.10
2025-06-07 17:16:53 App is up to date.
2025-06-07 18:16:51 Checking for update using Github
2025-06-07 18:16:52 Success.
2025-06-07 18:16:52 Latest version is 1.8.10
2025-06-07 18:16:52 App is up to date.
2025-06-07 21:01:53 Checking for update using Github
2025-06-07 21:01:53 Success.
2025-06-07 21:01:53 Latest version is 1.8.10
2025-06-07 21:01:53 App is up to date.
2025-06-07 22:14:07 Checking for update using Github
2025-06-07 22:14:09 Success.
2025-06-07 22:14:09 Latest version is 1.8.10
2025-06-07 22:14:09 App is up to date.
2025-06-08 18:28:48 Loading main app package /usr/lib/obsidian/obsidian.asar
2025-06-08 18:28:48 Checking for update using Github
2025-06-08 18:28:49 Success.
2025-06-08 18:28:49 Latest version is 1.8.10
2025-06-08 18:28:49 App is up to date.
2025-06-08 22:32:47 Checking for update using Github
2025-06-08 22:32:47 Success.
2025-06-08 22:32:47 Latest version is 1.8.10
2025-06-08 22:32:47 App is up to date.
2025-06-09 09:50:38 Loading main app package /usr/lib/obsidian/obsidian.asar
2025-06-09 09:50:39 Checking for update using Github
2025-06-09 09:50:44 Success.
2025-06-09 09:50:44 Latest version is 1.8.10
2025-06-09 09:50:44 App is up to date.
2025-06-09 13:55:33 Checking for update using Github
2025-06-09 13:55:34 Success.
2025-06-09 13:55:34 Latest version is 1.8.10
2025-06-09 13:55:34 App is up to date.
2025-06-09 17:08:15 Checking for update using Github
2025-06-09 17:08:15 Success.
2025-06-09 17:08:15 Latest version is 1.8.10
2025-06-09 17:08:15 App is up to date.
2025-06-09 19:36:14 Checking for update using Github
2025-06-09 19:36:14 Success.
2025-06-09 19:36:14 Latest version is 1.8.10
2025-06-09 19:36:14 App is up to date.
2025-06-09 20:03:38 Loading main app package /usr/lib/obsidian/obsidian.asar
2025-06-09 20:03:39 Checking for update using Github
2025-06-09 20:03:45 Success.
2025-06-09 20:03:45 Latest version is 1.8.10
2025-06-09 20:03:45 App is up to date.
2025-06-10 07:17:23 Loading main app package /usr/lib/obsidian/obsidian.asar
2025-06-10 07:17:24 Checking for update using Github
2025-06-10 07:17:25 Success.
2025-06-10 07:17:25 Latest version is 1.8.10
2025-06-10 07:17:25 App is up to date.
2025-06-10 08:17:23 Checking for update using Github
2025-06-10 08:17:24 Success.
2025-06-10 08:17:24 Latest version is 1.8.10
2025-06-10 08:17:24 App is up to date.
2025-06-10 10:05:14 Loading main app package /usr/lib/obsidian/obsidian.asar
2025-06-10 10:05:14 Checking for update using Github
2025-06-10 10:05:14 Failed to check for update using Github (net::ERR_NAME_NOT_RESOLVED)
2025-06-10 10:05:14 Checking for update using obsidian.md
2025-06-10 10:05:14 Failed to check for update using obsidian.md (net::ERR_NAME_NOT_RESOLVED)
2025-06-10 10:05:40 Loading main app package /usr/lib/obsidian/obsidian.asar
2025-06-10 10:06:47 Loading main app package /usr/lib/obsidian/obsidian.asar
2025-06-10 10:06:48 Checking for update using Github
2025-06-10 10:06:48 Failed to check for update using Github (net::ERR_NAME_NOT_RESOLVED)
2025-06-10 10:06:48 Checking for update using obsidian.md
2025-06-10 10:06:48 Failed to check for update using obsidian.md (net::ERR_NAME_NOT_RESOLVED)
2025-06-10 11:06:48 Checking for update using Github
2025-06-10 11:07:00 Success.
2025-06-10 11:07:00 Latest version is 1.8.10
2025-06-10 11:07:00 App is up to date.
2025-06-10 12:06:48 Checking for update using Github
2025-06-10 12:07:25 Success.
2025-06-10 12:07:25 Latest version is 1.8.10
2025-06-10 12:07:25 App is up to date.
2025-06-10 13:37:05 Checking for update using Github
2025-06-10 13:37:42 Success.
2025-06-10 13:37:42 Latest version is 1.8.10
2025-06-10 13:37:42 App is up to date.
2025-06-10 14:37:05 Checking for update using Github
2025-06-10 14:37:12 Success.
2025-06-10 14:37:12 Latest version is 1.8.10
2025-06-10 14:37:12 App is up to date.
2025-06-10 20:58:16 Checking for update using Github
2025-06-10 20:58:16 Success.
2025-06-10 20:58:16 Latest version is 1.8.10
2025-06-10 20:58:16 App is up to date.
2025-06-10 21:55:54 Loading main app package /usr/lib/obsidian/obsidian.asar
2025-06-10 21:55:55 Checking for update using Github
2025-06-10 21:55:56 Success.
2025-06-10 21:55:56 Latest version is 1.8.10
2025-06-10 21:55:56 App is up to date.
2025-06-11 07:26:13 Loading main app package /usr/lib/obsidian/obsidian.asar
2025-06-11 07:26:13 Checking for update using Github
2025-06-11 07:26:16 Success.
2025-06-11 07:26:16 Latest version is 1.8.10
2025-06-11 07:26:16 App is up to date.
2025-06-11 08:26:13 Checking for update using Github
2025-06-11 08:26:19 Success.
2025-06-11 08:26:19 Latest version is 1.8.10
2025-06-11 08:26:19 App is up to date.
2025-06-11 09:26:13 Checking for update using Github
2025-06-11 09:26:39 Success.
2025-06-11 09:26:39 Latest version is 1.8.10
2025-06-11 09:26:39 App is up to date.
2025-06-11 10:26:13 Checking for update using Github
2025-06-11 10:26:14 Success.
2025-06-11 10:26:14 Latest version is 1.8.10
2025-06-11 10:26:14 App is up to date.
2025-06-11 11:38:48 Checking for update using Github
2025-06-11 11:38:54 Success.
2025-06-11 11:38:54 Latest version is 1.8.10
2025-06-11 11:38:54 App is up to date.
2025-06-11 12:38:48 Checking for update using Github
2025-06-11 12:39:05 Success.
2025-06-11 12:39:05 Latest version is 1.8.10
2025-06-11 12:39:05 App is up to date.
2025-06-11 14:25:53 Checking for update using Github
2025-06-11 14:26:07 Success.
2025-06-11 14:26:07 Latest version is 1.8.10
2025-06-11 14:26:07 App is up to date.
2025-06-11 15:33:22 Checking for update using Github
2025-06-11 15:33:23 Success.
2025-06-11 15:33:23 Latest version is 1.8.10
2025-06-11 15:33:23 App is up to date.
2025-06-11 17:46:11 Checking for update using Github
2025-06-11 17:46:11 Success.
2025-06-11 17:46:11 Latest version is 1.8.10
2025-06-11 17:46:11 App is up to date.
2025-06-11 18:46:11 Checking for update using Github
2025-06-11 18:46:11 Success.
2025-06-11 18:46:11 Latest version is 1.8.10
2025-06-11 18:46:11 App is up to date.
2025-06-11 22:04:00 Checking for update using Github
2025-06-11 22:04:00 Success.
2025-06-11 22:04:00 Latest version is 1.8.10
2025-06-11 22:04:00 App is up to date.
2025-06-12 07:16:19 Loading main app package /usr/lib/obsidian/obsidian.asar
2025-06-12 07:16:19 Checking for update using Github
2025-06-12 07:16:20 Failed to check for update using Github (net::ERR_INTERNET_DISCONNECTED)
2025-06-12 07:16:20 Checking for update using obsidian.md
2025-06-12 07:16:20 Failed to check for update using obsidian.md (net::ERR_INTERNET_DISCONNECTED)
2025-06-12 08:18:17 Checking for update using Github
2025-06-12 08:18:25 Success.
2025-06-12 08:18:25 Latest version is 1.8.10
2025-06-12 08:18:25 App is up to date.
2025-06-12 09:18:17 Checking for update using Github
2025-06-12 09:18:31 Success.
2025-06-12 09:18:31 Latest version is 1.8.10
2025-06-12 09:18:31 App is up to date.
2025-06-12 10:42:08 Checking for update using Github
2025-06-12 10:42:09 Success.
2025-06-12 10:42:09 Latest version is 1.8.10
2025-06-12 10:42:09 App is up to date.
2025-06-12 11:42:43 Checking for update using Github
2025-06-12 11:42:44 Success.
2025-06-12 11:42:44 Latest version is 1.8.10
2025-06-12 11:42:44 App is up to date.
2025-06-12 13:11:26 Checking for update using Github
2025-06-12 13:11:27 Success.
2025-06-12 13:11:27 Latest version is 1.8.10
2025-06-12 13:11:27 App is up to date.
2025-06-12 14:11:26 Checking for update using Github
2025-06-12 14:11:27 Success.
2025-06-12 14:11:27 Latest version is 1.8.10
2025-06-12 14:11:27 App is up to date.
2025-06-12 21:05:09 Loading main app package /usr/lib/obsidian/obsidian.asar
2025-06-12 21:05:10 Checking for update using Github
2025-06-12 21:05:10 Success.
2025-06-12 21:05:10 Latest version is 1.8.10
2025-06-12 21:05:10 App is up to date.
2025-06-13 07:16:14 Loading main app package /usr/lib/obsidian/obsidian.asar
2025-06-13 07:16:14 Checking for update using Github
2025-06-13 07:16:21 Success.
2025-06-13 07:16:21 Latest version is 1.8.10
2025-06-13 07:16:21 App is up to date.
2025-06-13 08:16:22 Checking for update using Github
2025-06-13 08:16:27 Success.
2025-06-13 08:16:27 Latest version is 1.8.10
2025-06-13 08:16:27 App is up to date.
2025-06-13 09:16:22 Checking for update using Github
2025-06-13 09:16:25 Success.
2025-06-13 09:16:25 Latest version is 1.8.10
2025-06-13 09:16:25 App is up to date.
2025-06-13 10:27:55 Checking for update using Github
2025-06-13 10:28:04 Success.
2025-06-13 10:28:04 Latest version is 1.8.10
2025-06-13 10:28:04 App is up to date.
2025-06-13 11:27:55 Checking for update using Github
2025-06-13 11:27:56 Success.
2025-06-13 11:27:56 Latest version is 1.8.10
2025-06-13 11:27:56 App is up to date.
2025-06-13 13:20:30 Checking for update using Github
2025-06-13 13:20:37 Success.
2025-06-13 13:20:37 Latest version is 1.8.10
2025-06-13 13:20:37 App is up to date.
2025-06-13 14:23:42 Checking for update using Github
2025-06-13 14:23:43 Success.
2025-06-13 14:23:43 Latest version is 1.8.10
2025-06-13 14:23:43 App is up to date.
2025-06-15 21:30:57 Loading main app package /usr/lib/obsidian/obsidian.asar
2025-06-15 21:30:57 Checking for update using Github
2025-06-15 21:30:58 Success.
2025-06-15 21:30:58 Latest version is 1.8.10
2025-06-15 21:30:58 App is up to date.
2025-06-16 07:06:38 Loading main app package /usr/lib/obsidian/obsidian.asar
2025-06-16 07:06:38 Checking for update using Github
2025-06-16 07:06:39 Success.
2025-06-16 07:06:39 Latest version is 1.8.10
2025-06-16 07:06:39 App is up to date.
2025-06-16 08:13:25 Checking for update using Github
2025-06-16 08:13:27 Success.
2025-06-16 08:13:27 Latest version is 1.8.10
2025-06-16 08:13:27 App is up to date.
2025-06-16 09:21:31 Checking for update using Github
2025-06-16 09:21:37 Success.
2025-06-16 09:21:37 Latest version is 1.8.10
2025-06-16 09:21:37 App is up to date.
2025-06-16 10:55:10 Checking for update using Github
2025-06-16 10:55:37 Success.
2025-06-16 10:55:37 Latest version is 1.8.10
2025-06-16 10:55:37 App is up to date.
2025-06-16 12:57:14 Checking for update using Github
2025-06-16 12:58:12 Success.
2025-06-16 12:58:12 Latest version is 1.8.10
2025-06-16 12:58:12 App is up to date.
2025-06-16 13:57:14 Checking for update using Github
2025-06-16 13:57:24 Success.
2025-06-16 13:57:24 Latest version is 1.8.10
2025-06-16 13:57:24 App is up to date.
2025-06-16 14:57:14 Checking for update using Github
2025-06-16 14:57:24 Success.
2025-06-16 14:57:24 Latest version is 1.8.10
2025-06-16 14:57:24 App is up to date.
2025-06-16 16:47:54 Loading main app package /usr/lib/obsidian/obsidian.asar
2025-06-16 16:47:55 Checking for update using Github
2025-06-16 16:47:55 Success.
2025-06-16 16:47:55 Latest version is 1.8.10
2025-06-16 16:47:55 App is up to date.
2025-06-16 19:03:46 Loading main app package /usr/lib/obsidian/obsidian.asar
2025-06-16 19:03:46 Checking for update using Github
2025-06-16 19:03:47 Success.
2025-06-16 19:03:47 Latest version is 1.8.10
2025-06-16 19:03:47 App is up to date.
2025-06-16 20:03:46 Checking for update using Github
2025-06-16 20:03:46 Success.
2025-06-16 20:03:46 Latest version is 1.8.10
2025-06-16 20:03:46 App is up to date.
2025-06-16 21:03:46 Checking for update using Github
2025-06-16 21:03:52 Success.
2025-06-16 21:03:52 Latest version is 1.8.10
2025-06-16 21:03:52 App is up to date.
2025-06-17 00:59:50 Checking for update using Github
2025-06-17 00:59:51 Success.
2025-06-17 00:59:51 Latest version is 1.8.10
2025-06-17 00:59:51 App is up to date.
2025-06-17 10:18:13 Checking for update using Github
2025-06-17 10:18:14 Success.
2025-06-17 10:18:14 Latest version is 1.8.10
2025-06-17 10:18:14 App is up to date.
2025-06-17 11:18:13 Checking for update using Github
2025-06-17 11:18:13 Success.
2025-06-17 11:18:13 Latest version is 1.8.10
2025-06-17 11:18:13 App is up to date.
2025-06-17 12:18:13 Checking for update using Github
2025-06-17 12:18:13 Success.
2025-06-17 12:18:13 Latest version is 1.8.10
2025-06-17 12:18:13 App is up to date.
2025-06-17 15:39:42 Checking for update using Github
2025-06-17 15:39:42 Success.
2025-06-17 15:39:42 Latest version is 1.8.10
2025-06-17 15:39:42 App is up to date.
2025-06-17 17:25:18 Loading main app package /usr/lib/obsidian/obsidian.asar
2025-06-17 17:25:18 Checking for update using Github
2025-06-17 17:25:20 Success.
2025-06-17 17:25:20 Latest version is 1.8.10
2025-06-17 17:25:20 App is up to date.
2025-06-17 21:35:26 Checking for update using Github
2025-06-17 21:35:27 Success.
2025-06-17 21:35:27 Latest version is 1.8.10
2025-06-17 21:35:27 App is up to date.
2025-06-17 22:35:26 Checking for update using Github
2025-06-17 22:35:28 Success.
2025-06-17 22:35:28 Latest version is 1.8.10
2025-06-17 22:35:28 App is up to date.
2025-06-18 07:12:10 Loading main app package /usr/lib/obsidian/obsidian.asar
2025-06-18 07:12:10 Checking for update using Github
2025-06-18 07:12:15 Success.
2025-06-18 07:12:15 Latest version is 1.8.10
2025-06-18 07:12:15 App is up to date.
2025-06-18 08:12:10 Checking for update using Github
2025-06-18 08:12:16 Success.
2025-06-18 08:12:16 Latest version is 1.8.10
2025-06-18 08:12:16 App is up to date.
2025-06-18 09:12:10 Checking for update using Github
2025-06-18 09:12:35 Success.
2025-06-18 09:12:35 Latest version is 1.8.10
2025-06-18 09:12:35 App is up to date.
2025-06-18 10:27:25 Checking for update using Github
2025-06-18 10:27:25 Failed to check for update using Github (net::ERR_INTERNET_DISCONNECTED)
2025-06-18 10:27:25 Checking for update using obsidian.md
2025-06-18 10:27:25 Failed to check for update using obsidian.md (net::ERR_INTERNET_DISCONNECTED)
2025-06-18 12:35:55 Checking for update using Github
2025-06-18 12:36:25 Success.
2025-06-18 12:36:25 Latest version is 1.8.10
2025-06-18 12:36:25 App is up to date.
2025-06-18 13:36:36 Checking for update using Github
2025-06-18 13:36:40 Success.
2025-06-18 13:36:40 Latest version is 1.8.10
2025-06-18 13:36:40 App is up to date.
2025-06-19 07:06:41 Loading main app package /usr/lib/obsidian/obsidian.asar
2025-06-19 07:06:42 Checking for update using Github
2025-06-19 07:06:43 Success.
2025-06-19 07:06:43 Latest version is 1.8.10
2025-06-19 07:06:43 App is up to date.
2025-06-19 08:10:04 Checking for update using Github
2025-06-19 08:10:04 Failed to check for update using Github (net::ERR_NAME_NOT_RESOLVED)
2025-06-19 08:10:04 Checking for update using obsidian.md
2025-06-19 08:10:04 Failed to check for update using obsidian.md (net::ERR_NAME_NOT_RESOLVED)
2025-06-19 09:10:04 Checking for update using Github
2025-06-19 09:10:05 Success.
2025-06-19 09:10:05 Latest version is 1.8.10
2025-06-19 09:10:05 App is up to date.
2025-06-19 10:48:15 Checking for update using Github
2025-06-19 10:48:16 Success.
2025-06-19 10:48:16 Latest version is 1.8.10
2025-06-19 10:48:16 App is up to date.
2025-06-19 11:48:15 Checking for update using Github
2025-06-19 11:48:16 Success.
2025-06-19 11:48:16 Latest version is 1.8.10
2025-06-19 11:48:16 App is up to date.
2025-06-19 13:36:38 Checking for update using Github
2025-06-19 13:36:39 Success.
2025-06-19 13:36:39 Latest version is 1.8.10
2025-06-19 13:36:39 App is up to date.
2025-06-19 14:36:38 Checking for update using Github
2025-06-19 14:36:39 Success.
2025-06-19 14:36:39 Latest version is 1.8.10
2025-06-19 14:36:39 App is up to date.
2025-06-19 21:52:41 Checking for update using Github
2025-06-19 21:52:42 Success.
2025-06-19 21:52:42 Latest version is 1.8.10
2025-06-19 21:52:42 App is up to date.
2025-06-20 07:46:09 Loading main app package /usr/lib/obsidian/obsidian.asar
2025-06-20 07:46:10 Checking for update using Github
2025-06-20 07:46:15 Success.
2025-06-20 07:46:15 Latest version is 1.8.10
2025-06-20 07:46:15 App is up to date.
2025-06-20 08:48:42 Checking for update using Github
2025-06-20 08:48:44 Success.
2025-06-20 08:48:44 Latest version is 1.8.10
2025-06-20 08:48:44 App is up to date.
2025-06-20 09:48:42 Checking for update using Github
2025-06-20 09:48:43 Success.
2025-06-20 09:48:43 Latest version is 1.8.10
2025-06-20 09:48:43 App is up to date.
2025-06-20 11:04:01 Checking for update using Github
2025-06-20 11:04:02 Success.
2025-06-20 11:04:02 Latest version is 1.8.10
2025-06-20 11:04:02 App is up to date.
2025-06-20 12:04:01 Checking for update using Github
2025-06-20 12:04:02 Success.
2025-06-20 12:04:02 Latest version is 1.8.10
2025-06-20 12:04:02 App is up to date.
2025-06-20 13:24:57 Checking for update using Github
2025-06-20 13:24:57 Success.
2025-06-20 13:24:57 Latest version is 1.8.10
2025-06-20 13:24:57 App is up to date.
2025-06-20 14:03:21 Loading main app package /usr/lib/obsidian/obsidian.asar
2025-06-20 14:03:22 Checking for update using Github
2025-06-20 14:03:22 Success.
2025-06-20 14:03:22 Latest version is 1.8.10
2025-06-20 14:03:22 App is up to date.
2025-06-20 18:04:28 Checking for update using Github
2025-06-20 18:04:28 Success.
2025-06-20 18:04:28 Latest version is 1.8.10
2025-06-20 18:04:28 App is up to date.
2025-06-25 20:11:06 Loading main app package /usr/lib/obsidian/obsidian.asar
2025-06-25 20:11:07 Checking for update using Github
2025-06-25 20:11:08 Success.
2025-06-25 20:11:08 Latest version is 1.8.10
2025-06-25 20:11:08 App is up to date.
2025-06-25 21:11:08 Checking for update using Github
2025-06-25 21:11:08 Success.
2025-06-25 21:11:08 Latest version is 1.8.10
2025-06-25 21:11:08 App is up to date.
2025-06-28 14:12:46 Loading main app package /usr/lib/obsidian/obsidian.asar
2025-06-28 14:12:46 Checking for update using Github
2025-06-28 14:12:47 Success.
2025-06-28 14:12:47 Latest version is 1.8.10
2025-06-28 14:12:47 App is up to date.
2025-06-28 15:12:46 Checking for update using Github
2025-06-28 15:12:46 Success.
2025-06-28 15:12:46 Latest version is 1.8.10
2025-06-28 15:12:46 App is up to date.
2025-06-28 16:12:46 Checking for update using Github
2025-06-28 16:12:46 Success.
2025-06-28 16:12:46 Latest version is 1.8.10
2025-06-28 16:12:46 App is up to date.
2025-06-28 21:53:14 Loading main app package /usr/lib/obsidian/obsidian.asar
2025-06-28 21:53:15 Checking for update using Github
2025-06-28 21:53:15 Success.
2025-06-28 21:53:15 Latest version is 1.8.10
2025-06-28 21:53:15 App is up to date.
2025-06-28 23:04:13 Checking for update using Github
2025-06-28 23:04:14 Success.
2025-06-28 23:04:14 Latest version is 1.8.10
2025-06-28 23:04:14 App is up to date.
2025-06-29 21:28:43 Loading main app package /usr/lib/obsidian/obsidian.asar
2025-06-29 21:28:44 Checking for update using Github
2025-06-29 21:28:45 Success.
2025-06-29 21:28:45 Latest version is 1.8.10
2025-06-29 21:28:45 App is up to date.
2025-06-29 22:38:15 Checking for update using Github
2025-06-29 22:38:15 Success.
2025-06-29 22:38:15 Latest version is 1.8.10
2025-06-29 22:38:15 App is up to date.
2025-06-29 23:38:16 Checking for update using Github
2025-06-29 23:38:16 Success.
2025-06-29 23:38:16 Latest version is 1.8.10
2025-06-29 23:38:16 App is up to date.
2025-06-30 00:38:16 Checking for update using Github
2025-06-30 00:38:16 Success.
2025-06-30 00:38:16 Latest version is 1.8.10
2025-06-30 00:38:16 App is up to date.
2025-06-30 04:12:11 Checking for update using Github
2025-06-30 04:12:17 Success.
2025-06-30 04:12:17 Latest version is 1.8.10
2025-06-30 04:12:17 App is up to date.
2025-06-30 05:29:08 Checking for update using Github
2025-06-30 05:29:08 Success.
2025-06-30 05:29:08 Latest version is 1.8.10
2025-06-30 05:29:08 App is up to date.
2025-06-30 06:29:08 Checking for update using Github
2025-06-30 06:29:08 Success.
2025-06-30 06:29:08 Latest version is 1.8.10
2025-06-30 06:29:08 App is up to date.
2025-06-30 11:25:45 Checking for update using Github
2025-06-30 11:25:50 Success.
2025-06-30 11:25:50 Latest version is 1.8.10
2025-06-30 11:25:50 App is up to date.
2025-06-30 14:50:53 Checking for update using Github
2025-06-30 14:50:54 Success.
2025-06-30 14:50:54 Latest version is 1.8.10
2025-06-30 14:50:54 App is up to date.
2025-06-30 17:39:59 Checking for update using Github
2025-06-30 17:39:59 Success.
2025-06-30 17:39:59 Latest version is 1.8.10
2025-06-30 17:39:59 App is up to date.
2025-06-30 18:42:54 Checking for update using Github
2025-06-30 18:42:54 Success.
2025-06-30 18:42:54 Latest version is 1.8.10
2025-06-30 18:42:54 App is up to date.
2025-07-01 06:21:40 Checking for update using Github
2025-07-01 06:21:40 Success.
2025-07-01 06:21:40 Latest version is 1.8.10
2025-07-01 06:21:40 App is up to date.
2025-07-01 09:41:40 Checking for update using Github
2025-07-01 09:41:41 Success.
2025-07-01 09:41:41 Latest version is 1.8.10
2025-07-01 09:41:41 App is up to date.
2025-07-02 18:04:41 Loading main app package /usr/lib/obsidian/obsidian.asar
2025-07-02 18:04:42 Checking for update using Github
2025-07-02 18:04:42 Failed to check for update using Github (net::ERR_NETWORK_CHANGED)
2025-07-02 18:04:42 Checking for update using obsidian.md
2025-07-02 18:04:43 Failed to check for update using obsidian.md (Unexpected end of JSON input)
2025-07-02 19:04:42 Checking for update using Github
2025-07-02 19:04:42 Success.
2025-07-02 19:04:42 Latest version is 1.8.10
2025-07-02 19:04:42 App is up to date.
2025-07-02 20:04:42 Checking for update using Github
2025-07-02 20:04:42 Success.
2025-07-02 20:04:42 Latest version is 1.8.10
2025-07-02 20:04:42 App is up to date.
2025-07-02 22:46:56 Loading main app package /usr/lib/obsidian/obsidian.asar
2025-07-02 22:46:57 Checking for update using Github
2025-07-02 22:47:02 Success.
2025-07-02 22:47:02 Latest version is 1.8.10
2025-07-02 22:47:02 App is up to date.
2025-07-03 00:03:03 Checking for update using Github
2025-07-03 00:03:04 Success.
2025-07-03 00:03:04 Latest version is 1.8.10
2025-07-03 00:03:04 App is up to date.
2025-07-03 03:42:18 Checking for update using Github
2025-07-03 03:42:18 Success.
2025-07-03 03:42:18 Latest version is 1.8.10
2025-07-03 03:42:18 App is up to date.
2025-07-03 04:49:27 Checking for update using Github
2025-07-03 04:49:27 Success.
2025-07-03 04:49:27 Latest version is 1.8.10
2025-07-03 04:49:27 App is up to date.
2025-07-03 07:14:07 Checking for update using Github
2025-07-03 07:14:10 Success.
2025-07-03 07:14:10 Latest version is 1.8.10
2025-07-03 07:14:10 App is up to date.
2025-07-03 09:33:40 Loading main app package /usr/lib/obsidian/obsidian.asar
2025-07-03 09:33:41 Checking for update using Github
2025-07-03 09:33:43 Success.
2025-07-03 09:33:43 Latest version is 1.8.10
2025-07-03 09:33:43 App is up to date.
2025-07-03 11:02:06 Checking for update using Github
2025-07-03 11:02:06 Success.
2025-07-03 11:02:06 Latest version is 1.8.10
2025-07-03 11:02:06 App is up to date.
2025-07-03 12:02:07 Checking for update using Github
2025-07-03 12:02:08 Success.
2025-07-03 12:02:08 Latest version is 1.8.10
2025-07-03 12:02:08 App is up to date.
2025-07-04 03:42:21 Loading main app package /usr/lib/obsidian/obsidian.asar
2025-07-04 03:42:22 Checking for update using Github
2025-07-04 03:42:22 Success.
2025-07-04 03:42:22 Latest version is 1.8.10
2025-07-04 03:42:22 App is up to date.
2025-07-04 04:42:21 Checking for update using Github
2025-07-04 04:42:22 Success.
2025-07-04 04:42:22 Latest version is 1.8.10
2025-07-04 04:42:22 App is up to date.
2025-07-04 05:42:21 Checking for update using Github
2025-07-04 05:42:22 Success.
2025-07-04 05:42:22 Latest version is 1.8.10
2025-07-04 05:42:22 App is up to date.
2025-07-04 15:26:37 Checking for update using Github
2025-07-04 15:26:37 Success.
2025-07-04 15:26:37 Latest version is 1.8.10
2025-07-04 15:26:37 App is up to date.
2025-07-04 16:50:21 Checking for update using Github
2025-07-04 16:50:27 Success.
2025-07-04 16:50:27 Latest version is 1.8.10
2025-07-04 16:50:27 App is up to date.
2025-07-08 21:42:03 Loading main app package /usr/lib/obsidian/obsidian.asar
2025-07-08 21:42:04 Checking for update using Github
2025-07-08 21:42:05 Success.
2025-07-08 21:42:05 Latest version is 1.8.10
2025-07-08 21:42:05 App is up to date.
2025-07-09 00:05:10 Checking for update using Github
2025-07-09 00:05:11 Success.
2025-07-09 00:05:11 Latest version is 1.8.10
2025-07-09 00:05:11 App is up to date.
2025-07-09 01:12:10 Checking for update using Github
2025-07-09 01:12:10 Success.
2025-07-09 01:12:10 Latest version is 1.8.10
2025-07-09 01:12:10 App is up to date.
2025-07-10 01:54:08 Loading main app package /usr/lib/obsidian/obsidian.asar
2025-07-10 01:54:08 Checking for update using Github
2025-07-10 01:54:09 Success.
2025-07-10 01:54:09 Latest version is 1.8.10
2025-07-10 01:54:09 App is up to date.
2025-07-10 02:54:08 Checking for update using Github
2025-07-10 02:54:08 Success.
2025-07-10 02:54:08 Latest version is 1.8.10
2025-07-10 02:54:08 App is up to date.
2025-07-13 22:39:25 Loading main app package /usr/lib/obsidian/obsidian.asar
2025-07-13 22:39:25 Checking for update using Github
2025-07-13 22:39:26 Success.
2025-07-13 22:39:26 Latest version is 1.8.10
2025-07-13 22:39:26 App is up to date.
2025-07-13 23:39:25 Checking for update using Github
2025-07-13 23:39:27 Success.
2025-07-13 23:39:27 Latest version is 1.8.10
2025-07-13 23:39:27 App is up to date.
2025-07-15 14:11:20 Loading main app package /usr/lib/obsidian/obsidian.asar
2025-07-15 14:11:21 Checking for update using Github
2025-07-15 14:11:23 Success.
2025-07-15 14:11:23 Latest version is 1.8.10
2025-07-15 14:11:23 App is up to date.
2025-07-18 08:59:45 Loading main app package /usr/lib/obsidian/obsidian.asar
2025-07-18 08:59:46 Checking for update using Github
2025-07-18 08:59:47 Success.
2025-07-18 08:59:47 Latest version is 1.8.10
2025-07-18 08:59:47 App is up to date.
2025-07-18 09:23:55 Loading main app package /usr/lib/obsidian/obsidian.asar
2025-07-18 09:23:56 Checking for update using Github
2025-07-18 09:23:56 Failed to check for update using Github (net::ERR_INTERNET_DISCONNECTED)
2025-07-18 09:23:56 Checking for update using obsidian.md
2025-07-18 09:23:56 Failed to check for update using obsidian.md (net::ERR_INTERNET_DISCONNECTED)
2025-07-24 10:09:47 Loading main app package /usr/lib/obsidian/obsidian.asar
2025-07-24 10:09:48 Checking for update using Github
2025-07-24 10:09:49 Success.
2025-07-24 10:09:49 Latest version is 1.8.10
2025-07-24 10:09:49 App is up to date.
2025-07-24 17:45:25 Loading main app package /usr/lib/obsidian/obsidian.asar
2025-07-24 17:45:25 Checking for update using Github
2025-07-24 17:45:26 Success.
2025-07-24 17:45:26 Latest version is 1.8.10
2025-07-24 17:45:26 App is up to date.
2025-07-25 10:52:55 Checking for update using Github
2025-07-25 10:52:55 Success.
2025-07-25 10:52:55 Latest version is 1.8.10
2025-07-25 10:52:55 App is up to date.
2025-08-05 17:47:18 Loading main app package /usr/lib/obsidian/obsidian.asar
2025-08-05 17:47:18 Checking for update using Github
2025-08-05 17:47:19 Success.
2025-08-05 17:47:19 Latest version is 1.8.10
2025-08-05 17:47:19 App is up to date.
2025-08-06 01:14:59 Loading main app package /usr/lib/obsidian/obsidian.asar
2025-08-06 01:21:54 Loading main app package /usr/lib/obsidian/obsidian.asar
2025-08-06 12:34:08 Loading main app package /usr/lib/obsidian/obsidian.asar
2025-08-06 12:34:09 Checking for update using Github
2025-08-06 12:34:09 Success.
2025-08-06 12:34:09 Latest version is 1.8.10
2025-08-06 12:34:09 App is up to date.
2025-08-06 12:34:55 Loading main app package /usr/lib/obsidian/obsidian.asar
2025-08-06 12:34:55 Checking for update using Github
2025-08-06 12:34:56 Success.
2025-08-06 12:34:56 Latest version is 1.8.10
2025-08-06 12:34:56 App is up to date.
2025-08-06 16:04:30 Loading main app package /usr/lib/obsidian/obsidian.asar
2025-08-06 16:04:31 Checking for update using Github
2025-08-06 16:04:33 Success.
2025-08-06 16:04:33 Latest version is 1.8.10
2025-08-06 16:04:33 App is up to date.
2025-08-07 00:29:00 Loading main app package /usr/lib/obsidian/obsidian.asar
2025-08-07 00:29:01 Checking for update using Github
2025-08-07 00:29:01 Success.
2025-08-07 00:29:01 Latest version is 1.8.10
2025-08-07 00:29:01 App is up to date.
2025-08-07 01:00:07 Loading main app package /usr/lib/obsidian/obsidian.asar
2025-08-07 01:00:08 Checking for update using Github
2025-08-07 01:00:08 Success.
2025-08-07 01:00:08 Latest version is 1.8.10
2025-08-07 01:00:08 App is up to date.
2025-08-07 17:51:55 Loading main app package /usr/lib/obsidian/obsidian.asar
2025-08-07 17:51:56 Checking for update using Github
2025-08-07 17:51:57 Success.
2025-08-07 17:51:57 Latest version is 1.8.10
2025-08-07 17:51:57 App is up to date.
2025-08-07 19:26:08 Loading main app package /usr/lib/obsidian/obsidian.asar
2025-08-07 19:26:08 Checking for update using Github
2025-08-07 19:26:09 Success.
2025-08-07 19:26:09 Latest version is 1.8.10
2025-08-07 19:26:09 App is up to date.
2025-08-08 02:54:13 Loading main app package /usr/lib/obsidian/obsidian.asar
2025-08-08 02:54:14 Checking for update using Github
2025-08-08 02:54:15 Success.
2025-08-08 02:54:15 Latest version is 1.8.10
2025-08-08 02:54:15 App is up to date.
2025-08-08 09:43:58 Loading main app package /usr/lib/obsidian/obsidian.asar
2025-08-08 09:43:59 Checking for update using Github
2025-08-08 09:44:00 Success.
2025-08-08 09:44:00 Latest version is 1.8.10
2025-08-08 09:44:00 App is up to date.
2025-08-08 09:45:57 Loading main app package /usr/lib/obsidian/obsidian.asar
2025-08-08 09:45:57 Checking for update using Github
2025-08-08 09:45:57 Success.
2025-08-08 09:45:57 Latest version is 1.8.10
2025-08-08 09:45:57 App is up to date.
2025-08-09 03:23:09 Loading main app package /usr/lib/obsidian/obsidian.asar
2025-08-09 03:23:09 Checking for update using Github
2025-08-09 03:23:10 Success.
2025-08-09 03:23:10 Latest version is 1.8.10
2025-08-09 03:23:10 App is up to date.
2025-08-09 04:14:57 Loading main app package /usr/lib/obsidian/obsidian.asar
2025-08-09 04:14:58 Checking for update using Github
2025-08-09 04:14:58 Success.
2025-08-09 04:14:58 Latest version is 1.8.10
2025-08-09 04:14:58 App is up to date.
2025-08-11 18:15:18 Loading main app package /usr/lib/obsidian/obsidian.asar
2025-08-11 18:15:19 Checking for update using Github
2025-08-11 18:15:19 Success.
2025-08-11 18:15:19 Latest version is 1.8.10
2025-08-11 18:15:19 App is up to date.
2025-08-11 19:41:11 Loading main app package /usr/lib/obsidian/obsidian.asar
2025-08-11 19:41:12 Checking for update using Github
2025-08-11 19:41:13 Success.
2025-08-11 19:41:13 Latest version is 1.8.10
2025-08-11 19:41:13 App is up to date.
2025-08-12 16:30:22 Loading main app package /usr/lib/obsidian/obsidian.asar
2025-08-12 16:30:22 Checking for update using Github
2025-08-12 16:30:23 Success.
2025-08-12 16:30:23 Latest version is 1.8.10
2025-08-12 16:30:23 App is up to date.
2025-08-12 18:03:41 Checking for update using Github
2025-08-12 18:03:41 Success.
2025-08-12 18:03:41 Latest version is 1.8.10
2025-08-12 18:03:41 App is up to date.
2025-08-15 02:48:40 Loading main app package /usr/lib/obsidian/obsidian.asar
2025-08-15 02:48:41 Checking for update using Github
2025-08-15 02:48:42 Success.
2025-08-15 02:48:42 Latest version is 1.8.10
2025-08-15 02:48:42 App is up to date.
2025-08-20 23:42:37 Loading main app package /usr/lib/obsidian/obsidian.asar
2025-08-20 23:42:37 Checking for update using Github
2025-08-20 23:42:40 Success.
2025-08-20 23:42:40 Latest version is 1.9.10
2025-08-20 23:42:40 Downloading update from https://github.com/obsidianmd/obsidian-releases/releases/download/v1.9.10/obsidian-1.9.10.asar.gz
2025-08-20 23:42:43 Verifying hash & signature. Size= 9033422
2025-08-20 23:42:43 Saving file
2025-08-20 23:42:44 Update complete.
2025-08-22 19:39:26 Loading updated app package /home/credo/.config/obsidian/obsidian-1.9.10.asar
2025-08-22 19:39:27 Checking for update using Github
2025-08-22 19:39:27 Failed to check for update using Github (net::ERR_NAME_NOT_RESOLVED)
2025-08-22 19:39:27 Checking for update using obsidian.md
2025-08-22 19:39:27 Failed to check for update using obsidian.md (net::ERR_NAME_NOT_RESOLVED)
2025-08-24 14:35:20 Loading updated app package /home/credo/.config/obsidian/obsidian-1.9.10.asar
2025-08-24 14:35:21 Checking for update using Github
2025-08-24 14:35:21 Success.
2025-08-24 14:35:21 Latest version is 1.9.10
2025-08-24 14:35:21 App is up to date.
2025-08-24 15:36:05 Checking for update using Github
2025-08-24 15:36:05 Success.
2025-08-24 15:36:05 Latest version is 1.9.10
2025-08-24 15:36:05 App is up to date.
2025-08-24 16:36:05 Checking for update using Github
2025-08-24 16:36:05 Success.
2025-08-24 16:36:05 Latest version is 1.9.10
2025-08-24 16:36:05 App is up to date.
2025-08-24 23:53:46 Checking for update using Github
2025-08-24 23:53:48 Success.
2025-08-24 23:53:48 Latest version is 1.9.10
2025-08-24 23:53:48 App is up to date.
2025-08-25 12:11:11 Loading updated app package /home/credo/.config/obsidian/obsidian-1.9.10.asar
2025-08-25 12:11:12 Checking for update using Github
2025-08-25 12:11:12 Success.
2025-08-25 12:11:12 Latest version is 1.9.10
2025-08-25 12:11:12 App is up to date.
2025-08-25 13:32:46 Loading main app package /usr/lib/obsidian/obsidian.asar
2025-08-25 13:32:46 Checking for update using Github
2025-08-25 13:32:47 Success.
2025-08-25 13:32:47 Latest version is 1.9.10
2025-08-25 13:32:47 App is up to date.
2025-08-25 14:32:46 Checking for update using Github
2025-08-25 14:32:46 Success.
2025-08-25 14:32:46 Latest version is 1.9.10
2025-08-25 14:32:46 App is up to date.
2025-08-25 15:32:46 Checking for update using Github
2025-08-25 15:32:46 Success.
2025-08-25 15:32:46 Latest version is 1.9.10
2025-08-25 15:32:46 App is up to date.
2025-08-25 19:12:11 Checking for update using Github
2025-08-25 19:12:11 Success.
2025-08-25 19:12:11 Latest version is 1.9.10
2025-08-25 19:12:11 App is up to date.
2025-08-25 20:12:12 Checking for update using Github
2025-08-25 20:12:12 Success.
2025-08-25 20:12:12 Latest version is 1.9.10
2025-08-25 20:12:12 App is up to date.
2025-08-25 21:12:12 Checking for update using Github
2025-08-25 21:12:12 Success.
2025-08-25 21:12:12 Latest version is 1.9.10
2025-08-25 21:12:12 App is up to date.
2025-08-25 23:11:11 Checking for update using Github
2025-08-25 23:11:11 Success.
2025-08-25 23:11:11 Latest version is 1.9.10
2025-08-25 23:11:11 App is up to date.
2025-08-26 00:31:58 Checking for update using Github
2025-08-26 00:31:58 Success.
2025-08-26 00:31:58 Latest version is 1.9.10
2025-08-26 00:31:58 App is up to date.
2025-08-26 01:37:09 Checking for update using Github
2025-08-26 01:37:09 Success.
2025-08-26 01:37:09 Latest version is 1.9.10
2025-08-26 01:37:09 App is up to date.
2025-08-26 11:39:46 Checking for update using Github
2025-08-26 11:39:47 Success.
2025-08-26 11:39:47 Latest version is 1.9.10
2025-08-26 11:39:47 App is up to date.
2025-08-26 13:10:39 Checking for update using Github
2025-08-26 13:10:40 Success.
2025-08-26 13:10:40 Latest version is 1.9.10
2025-08-26 13:10:40 App is up to date.
2025-08-27 23:48:00 Loading main app package /usr/lib/obsidian/obsidian.asar
2025-08-27 23:48:01 Checking for update using Github
2025-08-27 23:48:01 Success.
2025-08-27 23:48:01 Latest version is 1.9.12
2025-08-27 23:48:01 Downloading update from https://github.com/obsidianmd/obsidian-releases/releases/download/v1.9.12/obsidian-1.9.12.asar.gz
2025-08-27 23:48:01 Failed to perform update
2025-08-28 01:33:03 Loading main app package /usr/lib/obsidian/obsidian.asar
2025-08-28 01:33:04 Checking for update using Github
2025-08-28 01:33:04 Success.
2025-08-28 01:33:04 Latest version is 1.9.12
2025-08-28 01:33:04 Downloading update from https://github.com/obsidianmd/obsidian-releases/releases/download/v1.9.12/obsidian-1.9.12.asar.gz
2025-08-28 01:33:06 Verifying hash & signature. Size= 9033321
2025-08-28 01:33:06 Saving file
2025-08-28 01:33:07 Update complete.
2025-08-28 02:33:04 Checking for update using Github
2025-08-28 02:33:04 Success.
2025-08-28 02:33:04 Latest version is 1.9.12
2025-08-28 02:33:04 An update is already downloaded.
2025-08-28 03:33:04 Checking for update using Github
2025-08-28 03:33:04 Success.
2025-08-28 03:33:04 Latest version is 1.9.12
2025-08-28 03:33:04 An update is already downloaded.
2025-08-28 11:59:33 Checking for update using Github
2025-08-28 11:59:33 Success.
2025-08-28 11:59:33 Latest version is 1.9.12
2025-08-28 11:59:33 An update is already downloaded.
2025-08-29 01:11:34 Loading updated app package /home/credo/.config/obsidian/obsidian-1.9.12.asar
2025-08-29 01:11:35 Checking for update using Github
2025-08-29 01:11:35 Success.
2025-08-29 01:11:35 Latest version is 1.9.12
2025-08-29 01:11:35 App is up to date.
2025-09-01 13:09:26 Loading updated app package /home/credo/.config/obsidian/obsidian-1.9.12.asar
2025-09-01 13:09:26 Checking for update using Github
2025-09-01 13:09:27 Success.
2025-09-01 13:09:27 Latest version is 1.9.12
2025-09-01 13:09:27 App is up to date.
2025-09-01 14:09:26 Checking for update using Github
2025-09-01 14:09:32 Success.
2025-09-01 14:09:32 Latest version is 1.9.12
2025-09-01 14:09:32 App is up to date.
2025-09-01 15:47:55 Checking for update using Github
2025-09-01 15:47:59 Success.
2025-09-01 15:47:59 Latest version is 1.9.12
2025-09-01 15:47:59 App is up to date.
2025-09-01 16:54:40 Checking for update using Github
2025-09-01 16:54:41 Success.
2025-09-01 16:54:41 Latest version is 1.9.12
2025-09-01 16:54:41 App is up to date.
2025-09-01 22:23:32 Loading updated app package /home/credo/.config/obsidian/obsidian-1.9.12.asar
2025-09-01 22:23:32 Checking for update using Github
2025-09-01 22:23:33 Success.
2025-09-01 22:23:33 Latest version is 1.9.12
2025-09-01 22:23:33 App is up to date.
2025-09-02 00:11:40 Loading updated app package /home/credo/.config/obsidian/obsidian-1.9.12.asar
2025-09-02 00:11:41 Checking for update using Github
2025-09-02 00:11:41 Success.
2025-09-02 00:11:41 Latest version is 1.9.12
2025-09-02 00:11:41 App is up to date.
2025-09-02 01:11:40 Checking for update using Github
2025-09-02 01:11:43 Success.
2025-09-02 01:11:43 Latest version is 1.9.12
2025-09-02 01:11:43 App is up to date.
2025-09-02 02:11:40 Checking for update using Github
2025-09-02 02:11:40 Success.
2025-09-02 02:11:40 Latest version is 1.9.12
2025-09-02 02:11:40 App is up to date.
2025-09-02 11:23:52 Checking for update using Github
2025-09-02 11:23:53 Success.
2025-09-02 11:23:53 Latest version is 1.9.12
2025-09-02 11:23:53 App is up to date.
2025-09-02 12:23:54 Checking for update using Github
2025-09-02 12:23:54 Success.
2025-09-02 12:23:54 Latest version is 1.9.12
2025-09-02 12:23:54 App is up to date.
2025-09-02 13:38:44 Checking for update using Github
2025-09-02 13:38:44 Success.
2025-09-02 13:38:44 Latest version is 1.9.12
2025-09-02 13:38:44 App is up to date.
2025-09-02 14:39:30 Checking for update using Github
2025-09-02 14:40:02 Failed to check for update using Github (net::ERR_TIMED_OUT)
2025-09-02 14:40:02 Checking for update using obsidian.md
2025-09-02 14:40:11 Failed to check for update using obsidian.md (net::ERR_ADDRESS_UNREACHABLE)
2025-09-02 17:44:52 Checking for update using Github
2025-09-02 17:44:56 Success.
2025-09-02 17:44:56 Latest version is 1.9.12
2025-09-02 17:44:56 App is up to date.
2025-09-02 19:05:37 Checking for update using Github
2025-09-02 19:05:37 Success.
2025-09-02 19:05:37 Latest version is 1.9.12
2025-09-02 19:05:37 App is up to date.
2025-09-02 20:10:52 Checking for update using Github
2025-09-02 20:10:53 Success.
2025-09-02 20:10:53 Latest version is 1.9.12
2025-09-02 20:10:53 App is up to date.
2025-09-02 23:35:49 Checking for update using Github
2025-09-02 23:35:49 Success.
2025-09-02 23:35:49 Latest version is 1.9.12
2025-09-02 23:35:49 App is up to date.
2025-09-03 00:35:49 Checking for update using Github
2025-09-03 00:35:49 Success.
2025-09-03 00:35:49 Latest version is 1.9.12
2025-09-03 00:35:49 App is up to date.
2025-09-03 01:35:49 Checking for update using Github
2025-09-03 01:35:49 Success.
2025-09-03 01:35:49 Latest version is 1.9.12
2025-09-03 01:35:49 App is up to date.
2025-09-04 16:57:21 Loading updated app package /home/credo/.config/obsidian/obsidian-1.9.12.asar
2025-09-04 16:57:22 Checking for update using Github
2025-09-04 16:57:22 Success.
2025-09-04 16:57:22 Latest version is 1.9.12
2025-09-04 16:57:22 App is up to date.
2025-09-04 18:30:45 Loading updated app package /home/credo/.config/obsidian/obsidian-1.9.12.asar
2025-09-04 18:30:46 Checking for update using Github
2025-09-04 18:30:48 Success.
2025-09-04 18:30:48 Latest version is 1.9.12
2025-09-04 18:30:48 App is up to date.
2025-09-04 19:37:07 Checking for update using Github
2025-09-04 19:37:14 Success.
2025-09-04 19:37:14 Latest version is 1.9.12
2025-09-04 19:37:14 App is up to date.
2025-09-04 21:36:42 Checking for update using Github
2025-09-04 21:36:47 Success.
2025-09-04 21:36:47 Latest version is 1.9.12
2025-09-04 21:36:47 App is up to date.
2025-09-04 22:36:47 Checking for update using Github
2025-09-04 22:36:47 Success.
2025-09-04 22:36:47 Latest version is 1.9.12
2025-09-04 22:36:47 App is up to date.
2025-09-05 22:08:30 Loading updated app package /home/credo/.config/obsidian/obsidian-1.9.12.asar
2025-09-05 22:08:30 Checking for update using Github
2025-09-05 22:08:30 Failed to check for update using Github (net::ERR_NAME_NOT_RESOLVED)
2025-09-05 22:08:30 Checking for update using obsidian.md
2025-09-05 22:08:30 Failed to check for update using obsidian.md (net::ERR_NAME_NOT_RESOLVED)
2025-09-06 13:10:47 Loading updated app package /home/credo/.config/obsidian/obsidian-1.9.12.asar
2025-09-06 13:10:47 Checking for update using Github
2025-09-06 13:10:47 Failed to check for update using Github (net::ERR_NAME_NOT_RESOLVED)
2025-09-06 13:10:47 Checking for update using obsidian.md
2025-09-06 13:10:48 Failed to check for update using obsidian.md (net::ERR_NAME_NOT_RESOLVED)
2025-09-06 13:57:41 Loading updated app package /home/credo/.config/obsidian/obsidian-1.9.12.asar
2025-09-06 13:57:42 Checking for update using Github
2025-09-06 13:57:42 Failed to check for update using Github (net::ERR_NAME_NOT_RESOLVED)
2025-09-06 13:57:42 Checking for update using obsidian.md
2025-09-06 13:57:42 Failed to check for update using obsidian.md (net::ERR_NAME_NOT_RESOLVED)
2025-09-07 00:29:12 Checking for update using Github
2025-09-07 00:29:12 Failed to check for update using Github (net::ERR_NAME_NOT_RESOLVED)
2025-09-07 00:29:12 Checking for update using obsidian.md
2025-09-07 00:29:12 Failed to check for update using obsidian.md (net::ERR_NAME_NOT_RESOLVED)
2025-09-07 14:59:44 Checking for update using Github
2025-09-07 14:59:44 Success.
2025-09-07 14:59:44 Latest version is 1.9.12
2025-09-07 14:59:44 App is up to date.
2025-09-07 17:26:40 Checking for update using Github
2025-09-07 17:26:40 Success.
2025-09-07 17:26:40 Latest version is 1.9.12
2025-09-07 17:26:40 App is up to date.
2025-09-07 21:11:14 Checking for update using Github
2025-09-07 21:11:14 Success.
2025-09-07 21:11:14 Latest version is 1.9.12
2025-09-07 21:11:14 App is up to date.
2025-09-07 22:11:14 Checking for update using Github
2025-09-07 22:11:14 Success.
2025-09-07 22:11:14 Latest version is 1.9.12
2025-09-07 22:11:14 App is up to date.
2025-09-08 00:25:48 Checking for update using Github
2025-09-08 00:25:49 Success.
2025-09-08 00:25:49 Latest version is 1.9.12
2025-09-08 00:25:49 App is up to date.
2025-09-08 13:34:30 Loading updated app package /home/credo/.config/obsidian/obsidian-1.9.12.asar
2025-09-08 13:34:31 Checking for update using Github
2025-09-08 13:34:31 Success.
2025-09-08 13:34:31 Latest version is 1.9.12
2025-09-08 13:34:31 App is up to date.
2025-09-08 14:34:30 Checking for update using Github
2025-09-08 14:34:35 Success.
2025-09-08 14:34:35 Latest version is 1.9.12
2025-09-08 14:34:35 App is up to date.
2025-09-08 15:34:30 Checking for update using Github
2025-09-08 15:34:31 Success.
2025-09-08 15:34:31 Latest version is 1.9.12
2025-09-08 15:34:31 App is up to date.
2025-09-08 16:34:30 Checking for update using Github
2025-09-08 16:34:31 Success.
2025-09-08 16:34:31 Latest version is 1.9.12
2025-09-08 16:34:31 App is up to date.
2025-09-08 18:00:49 Checking for update using Github
2025-09-08 18:00:51 Success.
2025-09-08 18:00:51 Latest version is 1.9.12
2025-09-08 18:00:51 App is up to date.
2025-09-08 20:59:36 Checking for update using Github
2025-09-08 20:59:38 Success.
2025-09-08 20:59:38 Latest version is 1.9.12
2025-09-08 20:59:38 App is up to date.
2025-09-08 22:34:59 Checking for update using Github
2025-09-08 22:35:02 Success.
2025-09-08 22:35:02 Latest version is 1.9.12
2025-09-08 22:35:02 App is up to date.
2025-09-09 00:06:55 Checking for update using Github
2025-09-09 00:06:58 Success.
2025-09-09 00:06:58 Latest version is 1.9.12
2025-09-09 00:06:58 App is up to date.
2025-09-09 00:43:37 Loading updated app package /home/credo/.config/obsidian/obsidian-1.9.12.asar
2025-09-09 00:43:37 Checking for update using Github
2025-09-09 00:43:38 Success.
2025-09-09 00:43:38 Latest version is 1.9.12
2025-09-09 00:43:38 App is up to date.
2025-09-09 01:43:37 Checking for update using Github
2025-09-09 01:43:37 Success.
2025-09-09 01:43:37 Latest version is 1.9.12
2025-09-09 01:43:37 App is up to date.
2025-09-09 11:34:32 Loading updated app package /home/credo/.config/obsidian/obsidian-1.9.12.asar
2025-09-09 11:34:33 Checking for update using Github
2025-09-09 11:34:33 Success.
2025-09-09 11:34:33 Latest version is 1.9.12
2025-09-09 11:34:33 App is up to date.
2025-09-09 11:43:35 Loading updated app package /home/credo/.config/obsidian/obsidian-1.9.12.asar
2025-09-09 11:43:36 Checking for update using Github
2025-09-09 11:43:36 Success.
2025-09-09 11:43:36 Latest version is 1.9.12
2025-09-09 11:43:36 App is up to date.
2025-09-09 11:54:18 Loading updated app package /home/credo/.config/obsidian/obsidian-1.9.12.asar
2025-09-09 11:54:19 Checking for update using Github
2025-09-09 11:54:19 Success.
2025-09-09 11:54:19 Latest version is 1.9.12
2025-09-09 11:54:19 App is up to date.
2025-09-09 12:54:18 Checking for update using Github
2025-09-09 12:54:20 Success.
2025-09-09 12:54:20 Latest version is 1.9.12
2025-09-09 12:54:20 App is up to date.
2025-09-09 13:54:19 Checking for update using Github
2025-09-09 13:54:19 Success.
2025-09-09 13:54:19 Latest version is 1.9.12
2025-09-09 13:54:19 App is up to date.
2025-09-09 18:50:46 Loading updated app package /home/credo/.config/obsidian/obsidian-1.9.12.asar
2025-09-09 18:50:47 Checking for update using Github
2025-09-09 18:50:47 Success.
2025-09-09 18:50:47 Latest version is 1.9.12
2025-09-09 18:50:47 App is up to date.
2025-09-09 19:50:48 Checking for update using Github
2025-09-09 19:50:48 Success.
2025-09-09 19:50:48 Latest version is 1.9.12
2025-09-09 19:50:48 App is up to date.
2025-09-09 23:36:19 Checking for update using Github
2025-09-09 23:36:20 Success.
2025-09-09 23:36:20 Latest version is 1.9.12
2025-09-09 23:36:20 App is up to date.
2025-09-10 21:20:20 Loading updated app package /home/credo/.config/obsidian/obsidian-1.9.12.asar
2025-09-10 21:20:20 Checking for update using Github
2025-09-10 21:20:25 Success.
2025-09-10 21:20:25 Latest version is 1.9.12
2025-09-10 21:20:25 App is up to date.
2025-09-10 23:59:24 Loading updated app package /home/credo/.config/obsidian/obsidian-1.9.12.asar
2025-09-10 23:59:24 Checking for update using Github
2025-09-10 23:59:25 Success.
2025-09-10 23:59:25 Latest version is 1.9.12
2025-09-10 23:59:25 App is up to date.
2025-09-11 00:59:24 Checking for update using Github
2025-09-11 00:59:29 Success.
2025-09-11 00:59:29 Latest version is 1.9.12
2025-09-11 00:59:29 App is up to date.
2025-09-11 14:30:34 Loading updated app package /home/credo/.config/obsidian/obsidian-1.9.12.asar
2025-09-11 14:30:34 Checking for update using Github
2025-09-11 14:30:35 Success.
2025-09-11 14:30:35 Latest version is 1.9.12
2025-09-11 14:30:35 App is up to date.
2025-09-12 00:01:52 Loading updated app package /home/credo/.config/obsidian/obsidian-1.9.12.asar
2025-09-12 00:01:52 Checking for update using Github
2025-09-12 00:01:54 Success.
2025-09-12 00:01:54 Latest version is 1.9.12
2025-09-12 00:01:54 App is up to date.
2025-09-12 01:05:35 Loading updated app package /home/credo/.config/obsidian/obsidian-1.9.12.asar
2025-09-12 01:05:35 Checking for update using Github
2025-09-12 01:05:35 Success.
2025-09-12 01:05:35 Latest version is 1.9.12
2025-09-12 01:05:35 App is up to date.
2025-09-12 01:52:39 Loading updated app package /home/credo/.config/obsidian/obsidian-1.9.12.asar
2025-09-12 01:52:39 Checking for update using Github
2025-09-12 01:52:40 Success.
2025-09-12 01:52:40 Latest version is 1.9.12
2025-09-12 01:52:40 App is up to date.
2025-09-12 02:52:39 Checking for update using Github
2025-09-12 02:52:45 Success.
2025-09-12 02:52:45 Latest version is 1.9.12
2025-09-12 02:52:45 App is up to date.
2025-09-12 13:58:02 Checking for update using Github
2025-09-12 13:58:03 Success.
2025-09-12 13:58:03 Latest version is 1.9.12
2025-09-12 13:58:03 App is up to date.
2025-09-12 14:58:02 Checking for update using Github
2025-09-12 14:58:03 Success.
2025-09-12 14:58:03 Latest version is 1.9.12
2025-09-12 14:58:03 App is up to date.
2025-09-12 15:58:02 Checking for update using Github
2025-09-12 15:58:03 Success.
2025-09-12 15:58:03 Latest version is 1.9.12
2025-09-12 15:58:03 App is up to date.
2025-09-12 17:00:38 Checking for update using Github
2025-09-12 17:00:38 Success.
2025-09-12 17:00:38 Latest version is 1.9.12
2025-09-12 17:00:38 App is up to date.
2025-09-12 18:49:57 Loading updated app package /home/credo/.config/obsidian/obsidian-1.9.12.asar
2025-09-12 18:49:58 Checking for update using Github
2025-09-12 18:49:58 Success.
2025-09-12 18:49:58 Latest version is 1.9.12
2025-09-12 18:49:58 App is up to date.
2025-09-12 19:49:57 Checking for update using Github
2025-09-12 19:50:03 Success.
2025-09-12 19:50:03 Latest version is 1.9.12
2025-09-12 19:50:03 App is up to date.
2025-09-12 20:51:36 Checking for update using Github
2025-09-12 20:51:39 Success.
2025-09-12 20:51:39 Latest version is 1.9.12
2025-09-12 20:51:39 App is up to date.
2025-09-12 22:47:53 Checking for update using Github
2025-09-12 22:47:53 Success.
2025-09-12 22:47:53 Latest version is 1.9.12
2025-09-12 22:47:53 App is up to date.
2025-09-12 23:47:53 Checking for update using Github
2025-09-12 23:48:00 Success.
2025-09-12 23:48:00 Latest version is 1.9.12
2025-09-12 23:48:00 App is up to date.
2025-09-13 01:17:01 Loading updated app package /home/credo/.config/obsidian/obsidian-1.9.12.asar
2025-09-13 01:17:01 Checking for update using Github
2025-09-13 01:17:01 Success.
2025-09-13 01:17:01 Latest version is 1.9.12
2025-09-13 01:17:01 App is up to date.
2025-09-13 02:17:01 Checking for update using Github
2025-09-13 02:17:01 Success.
2025-09-13 02:17:01 Latest version is 1.9.12
2025-09-13 02:17:01 App is up to date.
2025-09-13 14:42:10 Checking for update using Github
2025-09-13 14:42:11 Success.
2025-09-13 14:42:11 Latest version is 1.9.12
2025-09-13 14:42:11 App is up to date.
2025-09-13 17:07:40 Checking for update using Github
2025-09-13 17:07:40 Success.
2025-09-13 17:07:40 Latest version is 1.9.12
2025-09-13 17:07:40 App is up to date.
2025-09-14 14:03:49 Checking for update using Github
2025-09-14 14:03:50 Success.
2025-09-14 14:03:50 Latest version is 1.9.12
2025-09-14 14:03:50 App is up to date.
2025-09-14 15:03:49 Checking for update using Github
2025-09-14 15:03:49 Success.
2025-09-14 15:03:49 Latest version is 1.9.12
2025-09-14 15:03:49 App is up to date.
2025-09-14 16:59:24 Checking for update using Github
2025-09-14 16:59:25 Success.
2025-09-14 16:59:25 Latest version is 1.9.12
2025-09-14 16:59:25 App is up to date.
2025-09-14 18:27:28 Checking for update using Github
2025-09-14 18:27:28 Success.
2025-09-14 18:27:28 Latest version is 1.9.12
2025-09-14 18:27:28 App is up to date.
2025-09-15 00:27:52 Checking for update using Github
2025-09-15 00:27:52 Success.
2025-09-15 00:27:52 Latest version is 1.9.12
2025-09-15 00:27:52 App is up to date.
2025-09-15 01:27:53 Checking for update using Github
2025-09-15 01:27:53 Success.
2025-09-15 01:27:53 Latest version is 1.9.12
2025-09-15 01:27:53 App is up to date.
2025-09-16 15:12:04 Loading main app package /usr/lib/obsidian/obsidian.asar
2025-09-16 15:12:04 Checking for update using Github
2025-09-16 15:12:05 Success.
2025-09-16 15:12:05 Latest version is 1.9.12
2025-09-16 15:12:05 App is up to date.
2025-09-18 00:12:01 Loading main app package /usr/lib/obsidian/obsidian.asar
2025-09-18 00:12:01 Checking for update using Github
2025-09-18 00:12:02 Success.
2025-09-18 00:12:02 Latest version is 1.9.12
2025-09-18 00:12:02 App is up to date.
2025-09-18 20:39:45 Loading main app package /usr/lib/obsidian/obsidian.asar
2025-09-18 20:39:46 Checking for update using Github
2025-09-18 20:39:46 Success.
2025-09-18 20:39:46 Latest version is 1.9.12
2025-09-18 20:39:46 App is up to date.
2025-09-18 23:16:10 Checking for update using Github
2025-09-18 23:16:11 Success.
2025-09-18 23:16:11 Latest version is 1.9.12
2025-09-18 23:16:11 App is up to date.
2025-09-19 00:16:12 Checking for update using Github
2025-09-19 00:16:12 Success.
2025-09-19 00:16:12 Latest version is 1.9.12
2025-09-19 00:16:12 App is up to date.
2025-09-19 01:16:12 Checking for update using Github
2025-09-19 01:16:13 Success.
2025-09-19 01:16:13 Latest version is 1.9.12
2025-09-19 01:16:13 App is up to date.
2025-09-19 12:53:04 Checking for update using Github
2025-09-19 12:53:06 Success.
2025-09-19 12:53:06 Latest version is 1.9.12
2025-09-19 12:53:06 App is up to date.
2025-09-19 15:02:32 Checking for update using Github
2025-09-19 15:02:35 Success.
2025-09-19 15:02:35 Latest version is 1.9.12
2025-09-19 15:02:35 App is up to date.
2025-09-19 16:02:32 Checking for update using Github
2025-09-19 16:02:33 Success.
2025-09-19 16:02:33 Latest version is 1.9.12
2025-09-19 16:02:33 App is up to date.
2025-09-19 17:02:32 Checking for update using Github
2025-09-19 17:02:32 Success.
2025-09-19 17:02:32 Latest version is 1.9.12
2025-09-19 17:02:32 App is up to date.
2025-09-19 22:46:25 Checking for update using Github
2025-09-19 22:46:27 Success.
2025-09-19 22:46:27 Latest version is 1.9.12
2025-09-19 22:46:27 App is up to date.
2025-09-19 23:46:26 Checking for update using Github
2025-09-19 23:46:26 Success.
2025-09-19 23:46:26 Latest version is 1.9.12
2025-09-19 23:46:26 App is up to date.
2025-09-20 12:05:20 Loading main app package /usr/lib/obsidian/obsidian.asar
2025-09-20 12:05:21 Checking for update using Github
2025-09-20 12:05:22 Success.
2025-09-20 12:05:22 Latest version is 1.9.12
2025-09-20 12:05:22 App is up to date.
2025-09-20 13:05:20 Checking for update using Github
2025-09-20 13:05:26 Success.
2025-09-20 13:05:26 Latest version is 1.9.12
2025-09-20 13:05:26 App is up to date.
2025-09-20 15:16:10 Checking for update using Github
2025-09-20 15:16:10 Success.
2025-09-20 15:16:10 Latest version is 1.9.12
2025-09-20 15:16:10 App is up to date.
2025-09-20 16:16:11 Checking for update using Github
2025-09-20 16:16:14 Success.
2025-09-20 16:16:14 Latest version is 1.9.12
2025-09-20 16:16:14 App is up to date.
2025-09-21 00:05:46 Loading main app package /usr/lib/obsidian/obsidian.asar
2025-09-21 00:05:46 Checking for update using Github
2025-09-21 00:05:47 Success.
2025-09-21 00:05:47 Latest version is 1.9.12
2025-09-21 00:05:47 App is up to date.
2025-09-21 01:06:34 Checking for update using Github
2025-09-21 01:06:35 Success.
2025-09-21 01:06:35 Latest version is 1.9.12
2025-09-21 01:06:35 App is up to date.
2025-09-21 02:06:34 Checking for update using Github
2025-09-21 02:06:35 Success.
2025-09-21 02:06:35 Latest version is 1.9.12
2025-09-21 02:06:35 App is up to date.
2025-09-22 00:38:14 Loading main app package /usr/lib/obsidian/obsidian.asar
2025-09-22 00:38:15 Checking for update using Github
2025-09-22 00:38:16 Success.
2025-09-22 00:38:16 Latest version is 1.9.12
2025-09-22 00:38:16 App is up to date.
2025-09-22 13:15:13 Loading main app package /usr/lib/obsidian/obsidian.asar
2025-09-22 13:15:14 Checking for update using Github
2025-09-22 13:15:14 Success.
2025-09-22 13:15:14 Latest version is 1.9.12
2025-09-22 13:15:14 App is up to date.
2025-09-22 14:15:13 Checking for update using Github
2025-09-22 14:15:14 Success.
2025-09-22 14:15:14 Latest version is 1.9.12
2025-09-22 14:15:14 App is up to date.
2025-09-22 15:15:13 Checking for update using Github
2025-09-22 15:15:15 Success.
2025-09-22 15:15:15 Latest version is 1.9.12
2025-09-22 15:15:15 App is up to date.
2025-09-22 23:36:56 Checking for update using Github
2025-09-22 23:36:56 Success.
2025-09-22 23:36:56 Latest version is 1.9.12
2025-09-22 23:36:56 App is up to date.
2025-09-23 17:02:48 Loading main app package /usr/lib/obsidian/obsidian.asar
2025-09-23 17:02:48 Checking for update using Github
2025-09-23 17:02:48 Success.
2025-09-23 17:02:48 Latest version is 1.9.12
2025-09-23 17:02:48 App is up to date.
2025-09-23 18:02:49 Checking for update using Github
2025-09-23 18:02:50 Success.
2025-09-23 18:02:50 Latest version is 1.9.12
2025-09-23 18:02:50 App is up to date.
2025-09-23 23:03:13 Loading main app package /usr/lib/obsidian/obsidian.asar
2025-09-23 23:03:13 Checking for update using Github
2025-09-23 23:03:15 Success.
2025-09-23 23:03:15 Latest version is 1.9.12
2025-09-23 23:03:15 App is up to date.
2025-09-24 00:09:23 Checking for update using Github
2025-09-24 00:09:24 Success.
2025-09-24 00:09:24 Latest version is 1.9.12
2025-09-24 00:09:24 App is up to date.
2025-09-25 11:56:06 Loading main app package /usr/lib/obsidian/obsidian.asar
2025-09-25 11:56:07 Checking for update using Github
2025-09-25 11:56:07 Success.
2025-09-25 11:56:07 Latest version is 1.9.12
2025-09-25 11:56:07 App is up to date.
2025-09-25 23:20:09 Checking for update using Github
2025-09-25 23:20:09 Failed to check for update using Github (net::ERR_NAME_NOT_RESOLVED)
2025-09-25 23:20:09 Checking for update using obsidian.md
2025-09-25 23:20:09 Failed to check for update using obsidian.md (net::ERR_NAME_NOT_RESOLVED)
2025-09-26 00:20:09 Checking for update using Github
2025-09-26 00:20:09 Failed to check for update using Github (net::ERR_NAME_NOT_RESOLVED)
2025-09-26 00:20:09 Checking for update using obsidian.md
2025-09-26 00:20:09 Failed to check for update using obsidian.md (net::ERR_NAME_NOT_RESOLVED)
2025-09-26 01:20:09 Checking for update using Github
2025-09-26 01:20:09 Failed to check for update using Github (net::ERR_NAME_NOT_RESOLVED)
2025-09-26 01:20:09 Checking for update using obsidian.md
2025-09-26 01:20:09 Failed to check for update using obsidian.md (net::ERR_NAME_NOT_RESOLVED)
2025-09-26 07:51:54 Loading main app package /usr/lib/obsidian/obsidian.asar
2025-09-26 07:51:54 Checking for update using Github
2025-09-26 07:51:54 Failed to check for update using Github (net::ERR_NAME_NOT_RESOLVED)
2025-09-26 07:51:54 Checking for update using obsidian.md
2025-09-26 07:51:54 Failed to check for update using obsidian.md (net::ERR_NAME_NOT_RESOLVED)
2025-09-26 13:44:19 Loading main app package /usr/lib/obsidian/obsidian.asar
2025-09-26 13:44:19 Checking for update using Github
2025-09-26 13:44:19 Failed to check for update using Github (net::ERR_NAME_NOT_RESOLVED)
2025-09-26 13:44:19 Checking for update using obsidian.md
2025-09-26 13:44:19 Failed to check for update using obsidian.md (net::ERR_NAME_NOT_RESOLVED)
2025-09-26 14:44:19 Checking for update using Github
2025-09-26 14:44:19 Failed to check for update using Github (net::ERR_NAME_NOT_RESOLVED)
2025-09-26 14:44:19 Checking for update using obsidian.md
2025-09-26 14:44:19 Failed to check for update using obsidian.md (net::ERR_NAME_NOT_RESOLVED)
2025-09-26 16:23:43 Loading main app package /usr/lib/obsidian/obsidian.asar
2025-09-26 16:23:43 Checking for update using Github
2025-09-26 16:23:43 Failed to check for update using Github (net::ERR_NAME_NOT_RESOLVED)
2025-09-26 16:23:43 Checking for update using obsidian.md
2025-09-26 16:23:43 Failed to check for update using obsidian.md (net::ERR_NAME_NOT_RESOLVED)
2025-09-26 22:51:30 Checking for update using Github
2025-09-26 22:51:31 Success.
2025-09-26 22:51:31 Latest version is 1.9.12
2025-09-26 22:51:31 App is up to date.
2025-09-27 11:56:22 Checking for update using Github
2025-09-27 11:56:22 Failed to check for update using Github (net::ERR_NAME_NOT_RESOLVED)
2025-09-27 11:56:22 Checking for update using obsidian.md
2025-09-27 11:56:22 Failed to check for update using obsidian.md (net::ERR_NAME_NOT_RESOLVED)
2025-09-27 12:56:22 Checking for update using Github
2025-09-27 12:56:22 Failed to check for update using Github (net::ERR_NAME_NOT_RESOLVED)
2025-09-27 12:56:22 Checking for update using obsidian.md
2025-09-27 12:56:22 Failed to check for update using obsidian.md (net::ERR_NAME_NOT_RESOLVED)
2025-09-28 23:05:04 Checking for update using Github
2025-09-28 23:05:04 Failed to check for update using Github (net::ERR_NAME_NOT_RESOLVED)
2025-09-28 23:05:04 Checking for update using obsidian.md
2025-09-28 23:05:04 Failed to check for update using obsidian.md (net::ERR_NAME_NOT_RESOLVED)
2025-09-29 00:05:04 Checking for update using Github
2025-09-29 00:05:04 Failed to check for update using Github (net::ERR_NAME_NOT_RESOLVED)
2025-09-29 00:05:04 Checking for update using obsidian.md
2025-09-29 00:05:04 Failed to check for update using obsidian.md (net::ERR_NAME_NOT_RESOLVED)
2025-09-29 01:05:04 Checking for update using Github
2025-09-29 01:05:04 Failed to check for update using Github (net::ERR_NAME_NOT_RESOLVED)
2025-09-29 01:05:04 Checking for update using obsidian.md
2025-09-29 01:05:04 Failed to check for update using obsidian.md (net::ERR_NAME_NOT_RESOLVED)
2025-09-29 02:05:04 Checking for update using Github
2025-09-29 02:05:04 Failed to check for update using Github (net::ERR_NAME_NOT_RESOLVED)
2025-09-29 02:05:04 Checking for update using obsidian.md
2025-09-29 02:05:04 Failed to check for update using obsidian.md (net::ERR_NAME_NOT_RESOLVED)
2025-10-03 14:02:32 Loading main app package /usr/lib/obsidian/obsidian.asar
2025-10-03 14:02:33 Checking for update using Github
2025-10-03 14:02:33 Success.
2025-10-03 14:02:33 Latest version is 1.9.14
2025-10-03 14:02:33 Downloading update from https://github.com/obsidianmd/obsidian-releases/releases/download/v1.9.14/obsidian-1.9.14.asar.gz
2025-10-03 14:02:55 Verifying hash & signature. Size= 9033685
2025-10-03 14:02:55 Saving file
2025-10-03 14:02:55 Update complete.
2025-10-03 15:42:21 Checking for update using Github
2025-10-03 15:42:22 Success.
2025-10-03 15:42:22 Latest version is 1.9.14
2025-10-03 15:42:22 An update is already downloaded.
2025-10-03 18:53:45 Checking for update using Github
2025-10-03 18:53:45 Success.
2025-10-03 18:53:45 Latest version is 1.9.14
2025-10-03 18:53:45 An update is already downloaded.
2025-10-04 14:12:07 Loading updated app package /home/credo/.config/obsidian/obsidian-1.9.14.asar
2025-10-04 14:12:07 Checking for update using Github
2025-10-04 14:12:23 Success.
2025-10-04 14:12:23 Latest version is 1.9.14
2025-10-04 14:12:23 App is up to date.
2025-10-04 14:25:52 Loading updated app package /home/credo/.config/obsidian/obsidian-1.9.14.asar
2025-10-04 14:25:53 Checking for update using Github
2025-10-04 14:25:57 Success.
2025-10-04 14:25:57 Latest version is 1.9.14
2025-10-04 14:25:57 App is up to date.
2025-10-04 16:36:46 Checking for update using Github
2025-10-04 16:36:46 Success.
2025-10-04 16:36:46 Latest version is 1.9.14
2025-10-04 16:36:46 App is up to date.
2025-10-04 17:36:46 Checking for update using Github
2025-10-04 17:36:46 Success.
2025-10-04 17:36:46 Latest version is 1.9.14
2025-10-04 17:36:46 App is up to date.
2025-10-04 19:56:43 Checking for update using Github
2025-10-04 19:56:43 Success.
2025-10-04 19:56:43 Latest version is 1.9.14
2025-10-04 19:56:43 App is up to date.
2025-10-05 12:23:58 Checking for update using Github
2025-10-05 12:23:58 Success.
2025-10-05 12:23:58 Latest version is 1.9.14
2025-10-05 12:23:58 App is up to date.
2025-10-05 14:38:53 Loading updated app package /home/credo/.config/obsidian/obsidian-1.9.14.asar
2025-10-05 14:38:54 Checking for update using Github
2025-10-05 14:38:55 Success.
2025-10-05 14:38:55 Latest version is 1.9.14
2025-10-05 14:38:55 App is up to date.
2025-10-05 15:38:53 Checking for update using Github
2025-10-05 15:38:54 Success.
2025-10-05 15:38:54 Latest version is 1.9.14
2025-10-05 15:38:54 App is up to date.
2025-10-05 17:07:13 Checking for update using Github
2025-10-05 17:07:13 Success.
2025-10-05 17:07:13 Latest version is 1.9.14
2025-10-05 17:07:13 App is up to date.
2025-10-05 19:47:01 Checking for update using Github
2025-10-05 19:47:01 Success.
2025-10-05 19:47:01 Latest version is 1.9.14
2025-10-05 19:47:01 App is up to date.
2025-10-05 21:50:47 Checking for update using Github
2025-10-05 21:50:47 Success.
2025-10-05 21:50:47 Latest version is 1.9.14
2025-10-05 21:50:47 App is up to date.
2025-10-05 22:50:47 Checking for update using Github
2025-10-05 22:50:48 Success.
2025-10-05 22:50:48 Latest version is 1.9.14
2025-10-05 22:50:48 App is up to date.
2025-10-05 23:50:47 Checking for update using Github
2025-10-05 23:50:48 Success.
2025-10-05 23:50:48 Latest version is 1.9.14
2025-10-05 23:50:48 App is up to date.
2025-10-07 10:14:55 Loading updated app package /home/credo/.config/obsidian/obsidian-1.9.14.asar
2025-10-07 10:14:56 Checking for update using Github
2025-10-07 10:14:56 Success.
2025-10-07 10:14:56 Latest version is 1.9.14
2025-10-07 10:14:56 App is up to date.
2025-10-07 11:14:55 Checking for update using Github
2025-10-07 11:14:56 Success.
2025-10-07 11:14:56 Latest version is 1.9.14
2025-10-07 11:14:56 App is up to date.
2025-10-07 12:14:56 Checking for update using Github
2025-10-07 12:14:56 Success.
2025-10-07 12:14:56 Latest version is 1.9.14
2025-10-07 12:14:56 App is up to date.
2025-10-07 13:14:56 Checking for update using Github
2025-10-07 13:14:56 Success.
2025-10-07 13:14:56 Latest version is 1.9.14
2025-10-07 13:14:56 App is up to date.
2025-10-07 14:14:56 Checking for update using Github
2025-10-07 14:14:56 Success.
2025-10-07 14:14:56 Latest version is 1.9.14
2025-10-07 14:14:56 App is up to date.
2025-10-07 15:14:56 Checking for update using Github
2025-10-07 15:14:56 Success.
2025-10-07 15:14:56 Latest version is 1.9.14
2025-10-07 15:14:56 App is up to date.
2025-10-07 21:20:35 Checking for update using Github
2025-10-07 21:20:35 Success.
2025-10-07 21:20:35 Latest version is 1.9.14
2025-10-07 21:20:35 App is up to date.
2025-10-07 22:58:29 Checking for update using Github
2025-10-07 22:58:32 Success.
2025-10-07 22:58:32 Latest version is 1.9.14
2025-10-07 22:58:32 App is up to date.
2025-10-07 23:58:29 Checking for update using Github
2025-10-07 23:58:30 Success.
2025-10-07 23:58:30 Latest version is 1.9.14
2025-10-07 23:58:30 App is up to date.
2025-10-08 19:31:26 Loading updated app package /home/credo/.config/obsidian/obsidian-1.9.14.asar
2025-10-08 19:31:26 Checking for update using Github
2025-10-08 19:31:27 Success.
2025-10-08 19:31:27 Latest version is 1.9.14
2025-10-08 19:31:27 App is up to date.
2025-10-08 21:49:21 Checking for update using Github
2025-10-08 21:49:21 Success.
2025-10-08 21:49:21 Latest version is 1.9.14
2025-10-08 21:49:21 App is up to date.
2025-10-11 23:17:44 Loading updated app package /home/credo/.config/obsidian/obsidian-1.9.14.asar
2025-10-11 23:17:44 Checking for update using Github
2025-10-11 23:17:44 Failed to check for update using Github (net::ERR_NAME_NOT_RESOLVED)
2025-10-11 23:17:44 Checking for update using obsidian.md
2025-10-11 23:17:44 Failed to check for update using obsidian.md (net::ERR_NAME_NOT_RESOLVED)
2025-10-14 14:28:01 Loading main app package /usr/lib/obsidian/obsidian.asar
2025-10-14 14:28:01 Checking for update using Github
2025-10-14 14:28:02 Success.
2025-10-14 14:28:02 Latest version is 1.9.14
2025-10-14 14:28:02 App is up to date.
2025-10-14 16:35:43 Checking for update using Github
2025-10-14 16:35:43 Success.
2025-10-14 16:35:43 Latest version is 1.9.14
2025-10-14 16:35:43 App is up to date.
2025-10-14 17:35:43 Checking for update using Github
2025-10-14 17:35:43 Success.
2025-10-14 17:35:43 Latest version is 1.9.14
2025-10-14 17:35:43 App is up to date.
2025-10-14 21:06:13 Checking for update using Github
2025-10-14 21:06:13 Success.
2025-10-14 21:06:13 Latest version is 1.9.14
2025-10-14 21:06:13 App is up to date.
2025-10-14 23:11:15 Checking for update using Github
2025-10-14 23:11:16 Success.
2025-10-14 23:11:16 Latest version is 1.9.14
2025-10-14 23:11:16 App is up to date.
2025-10-15 00:11:16 Checking for update using Github
2025-10-15 00:11:16 Success.
2025-10-15 00:11:16 Latest version is 1.9.14
2025-10-15 00:11:16 App is up to date.
2025-10-15 11:02:08 Loading main app package /usr/lib/obsidian/obsidian.asar
2025-10-15 11:02:09 Checking for update using Github
2025-10-15 11:02:09 Success.
2025-10-15 11:02:09 Latest version is 1.9.14
2025-10-15 11:02:09 App is up to date.
2025-10-15 12:02:08 Checking for update using Github
2025-10-15 12:02:08 Success.
2025-10-15 12:02:08 Latest version is 1.9.14
2025-10-15 12:02:08 App is up to date.
2025-10-15 15:25:48 Checking for update using Github
2025-10-15 15:25:48 Success.
2025-10-15 15:25:48 Latest version is 1.9.14
2025-10-15 15:25:48 App is up to date.
2025-10-15 16:25:48 Checking for update using Github
2025-10-15 16:25:48 Success.
2025-10-15 16:25:48 Latest version is 1.9.14
2025-10-15 16:25:48 App is up to date.
2025-10-15 17:37:51 Checking for update using Github
2025-10-15 17:37:51 Success.
2025-10-15 17:37:51 Latest version is 1.9.14
2025-10-15 17:37:51 App is up to date.
2025-10-15 22:43:22 Checking for update using Github
2025-10-15 22:43:24 Success.
2025-10-15 22:43:24 Latest version is 1.9.14
2025-10-15 22:43:24 App is up to date.
2025-10-15 23:43:22 Checking for update using Github
2025-10-15 23:43:23 Success.
2025-10-15 23:43:23 Latest version is 1.9.14
2025-10-15 23:43:23 App is up to date.
2025-10-17 01:41:00 Loading main app package /usr/lib/obsidian/obsidian.asar
2025-10-17 01:41:01 Checking for update using Github
2025-10-17 01:41:01 Success.
2025-10-17 01:41:01 Latest version is 1.9.14
2025-10-17 01:41:01 App is up to date.
2025-10-20 12:43:47 Loading main app package /usr/lib/obsidian/obsidian.asar
2025-10-20 12:43:48 Checking for update using Github
2025-10-20 12:43:49 Success.
2025-10-20 12:43:49 Latest version is 1.9.14
2025-10-20 12:43:49 App is up to date.
2025-10-20 14:00:15 Loading main app package /usr/lib/obsidian/obsidian.asar
2025-10-20 14:00:15 Checking for update using Github
2025-10-20 22:57:32 Loading main app package /usr/lib/obsidian/obsidian.asar
2025-10-20 22:57:33 Checking for update using Github
2025-10-20 22:57:35 Success.
2025-10-20 22:57:35 Latest version is 1.9.14
2025-10-20 22:57:35 App is up to date.
2025-10-20 23:57:32 Checking for update using Github
2025-10-20 23:57:38 Success.
2025-10-20 23:57:38 Latest version is 1.9.14
2025-10-20 23:57:38 App is up to date.
2025-10-22 00:09:52 Loading main app package /usr/lib/obsidian/obsidian.asar
2025-10-22 00:09:53 Checking for update using Github
2025-10-22 00:09:54 Success.
2025-10-22 00:09:54 Latest version is 1.9.14
2025-10-22 00:09:54 App is up to date.
2025-10-22 01:17:22 Checking for update using Github
2025-10-22 01:17:22 Success.
2025-10-22 01:17:22 Latest version is 1.9.14
2025-10-22 01:17:22 App is up to date.
2025-10-22 04:38:58 Loading main app package /usr/lib/obsidian/obsidian.asar
2025-10-22 04:38:59 Checking for update using Github
2025-10-22 04:39:00 Success.
2025-10-22 04:39:00 Latest version is 1.9.14
2025-10-22 04:39:00 App is up to date.
2025-10-22 14:08:05 Loading main app package /usr/lib/obsidian/obsidian.asar
2025-10-22 14:08:05 Checking for update using Github
2025-10-22 14:08:06 Success.
2025-10-22 14:08:06 Latest version is 1.9.14
2025-10-22 14:08:06 App is up to date.
2025-10-22 15:08:05 Checking for update using Github
2025-10-22 15:08:05 Success.
2025-10-22 15:08:05 Latest version is 1.9.14
2025-10-22 15:08:05 App is up to date.
2025-10-22 16:49:06 Checking for update using Github
2025-10-22 16:49:06 Success.
2025-10-22 16:49:06 Latest version is 1.9.14
2025-10-22 16:49:06 App is up to date.
2025-10-22 18:03:20 Checking for update using Github
2025-10-22 18:03:23 Success.
2025-10-22 18:03:23 Latest version is 1.9.14
2025-10-22 18:03:23 App is up to date.
2025-10-22 20:21:48 Checking for update using Github
2025-10-22 20:21:50 Success.
2025-10-22 20:21:50 Latest version is 1.9.14
2025-10-22 20:21:50 App is up to date.
2025-10-22 23:36:56 Checking for update using Github
2025-10-22 23:36:56 Success.
2025-10-22 23:36:56 Latest version is 1.9.14
2025-10-22 23:36:56 App is up to date.
2025-10-23 00:36:57 Checking for update using Github
2025-10-23 00:36:57 Success.
2025-10-23 00:36:57 Latest version is 1.9.14
2025-10-23 00:36:57 App is up to date.
2025-10-24 12:59:23 Loading main app package /usr/lib/obsidian/obsidian.asar
2025-10-24 12:59:23 Checking for update using Github
2025-10-24 12:59:24 Success.
2025-10-24 12:59:24 Latest version is 1.9.14
2025-10-24 12:59:24 App is up to date.
2025-10-24 13:59:23 Checking for update using Github
2025-10-24 13:59:23 Success.
2025-10-24 13:59:23 Latest version is 1.9.14
2025-10-24 13:59:23 App is up to date.
2025-10-24 14:59:23 Checking for update using Github
2025-10-24 14:59:23 Success.
2025-10-24 14:59:23 Latest version is 1.9.14
2025-10-24 14:59:23 App is up to date.
2025-10-24 15:59:23 Checking for update using Github
2025-10-24 15:59:23 Success.
2025-10-24 15:59:23 Latest version is 1.9.14
2025-10-24 15:59:23 App is up to date.
2025-10-24 16:59:23 Checking for update using Github
2025-10-24 16:59:23 Success.
2025-10-24 16:59:23 Latest version is 1.9.14
2025-10-24 16:59:23 App is up to date.
2025-10-24 18:51:14 Checking for update using Github
2025-10-24 18:51:14 Success.
2025-10-24 18:51:14 Latest version is 1.9.14
2025-10-24 18:51:14 App is up to date.
2025-10-24 21:15:56 Checking for update using Github
2025-10-24 21:15:56 Success.
2025-10-24 21:15:56 Latest version is 1.9.14
2025-10-24 21:15:56 App is up to date.
2025-10-24 22:18:15 Checking for update using Github
2025-10-24 22:18:15 Success.
2025-10-24 22:18:15 Latest version is 1.9.14
2025-10-24 22:18:15 App is up to date.
2025-10-24 23:18:15 Checking for update using Github
2025-10-24 23:18:15 Success.
2025-10-24 23:18:15 Latest version is 1.9.14
2025-10-24 23:18:15 App is up to date.
2025-10-25 00:18:15 Checking for update using Github
2025-10-25 00:18:15 Success.
2025-10-25 00:18:15 Latest version is 1.9.14
2025-10-25 00:18:15 App is up to date.
2025-10-25 15:06:32 Loading main app package /usr/lib/obsidian/obsidian.asar
2025-10-25 15:06:32 Checking for update using Github
2025-10-25 15:06:33 Success.
2025-10-25 15:06:33 Latest version is 1.9.14
2025-10-25 15:06:33 App is up to date.
2025-10-25 16:06:33 Checking for update using Github
2025-10-25 16:06:33 Success.
2025-10-25 16:06:33 Latest version is 1.9.14
2025-10-25 16:06:33 App is up to date.
2025-10-25 17:06:33 Checking for update using Github
2025-10-25 17:06:33 Success.
2025-10-25 17:06:33 Latest version is 1.9.14
2025-10-25 17:06:33 App is up to date.
2025-10-25 18:06:33 Checking for update using Github
2025-10-25 18:06:33 Success.
2025-10-25 18:06:33 Latest version is 1.9.14
2025-10-25 18:06:33 App is up to date.
2025-10-25 19:06:33 Checking for update using Github
2025-10-25 19:06:33 Success.
2025-10-25 19:06:33 Latest version is 1.9.14
2025-10-25 19:06:33 App is up to date.
2025-10-25 20:16:37 Checking for update using Github
2025-10-25 20:16:38 Success.
2025-10-25 20:16:38 Latest version is 1.9.14
2025-10-25 20:16:38 App is up to date.
2025-10-25 21:16:38 Checking for update using Github
2025-10-25 21:16:39 Success.
2025-10-25 21:16:39 Latest version is 1.9.14
2025-10-25 21:16:39 App is up to date.
2025-10-25 22:16:38 Checking for update using Github
2025-10-25 22:16:39 Success.
2025-10-25 22:16:39 Latest version is 1.9.14
2025-10-25 22:16:39 App is up to date.
2025-10-27 12:16:45 Loading main app package /usr/lib/obsidian/obsidian.asar
2025-10-27 12:16:46 Checking for update using Github
2025-10-27 12:19:58 Failed to check for update using Github (net::ERR_TIMED_OUT)
2025-10-27 12:19:58 Checking for update using obsidian.md
2025-10-27 12:20:04 Failed to check for update using obsidian.md (net::ERR_DNS_NO_MATCHING_SUPPORTED_ALPN)
2025-10-27 13:16:46 Checking for update using Github
2025-10-27 13:18:24 Failed to check for update using Github (net::ERR_TIMED_OUT)
2025-10-27 13:18:24 Checking for update using obsidian.md
2025-10-27 13:19:25 Failed to check for update using obsidian.md (net::ERR_TIMED_OUT)
2025-10-27 14:34:05 Loading main app package /usr/lib/obsidian/obsidian.asar
2025-10-27 14:34:06 Checking for update using Github
2025-10-27 14:34:33 Success.
2025-10-27 14:34:33 Latest version is 1.9.14
2025-10-27 14:34:33 App is up to date.
2025-10-27 15:34:08 Checking for update using Github
2025-10-27 15:34:11 Success.
2025-10-27 15:34:11 Latest version is 1.9.14
2025-10-27 15:34:11 App is up to date.
2025-10-27 16:53:04 Checking for update using Github
2025-10-27 16:54:09 Failed to check for update using Github (net::ERR_TIMED_OUT)
2025-10-27 16:54:09 Checking for update using obsidian.md
2025-10-27 16:54:10 Failed to check for update using obsidian.md (net::ERR_DNS_NO_MATCHING_SUPPORTED_ALPN)
2025-10-27 17:59:15 Loading main app package /usr/lib/obsidian/obsidian.asar
2025-10-27 17:59:16 Checking for update using Github
2025-10-27 17:59:18 Success.
2025-10-27 17:59:18 Latest version is 1.9.14
2025-10-27 17:59:18 App is up to date.
2025-10-27 20:58:19 Loading main app package /usr/lib/obsidian/obsidian.asar
2025-10-27 20:58:20 Checking for update using Github
2025-10-27 20:58:20 Success.
2025-10-27 20:58:20 Latest version is 1.9.14
2025-10-27 20:58:20 App is up to date.
2025-10-27 22:08:58 Checking for update using Github
2025-10-27 22:08:58 Success.
2025-10-27 22:08:58 Latest version is 1.9.14
2025-10-27 22:08:58 App is up to date.
2025-10-27 23:08:58 Checking for update using Github
2025-10-27 23:08:58 Success.
2025-10-27 23:08:58 Latest version is 1.9.14
2025-10-27 23:08:58 App is up to date.
2025-10-28 11:38:27 Loading main app package /usr/lib/obsidian/obsidian.asar
2025-10-28 11:38:28 Checking for update using Github
2025-10-28 11:38:29 Success.
2025-10-28 11:38:29 Latest version is 1.9.14
2025-10-28 11:38:29 App is up to date.
2025-10-28 12:01:24 Loading main app package /usr/lib/obsidian/obsidian.asar
2025-10-28 12:01:24 Checking for update using Github
2025-10-28 12:01:26 Success.
2025-10-28 12:01:26 Latest version is 1.9.14
2025-10-28 12:01:26 App is up to date.
2025-10-28 13:19:50 Checking for update using Github
2025-10-28 13:20:02 Success.
2025-10-28 13:20:02 Latest version is 1.9.14
2025-10-28 13:20:02 App is up to date.
2025-10-28 14:19:48 Checking for update using Github
2025-10-28 14:20:04 Failed to check for update using Github (net::ERR_NETWORK_CHANGED)
2025-10-28 14:20:04 Checking for update using obsidian.md
2025-10-28 14:20:04 Failed to check for update using obsidian.md (net::ERR_NAME_NOT_RESOLVED)
2025-10-28 16:18:31 Loading main app package /usr/lib/obsidian/obsidian.asar
2025-10-28 16:18:33 Checking for update using Github
2025-10-28 16:18:52 Success.
2025-10-28 16:18:52 Latest version is 1.9.14
2025-10-28 16:18:52 App is up to date.
2025-10-28 17:47:56 Checking for update using Github
2025-10-28 17:47:56 Failed to check for update using Github (net::ERR_NAME_NOT_RESOLVED)
2025-10-28 17:47:56 Checking for update using obsidian.md
2025-10-28 17:47:56 Failed to check for update using obsidian.md (net::ERR_NAME_NOT_RESOLVED)
2025-10-28 18:45:57 Loading main app package /usr/lib/obsidian/obsidian.asar
2025-10-28 18:45:58 Checking for update using Github
2025-10-28 18:47:34 Success.
2025-10-28 18:47:34 Latest version is 1.9.14
2025-10-28 18:47:34 App is up to date.
2025-10-28 22:48:00 Loading main app package /usr/lib/obsidian/obsidian.asar
2025-10-28 22:48:01 Checking for update using Github
2025-10-28 22:48:01 Success.
2025-10-28 22:48:01 Latest version is 1.9.14
2025-10-28 22:48:01 App is up to date.
2025-10-29 12:47:15 Loading main app package /usr/lib/obsidian/obsidian.asar
2025-10-29 12:47:16 Checking for update using Github
2025-10-29 12:47:22 Success.
2025-10-29 12:47:22 Latest version is 1.9.14
2025-10-29 12:47:22 App is up to date.
2025-10-29 13:47:17 Checking for update using Github
2025-10-29 13:47:17 Success.
2025-10-29 13:47:17 Latest version is 1.9.14
2025-10-29 13:47:17 App is up to date.
2025-10-29 16:07:06 Checking for update using Github
2025-10-29 16:07:07 Success.
2025-10-29 16:07:07 Latest version is 1.9.14
2025-10-29 16:07:07 App is up to date.
2025-10-29 17:12:28 Loading main app package /usr/lib/obsidian/obsidian.asar
2025-10-29 17:12:29 Checking for update using Github
2025-10-29 17:12:30 Success.
2025-10-29 17:12:30 Latest version is 1.9.14
2025-10-29 17:12:30 App is up to date.
2025-10-29 21:50:04 Loading main app package /usr/lib/obsidian/obsidian.asar
2025-10-29 21:50:05 Checking for update using Github
2025-10-29 21:50:05 Success.
2025-10-29 21:50:05 Latest version is 1.9.14
2025-10-29 21:50:05 App is up to date.
2025-10-29 22:50:05 Checking for update using Github
2025-10-29 22:50:05 Success.
2025-10-29 22:50:05 Latest version is 1.9.14
2025-10-29 22:50:05 App is up to date.
2025-10-30 01:25:38 Checking for update using Github
2025-10-30 01:25:41 Success.
2025-10-30 01:25:41 Latest version is 1.9.14
2025-10-30 01:25:41 App is up to date.
2025-10-30 08:25:05 Loading main app package /usr/lib/obsidian/obsidian.asar
2025-10-30 08:25:06 Checking for update using Github
2025-10-30 08:25:08 Success.
2025-10-30 08:25:08 Latest version is 1.9.14
2025-10-30 08:25:08 App is up to date.
2025-10-30 10:25:35 Checking for update using Github
2025-10-30 10:25:37 Success.
2025-10-30 10:25:37 Latest version is 1.9.14
2025-10-30 10:25:37 App is up to date.
2025-10-30 11:25:36 Checking for update using Github
2025-10-30 11:26:22 Success.
2025-10-30 11:26:22 Latest version is 1.9.14
2025-10-30 11:26:22 App is up to date.
2025-10-30 12:17:42 Loading main app package /usr/lib/obsidian/obsidian.asar
2025-10-30 12:17:43 Checking for update using Github
2025-10-30 12:17:43 Failed to check for update using Github (net::ERR_NAME_NOT_RESOLVED)
2025-10-30 12:17:43 Checking for update using obsidian.md
2025-10-30 12:17:43 Failed to check for update using obsidian.md (net::ERR_NAME_NOT_RESOLVED)
2025-10-30 16:26:08 Checking for update using Github
2025-10-30 16:27:14 Failed to check for update using Github (net::ERR_TIMED_OUT)
2025-10-30 16:27:14 Checking for update using obsidian.md
2025-10-30 16:27:20 Failed to check for update using obsidian.md (Unexpected end of JSON input)
2025-10-30 18:02:41 Checking for update using Github
2025-10-30 18:03:31 Success.
2025-10-30 18:03:31 Latest version is 1.9.14
2025-10-30 18:03:31 App is up to date.
2025-10-30 20:39:56 Checking for update using Github
2025-10-30 20:39:56 Success.
2025-10-30 20:39:56 Latest version is 1.9.14
2025-10-30 20:39:56 App is up to date.
2025-10-31 12:44:47 Loading main app package /usr/lib/obsidian/obsidian.asar
2025-10-31 12:44:48 Checking for update using Github
2025-10-31 12:44:49 Success.
2025-10-31 12:44:49 Latest version is 1.9.14
2025-10-31 12:44:49 App is up to date.
2025-10-31 19:08:09 Loading main app package /usr/lib/obsidian/obsidian.asar
2025-10-31 19:08:10 Checking for update using Github
2025-10-31 19:08:10 Success.
2025-10-31 19:08:10 Latest version is 1.9.14
2025-10-31 19:08:10 App is up to date.
2025-10-31 19:57:20 Loading main app package /usr/lib/obsidian/obsidian.asar
2025-10-31 19:57:21 Checking for update using Github
2025-10-31 19:57:21 Success.
2025-10-31 19:57:21 Latest version is 1.9.14
2025-10-31 19:57:21 App is up to date.
2025-10-31 20:57:20 Checking for update using Github
2025-10-31 20:57:21 Success.
2025-10-31 20:57:21 Latest version is 1.9.14
2025-10-31 20:57:21 App is up to date.
2025-11-01 13:01:50 Loading main app package /usr/lib/obsidian/obsidian.asar
2025-11-01 13:01:50 Checking for update using Github
2025-11-01 13:01:50 Success.
2025-11-01 13:01:50 Latest version is 1.9.14
2025-11-01 13:01:50 App is up to date.
2025-11-01 15:48:01 Checking for update using Github
2025-11-01 15:48:01 Success.
2025-11-01 15:48:01 Latest version is 1.9.14
2025-11-01 15:48:01 App is up to date.
2025-11-01 16:48:01 Checking for update using Github
2025-11-01 16:48:04 Success.
2025-11-01 16:48:04 Latest version is 1.9.14
2025-11-01 16:48:04 App is up to date.
2025-11-01 17:48:01 Checking for update using Github
2025-11-01 17:48:02 Success.
2025-11-01 17:48:02 Latest version is 1.9.14
2025-11-01 17:48:02 App is up to date.
2025-11-01 18:48:01 Checking for update using Github
2025-11-01 18:48:01 Success.
2025-11-01 18:48:01 Latest version is 1.9.14
2025-11-01 18:48:01 App is up to date.
2025-11-01 20:21:06 Checking for update using Github
2025-11-01 20:21:07 Success.
2025-11-01 20:21:07 Latest version is 1.9.14
2025-11-01 20:21:07 App is up to date.
2025-11-01 22:14:31 Checking for update using Github
2025-11-01 22:14:36 Success.
2025-11-01 22:14:36 Latest version is 1.9.14
2025-11-01 22:14:36 App is up to date.
2025-11-02 12:10:46 Loading main app package /usr/lib/obsidian/obsidian.asar
2025-11-02 12:10:47 Checking for update using Github
2025-11-02 12:10:47 Success.
2025-11-02 12:10:47 Latest version is 1.9.14
2025-11-02 12:10:47 App is up to date.
2025-11-02 15:57:58 Checking for update using Github
2025-11-02 15:57:58 Success.
2025-11-02 15:57:58 Latest version is 1.9.14
2025-11-02 15:57:58 App is up to date.
2025-11-02 17:37:29 Loading main app package /usr/lib/obsidian/obsidian.asar
2025-11-02 17:37:30 Checking for update using Github
2025-11-02 17:37:30 Success.
2025-11-02 17:37:30 Latest version is 1.9.14
2025-11-02 17:37:30 App is up to date.
2025-11-02 18:11:35 Loading main app package /usr/lib/obsidian/obsidian.asar
2025-11-02 18:11:36 Checking for update using Github
2025-11-02 18:11:37 Success.
2025-11-02 18:11:37 Latest version is 1.9.14
2025-11-02 18:11:37 App is up to date.
2025-11-02 19:11:36 Checking for update using Github
2025-11-02 19:11:36 Success.
2025-11-02 19:11:36 Latest version is 1.9.14
2025-11-02 19:11:36 App is up to date.
2025-11-02 20:11:36 Checking for update using Github
2025-11-02 20:11:36 Success.
2025-11-02 20:11:36 Latest version is 1.9.14
2025-11-02 20:11:36 App is up to date.
2025-11-02 22:28:12 Checking for update using Github
2025-11-02 22:28:14 Success.
2025-11-02 22:28:14 Latest version is 1.9.14
2025-11-02 22:28:14 App is up to date.
2025-11-02 23:28:13 Checking for update using Github
2025-11-02 23:28:13 Success.
2025-11-02 23:28:13 Latest version is 1.9.14
2025-11-02 23:28:13 App is up to date.
2025-11-03 12:23:13 Loading main app package /usr/lib/obsidian/obsidian.asar
2025-11-03 12:23:14 Checking for update using Github
2025-11-03 12:23:16 Success.
2025-11-03 12:23:16 Latest version is 1.9.14
2025-11-03 12:23:16 App is up to date.
2025-11-03 13:23:14 Checking for update using Github
2025-11-03 13:23:20 Success.
2025-11-03 13:23:20 Latest version is 1.9.14
2025-11-03 13:23:20 App is up to date.
2025-11-03 14:23:13 Checking for update using Github
2025-11-03 14:23:16 Success.
2025-11-03 14:23:16 Latest version is 1.9.14
2025-11-03 14:23:16 App is up to date.
2025-11-03 15:31:34 Checking for update using Github
2025-11-03 15:31:35 Success.
2025-11-03 15:31:35 Latest version is 1.9.14
2025-11-03 15:31:35 App is up to date.
2025-11-03 16:31:34 Checking for update using Github
2025-11-03 16:31:34 Success.
2025-11-03 16:31:34 Latest version is 1.9.14
2025-11-03 16:31:34 App is up to date.
2025-11-03 17:49:16 Checking for update using Github
2025-11-03 18:07:32 Failed to check for update using Github (net::ERR_TIMED_OUT)
2025-11-03 18:07:32 Checking for update using obsidian.md
2025-11-03 18:07:57 Failed to check for update using obsidian.md (Unexpected end of JSON input)
2025-11-03 18:49:16 Checking for update using Github
2025-11-03 18:49:28 Success.
2025-11-03 18:49:28 Latest version is 1.9.14
2025-11-03 18:49:28 App is up to date.
2025-11-03 22:42:21 Checking for update using Github
2025-11-03 22:42:21 Success.
2025-11-03 22:42:21 Latest version is 1.9.14
2025-11-03 22:42:21 App is up to date.
2025-11-03 23:42:21 Checking for update using Github
2025-11-03 23:42:21 Success.
2025-11-03 23:42:21 Latest version is 1.9.14
2025-11-03 23:42:21 App is up to date.
2025-11-04 12:22:28 Loading main app package /usr/lib/obsidian/obsidian.asar
2025-11-04 12:22:29 Checking for update using Github
2025-11-04 12:22:33 Success.
2025-11-04 12:22:33 Latest version is 1.9.14
2025-11-04 12:22:33 App is up to date.
2025-11-04 13:22:28 Checking for update using Github
2025-11-04 13:22:29 Success.
2025-11-04 13:22:29 Latest version is 1.9.14
2025-11-04 13:22:29 App is up to date.
2025-11-04 14:22:28 Checking for update using Github
2025-11-04 14:22:30 Success.
2025-11-04 14:22:30 Latest version is 1.9.14
2025-11-04 14:22:30 App is up to date.
2025-11-05 00:45:18 Loading main app package /usr/lib/obsidian/obsidian.asar
2025-11-05 00:45:18 Checking for update using Github
2025-11-05 00:45:19 Success.
2025-11-05 00:45:19 Latest version is 1.9.14
2025-11-05 00:45:19 App is up to date.
2025-11-05 12:44:03 Loading main app package /usr/lib/obsidian/obsidian.asar
2025-11-05 12:44:04 Checking for update using Github
2025-11-05 12:44:07 Success.
2025-11-05 12:44:07 Latest version is 1.9.14
2025-11-05 12:44:07 App is up to date.
2025-11-05 16:18:47 Checking for update using Github
2025-11-05 16:18:48 Success.
2025-11-05 16:18:48 Latest version is 1.9.14
2025-11-05 16:18:48 App is up to date.
2025-11-05 22:31:13 Checking for update using Github
2025-11-05 22:31:13 Success.
2025-11-05 22:31:13 Latest version is 1.9.14
2025-11-05 22:31:13 App is up to date.
2025-11-06 10:38:12 Loading main app package /usr/lib/obsidian/obsidian.asar
2025-11-06 10:38:12 Checking for update using Github
2025-11-06 10:38:13 Success.
2025-11-06 10:38:13 Latest version is 1.9.14
2025-11-06 10:38:13 App is up to date.
2025-11-06 11:38:12 Checking for update using Github
2025-11-06 11:38:12 Success.
2025-11-06 11:38:12 Latest version is 1.9.14
2025-11-06 11:38:12 App is up to date.
2025-11-06 13:17:40 Checking for update using Github
2025-11-06 13:17:45 Success.
2025-11-06 13:17:45 Latest version is 1.9.14
2025-11-06 13:17:45 App is up to date.
2025-11-06 14:17:41 Checking for update using Github
2025-11-06 14:17:41 Failed to check for update using Github (net::ERR_NAME_NOT_RESOLVED)
2025-11-06 14:17:41 Checking for update using obsidian.md
2025-11-06 14:17:41 Failed to check for update using obsidian.md (net::ERR_NAME_NOT_RESOLVED)
2025-11-06 17:49:17 Checking for update using Github
2025-11-06 17:49:40 Success.
2025-11-06 17:49:40 Latest version is 1.9.14
2025-11-06 17:49:40 App is up to date.
2025-11-06 18:49:17 Checking for update using Github
2025-11-06 18:49:20 Success.
2025-11-06 18:49:20 Latest version is 1.9.14
2025-11-06 18:49:20 App is up to date.
2025-11-06 22:32:59 Checking for update using Github
2025-11-06 22:32:59 Success.
2025-11-06 22:32:59 Latest version is 1.9.14
2025-11-06 22:32:59 App is up to date.
2025-11-06 23:32:59 Checking for update using Github
2025-11-06 23:32:59 Success.
2025-11-06 23:32:59 Latest version is 1.9.14
2025-11-06 23:32:59 App is up to date.
2025-11-07 12:24:16 Loading main app package /usr/lib/obsidian/obsidian.asar
2025-11-07 12:24:17 Checking for update using Github
2025-11-07 12:24:17 Failed to check for update using Github (net::ERR_NAME_NOT_RESOLVED)
2025-11-07 12:24:17 Checking for update using obsidian.md
2025-11-07 12:24:17 Failed to check for update using obsidian.md (net::ERR_NAME_NOT_RESOLVED)
2025-11-07 13:24:17 Checking for update using Github
2025-11-07 13:24:18 Success.
2025-11-07 13:24:18 Latest version is 1.9.14
2025-11-07 13:24:18 App is up to date.
2025-11-07 14:24:17 Checking for update using Github
2025-11-07 14:24:18 Success.
2025-11-07 14:24:18 Latest version is 1.9.14
2025-11-07 14:24:18 App is up to date.
2025-11-07 15:44:20 Checking for update using Github
2025-11-07 15:44:21 Success.
2025-11-07 15:44:21 Latest version is 1.9.14
2025-11-07 15:44:21 App is up to date.
2025-11-07 16:39:23 Loading main app package /usr/lib/obsidian/obsidian.asar
2025-11-07 16:39:23 Checking for update using Github
2025-11-07 16:39:31 Success.
2025-11-07 16:39:31 Latest version is 1.9.14
2025-11-07 16:39:31 App is up to date.
2025-11-07 23:06:46 Loading main app package /usr/lib/obsidian/obsidian.asar
2025-11-07 23:06:47 Checking for update using Github
2025-11-07 23:06:47 Success.
2025-11-07 23:06:47 Latest version is 1.9.14
2025-11-07 23:06:47 App is up to date.
2025-11-08 00:35:54 Loading main app package /usr/lib/obsidian/obsidian.asar
2025-11-08 00:35:55 Checking for update using Github
2025-11-08 00:35:55 Success.
2025-11-08 00:35:55 Latest version is 1.9.14
2025-11-08 00:35:55 App is up to date.
2025-11-08 01:35:54 Checking for update using Github
2025-11-08 01:35:55 Success.
2025-11-08 01:35:55 Latest version is 1.9.14
2025-11-08 01:35:55 App is up to date.
2025-11-08 07:39:35 Loading main app package /usr/lib/obsidian/obsidian.asar
2025-11-08 07:39:36 Checking for update using Github
2025-11-08 07:39:46 Success.
2025-11-08 07:39:46 Latest version is 1.9.14
2025-11-08 07:39:46 App is up to date.
2025-11-08 08:39:35 Checking for update using Github
2025-11-08 08:39:38 Success.
2025-11-08 08:39:38 Latest version is 1.9.14
2025-11-08 08:39:38 App is up to date.
2025-11-08 09:59:40 Checking for update using Github
2025-11-08 09:59:42 Success.
2025-11-08 09:59:42 Latest version is 1.9.14
2025-11-08 09:59:42 App is up to date.
2025-11-08 11:00:27 Checking for update using Github
2025-11-08 11:00:28 Success.
2025-11-08 11:00:28 Latest version is 1.9.14
2025-11-08 11:00:28 App is up to date.
2025-11-08 14:37:28 Checking for update using Github
2025-11-08 14:37:28 Success.
2025-11-08 14:37:28 Latest version is 1.9.14
2025-11-08 14:37:28 App is up to date.
2025-11-08 20:54:14 Checking for update using Github
2025-11-08 20:54:14 Success.
2025-11-08 20:54:14 Latest version is 1.9.14
2025-11-08 20:54:14 App is up to date.
2025-11-09 03:26:39 Loading main app package /usr/lib/obsidian/obsidian.asar
2025-11-09 03:26:40 Checking for update using Github
2025-11-09 03:26:40 Success.
2025-11-09 03:26:40 Latest version is 1.9.14
2025-11-09 03:26:40 App is up to date.
2025-11-09 03:28:35 Loading main app package /usr/lib/obsidian/obsidian.asar
2025-11-09 03:28:35 Loading main app package /usr/lib/obsidian/obsidian.asar
2025-11-09 03:28:35 Checking for update using Github
2025-11-09 03:28:35 Success.
2025-11-09 03:28:35 Latest version is 1.9.14
2025-11-09 03:28:35 App is up to date.
2025-11-09 03:28:35 Checking for update using Github
2025-11-09 16:06:04 Loading main app package /usr/lib/obsidian/obsidian.asar
2025-11-09 16:06:04 Checking for update using Github
2025-11-09 16:06:05 Success.
2025-11-09 16:06:05 Latest version is 1.9.14
2025-11-09 16:06:05 App is up to date.
2025-11-09 18:06:47 Checking for update using Github
2025-11-09 18:06:48 Success.
2025-11-09 18:06:48 Latest version is 1.9.14
2025-11-09 18:06:48 App is up to date.
2025-11-09 20:57:55 Checking for update using Github
2025-11-09 20:57:56 Success.
2025-11-09 20:57:56 Latest version is 1.9.14
2025-11-09 20:57:56 App is up to date.
2025-11-09 23:18:48 Checking for update using Github
2025-11-09 23:18:49 Success.
2025-11-09 23:18:49 Latest version is 1.9.14
2025-11-09 23:18:49 App is up to date.
2025-11-10 00:18:48 Checking for update using Github
2025-11-10 00:18:49 Success.
2025-11-10 00:18:49 Latest version is 1.9.14
2025-11-10 00:18:49 App is up to date.
2025-11-10 07:40:53 Loading main app package /usr/lib/obsidian/obsidian.asar
2025-11-10 07:40:53 Checking for update using Github
2025-11-10 07:40:53 Success.
2025-11-10 07:40:53 Latest version is 1.9.14
2025-11-10 07:40:53 App is up to date.
2025-11-10 12:29:15 Loading main app package /usr/lib/obsidian/obsidian.asar
2025-11-10 12:29:15 Checking for update using Github
2025-11-10 12:29:42 Success.
2025-11-10 12:29:42 Latest version is 1.9.14
2025-11-10 12:29:42 App is up to date.
2025-11-10 13:29:16 Checking for update using Github
2025-11-10 13:29:29 Success.
2025-11-10 13:29:29 Latest version is 1.9.14
2025-11-10 13:29:29 App is up to date.
2025-11-10 13:53:09 Loading main app package /usr/lib/obsidian/obsidian.asar
2025-11-10 13:53:10 Checking for update using Github
2025-11-10 13:53:18 Success.
2025-11-10 13:53:18 Latest version is 1.9.14
2025-11-10 13:53:18 App is up to date.
2025-11-10 15:08:55 Checking for update using Github
2025-11-10 15:09:03 Success.
2025-11-10 15:09:03 Latest version is 1.9.14
2025-11-10 15:09:03 App is up to date.
2025-11-10 16:08:55 Checking for update using Github
2025-11-10 16:09:06 Success.
2025-11-10 16:09:06 Latest version is 1.9.14
2025-11-10 16:09:06 App is up to date.
2025-11-10 17:40:19 Checking for update using Github
2025-11-10 17:40:29 Success.
2025-11-10 17:40:29 Latest version is 1.9.14
2025-11-10 17:40:29 App is up to date.
2025-11-10 18:40:19 Checking for update using Github
2025-11-10 18:40:21 Success.
2025-11-10 18:40:21 Latest version is 1.9.14
2025-11-10 18:40:21 App is up to date.
2025-11-10 23:36:40 Loading main app package /usr/lib/obsidian/obsidian.asar
2025-11-10 23:36:41 Checking for update using Github
2025-11-10 23:36:41 Success.
2025-11-10 23:36:41 Latest version is 1.9.14
2025-11-10 23:36:41 App is up to date.
2025-11-10 23:37:05 Loading main app package /usr/lib/obsidian/obsidian.asar
2025-11-10 23:37:05 Checking for update using Github
2025-11-10 23:37:23 Loading main app package /usr/lib/obsidian/obsidian.asar
2025-11-10 23:37:23 Checking for update using Github
2025-11-10 23:37:34 Loading main app package /usr/lib/obsidian/obsidian.asar
2025-11-10 23:37:34 Checking for update using Github
2025-11-10 23:37:34 Success.
2025-11-10 23:37:34 Latest version is 1.9.14
2025-11-10 23:37:34 App is up to date.
2025-11-11 00:37:34 Checking for update using Github
2025-11-11 00:37:39 Success.
2025-11-11 00:37:39 Latest version is 1.9.14
2025-11-11 00:37:39 App is up to date.
2025-11-11 10:16:36 Loading main app package /usr/lib/obsidian/obsidian.asar
2025-11-11 10:16:37 Checking for update using Github
2025-11-11 10:16:53 Success.
2025-11-11 10:16:53 Latest version is 1.9.14
2025-11-11 10:16:53 App is up to date.
2025-11-11 10:56:56 Loading main app package /usr/lib/obsidian/obsidian.asar
2025-11-11 10:56:56 Checking for update using Github
2025-11-11 11:16:39 Checking for update using Github
2025-11-11 11:16:44 Success.
2025-11-11 11:16:44 Latest version is 1.9.14
2025-11-11 11:16:44 App is up to date.
2025-11-11 12:33:16 Checking for update using Github
2025-11-11 12:33:53 Failed to check for update using Github (net::ERR_TIMED_OUT)
2025-11-11 12:33:53 Checking for update using obsidian.md
2025-11-11 12:33:54 Failed to check for update using obsidian.md (net::ERR_TIMED_OUT)
2025-11-11 13:42:41 Checking for update using Github
2025-11-11 13:42:42 Success.
2025-11-11 13:42:42 Latest version is 1.9.14
2025-11-11 13:42:42 App is up to date.
2025-11-11 14:42:41 Checking for update using Github
2025-11-11 14:42:48 Success.
2025-11-11 14:42:48 Latest version is 1.9.14
2025-11-11 14:42:48 App is up to date.
2025-11-12 00:27:20 Loading main app package /usr/lib/obsidian/obsidian.asar
2025-11-12 00:27:20 Checking for update using Github
2025-11-12 00:27:21 Success.
2025-11-12 00:27:21 Latest version is 1.10.3
2025-11-12 00:27:21 Downloading update from https://github.com/obsidianmd/obsidian-releases/releases/download/v1.10.3/obsidian-1.10.3.asar.gz
2025-11-12 00:27:57 Loading main app package /usr/lib/obsidian/obsidian.asar
2025-11-12 00:27:57 Checking for update using Github
2025-11-12 00:28:19 Verifying hash & signature. Size= 9053948
2025-11-12 00:28:19 Saving file
2025-11-12 00:28:20 Update complete.
2025-11-12 01:27:20 Checking for update using Github
2025-11-12 01:27:20 Success.
2025-11-12 01:27:20 Latest version is 1.10.3
2025-11-12 01:27:20 An update is already downloaded.
2025-11-12 12:53:35 Loading updated app package /home/credo/.config/obsidian/obsidian-1.10.3.asar
2025-11-12 12:53:35 Checking for update using Github
2025-11-12 12:55:25 Failed to check for update using Github (net::ERR_TIMED_OUT)
2025-11-12 12:55:25 Checking for update using obsidian.md
2025-11-12 12:55:27 Failed to check for update using obsidian.md (Unexpected end of JSON input)
2025-11-12 13:53:35 Checking for update using Github
2025-11-12 13:53:36 Success.
2025-11-12 13:53:36 Latest version is 1.10.3
2025-11-12 13:53:36 App is up to date.
2025-11-12 15:01:52 Checking for update using Github
2025-11-12 15:01:54 Success.
2025-11-12 15:01:54 Latest version is 1.10.3
2025-11-12 15:01:54 App is up to date.
2025-11-12 16:01:53 Checking for update using Github
2025-11-12 16:02:13 Success.
2025-11-12 16:02:13 Latest version is 1.10.3
2025-11-12 16:02:13 App is up to date.
2025-11-12 23:09:30 Checking for update using Github
2025-11-12 23:09:32 Success.
2025-11-12 23:09:32 Latest version is 1.10.3
2025-11-12 23:09:32 App is up to date.
2025-11-13 12:21:08 Loading updated app package /home/credo/.config/obsidian/obsidian-1.10.3.asar
2025-11-13 12:21:09 Checking for update using Github
2025-11-13 12:21:10 Success.
2025-11-13 12:21:10 Latest version is 1.10.3
2025-11-13 12:21:10 App is up to date.
2025-11-13 13:21:08 Checking for update using Github
2025-11-13 13:21:09 Success.
2025-11-13 13:21:09 Latest version is 1.10.3
2025-11-13 13:21:09 App is up to date.
2025-11-13 14:21:08 Checking for update using Github
2025-11-13 14:21:24 Success.
2025-11-13 14:21:24 Latest version is 1.10.3
2025-11-13 14:21:24 App is up to date.
2025-11-13 17:46:43 Checking for update using Github
2025-11-13 17:50:44 Failed to check for update using Github (net::ERR_TIMED_OUT)
2025-11-13 17:50:44 Checking for update using obsidian.md
2025-11-13 17:50:44 Failed to check for update using obsidian.md (net::ERR_TIMED_OUT)
2025-11-13 18:46:43 Checking for update using Github
2025-11-13 18:50:44 Failed to check for update using Github (net::ERR_TIMED_OUT)
2025-11-13 18:50:44 Checking for update using obsidian.md
2025-11-13 18:50:44 Failed to check for update using obsidian.md (net::ERR_TIMED_OUT)
2025-11-13 23:09:40 Loading updated app package /home/credo/.config/obsidian/obsidian-1.10.3.asar
2025-11-13 23:09:41 Checking for update using Github
2025-11-13 23:09:41 Success.
2025-11-13 23:09:41 Latest version is 1.10.3
2025-11-13 23:09:41 App is up to date.
2025-11-14 00:14:29 Checking for update using Github
2025-11-14 00:14:36 Success.
2025-11-14 00:14:36 Latest version is 1.10.3
2025-11-14 00:14:36 App is up to date.
2025-11-14 01:14:29 Checking for update using Github
2025-11-14 01:14:30 Success.
2025-11-14 01:14:30 Latest version is 1.10.3
2025-11-14 01:14:30 App is up to date.
2025-11-14 12:30:15 Loading updated app package /home/credo/.config/obsidian/obsidian-1.10.3.asar
2025-11-14 12:30:15 Checking for update using Github
2025-11-14 12:30:18 Success.
2025-11-14 12:30:18 Latest version is 1.10.3
2025-11-14 12:30:18 App is up to date.
2025-11-14 13:30:14 Checking for update using Github
2025-11-14 13:30:16 Success.
2025-11-14 13:30:16 Latest version is 1.10.3
2025-11-14 13:30:16 App is up to date.
2025-11-14 14:48:28 Checking for update using Github
2025-11-14 14:49:44 Success.
2025-11-14 14:49:44 Latest version is 1.10.3
2025-11-14 14:49:44 App is up to date.
2025-11-14 15:10:59 Loading updated app package /home/credo/.config/obsidian/obsidian-1.10.3.asar
2025-11-14 15:10:59 Checking for update using Github
2025-11-14 15:48:28 Checking for update using Github
2025-11-14 15:48:31 Success.
2025-11-14 15:48:31 Latest version is 1.10.3
2025-11-14 15:48:31 App is up to date.
2025-11-14 22:52:27 Loading updated app package /home/credo/.config/obsidian/obsidian-1.10.3.asar
2025-11-14 22:52:27 Checking for update using Github
2025-11-14 22:52:28 Success.
2025-11-14 22:52:28 Latest version is 1.10.3
2025-11-14 22:52:28 App is up to date.
2025-11-15 07:42:59 Loading main app package /usr/lib/obsidian/obsidian.asar
2025-11-15 07:43:00 Checking for update using Github
2025-11-15 07:43:16 Success.
2025-11-15 07:43:16 Latest version is 1.10.3
2025-11-15 07:43:16 App is up to date.
2025-11-15 08:42:59 Checking for update using Github
2025-11-15 08:43:07 Success.
2025-11-15 08:43:07 Latest version is 1.10.3
2025-11-15 08:43:07 App is up to date.
2025-11-15 10:30:38 Checking for update using Github
2025-11-15 10:30:46 Success.
2025-11-15 10:30:46 Latest version is 1.10.3
2025-11-15 10:30:46 App is up to date.
2025-11-15 11:30:38 Checking for update using Github
2025-11-15 11:30:39 Success.
2025-11-15 11:30:39 Latest version is 1.10.3
2025-11-15 11:30:39 App is up to date.
2025-11-15 17:55:18 Loading main app package /usr/lib/obsidian/obsidian.asar
2025-11-15 17:55:18 Checking for update using Github
2025-11-15 18:11:47 Checking for update using Github
2025-11-15 18:11:48 Success.
2025-11-15 18:11:48 Latest version is 1.10.3
2025-11-15 18:11:48 App is up to date.
2025-11-15 19:26:46 Checking for update using Github
2025-11-15 19:26:47 Success.
2025-11-15 19:26:47 Latest version is 1.10.3
2025-11-15 19:26:47 App is up to date.
2025-11-15 20:26:47 Checking for update using Github
2025-11-15 20:26:47 Success.
2025-11-15 20:26:47 Latest version is 1.10.3
2025-11-15 20:26:47 App is up to date.
2025-11-15 22:10:49 Checking for update using Github
2025-11-15 22:10:56 Success.
2025-11-15 22:10:56 Latest version is 1.10.3
2025-11-15 22:10:56 App is up to date.
2025-11-15 23:10:49 Checking for update using Github
2025-11-15 23:10:50 Success.
2025-11-15 23:10:50 Latest version is 1.10.3
2025-11-15 23:10:50 App is up to date.
2025-11-16 15:55:46 Loading main app package /usr/lib/obsidian/obsidian.asar
2025-11-16 15:55:47 Checking for update using Github
2025-11-16 15:55:47 Success.
2025-11-16 15:55:47 Latest version is 1.10.3
2025-11-16 15:55:47 App is up to date.
2025-11-16 16:55:58 Checking for update using Github
2025-11-16 16:55:59 Success.
2025-11-16 16:55:59 Latest version is 1.10.3
2025-11-16 16:55:59 App is up to date.
2025-11-16 18:06:21 Checking for update using Github
2025-11-16 18:06:21 Success.
2025-11-16 18:06:21 Latest version is 1.10.3
2025-11-16 18:06:21 App is up to date.
2025-11-16 19:28:58 Checking for update using Github
2025-11-16 19:28:59 Success.
2025-11-16 19:28:59 Latest version is 1.10.3
2025-11-16 19:28:59 App is up to date.
2025-11-16 20:28:59 Checking for update using Github
2025-11-16 20:28:59 Success.
2025-11-16 20:28:59 Latest version is 1.10.3
2025-11-16 20:28:59 App is up to date.
2025-11-17 09:12:14 Checking for update using Github
2025-11-17 09:12:14 Success.
2025-11-17 09:12:14 Latest version is 1.10.3
2025-11-17 09:12:14 App is up to date.
2025-11-17 10:12:16 Checking for update using Github
2025-11-17 10:12:17 Success.
2025-11-17 10:12:17 Latest version is 1.10.3
2025-11-17 10:12:17 App is up to date.
2025-11-17 12:30:48 Loading main app package /usr/lib/obsidian/obsidian.asar
2025-11-17 12:30:48 Checking for update using Github
2025-11-17 12:30:57 Success.
2025-11-17 12:30:57 Latest version is 1.10.3
2025-11-17 12:30:57 App is up to date.
2025-11-17 13:30:49 Checking for update using Github
2025-11-17 13:31:18 Success.
2025-11-17 13:31:18 Latest version is 1.10.3
2025-11-17 13:31:18 App is up to date.
2025-11-17 14:30:49 Checking for update using Github
2025-11-17 14:31:10 Failed to check for update using Github (net::ERR_NAME_NOT_RESOLVED)
2025-11-17 14:31:10 Checking for update using obsidian.md
2025-11-17 14:31:10 Failed to check for update using obsidian.md (net::ERR_NAME_NOT_RESOLVED)
2025-11-17 15:40:29 Checking for update using Github
2025-11-17 15:41:17 Failed to check for update using Github (net::ERR_NAME_NOT_RESOLVED)
2025-11-17 15:41:17 Checking for update using obsidian.md
2025-11-17 15:42:06 Failed to check for update using obsidian.md (net::ERR_NAME_NOT_RESOLVED)
2025-11-17 16:40:29 Checking for update using Github
2025-11-17 16:41:17 Failed to check for update using Github (net::ERR_NAME_NOT_RESOLVED)
2025-11-17 16:41:17 Checking for update using obsidian.md
2025-11-17 16:42:06 Failed to check for update using obsidian.md (net::ERR_NAME_NOT_RESOLVED)
2025-11-17 17:44:07 Loading main app package /usr/lib/obsidian/obsidian.asar
2025-11-17 17:44:07 Checking for update using Github
2025-11-17 18:23:56 Checking for update using Github
2025-11-17 18:24:00 Success.
2025-11-17 18:24:00 Latest version is 1.10.3
2025-11-17 18:24:00 App is up to date.
2025-11-17 20:58:00 Checking for update using Github
2025-11-17 20:58:01 Success.
2025-11-17 20:58:01 Latest version is 1.10.3
2025-11-17 20:58:01 App is up to date.
2025-11-17 22:43:23 Checking for update using Github
2025-11-17 22:43:24 Success.
2025-11-17 22:43:24 Latest version is 1.10.3
2025-11-17 22:43:24 App is up to date.
2025-11-18 08:17:09 Loading main app package /usr/lib/obsidian/obsidian.asar
2025-11-18 08:17:10 Checking for update using Github
2025-11-18 08:17:10 Success.
2025-11-18 08:17:10 Latest version is 1.10.3
2025-11-18 08:17:10 App is up to date.
2025-11-18 09:17:09 Checking for update using Github
2025-11-18 09:17:09 Success.
2025-11-18 09:17:09 Latest version is 1.10.3
2025-11-18 09:17:09 App is up to date.
2025-11-18 10:17:09 Checking for update using Github
2025-11-18 10:17:09 Success.
2025-11-18 10:17:09 Latest version is 1.10.3
2025-11-18 10:17:09 App is up to date.
2025-11-18 11:44:18 Loading main app package /usr/lib/obsidian/obsidian.asar
2025-11-18 11:44:19 Checking for update using Github
2025-11-18 11:48:20 Failed to check for update using Github (net::ERR_TIMED_OUT)
2025-11-18 11:48:20 Checking for update using obsidian.md
2025-11-18 11:48:20 Failed to check for update using obsidian.md (net::ERR_TIMED_OUT)
2025-11-18 12:46:15 Checking for update using Github
2025-11-18 12:46:20 Success.
2025-11-18 12:46:20 Latest version is 1.10.3
2025-11-18 12:46:20 App is up to date.
2025-11-18 13:46:16 Checking for update using Github
2025-11-18 13:46:18 Success.
2025-11-18 13:46:18 Latest version is 1.10.3
2025-11-18 13:46:18 App is up to date.
2025-11-18 14:46:17 Checking for update using Github
2025-11-18 14:46:28 Success.
2025-11-18 14:46:28 Latest version is 1.10.3
2025-11-18 14:46:28 App is up to date.
2025-11-19 12:38:49 Loading main app package /usr/lib/obsidian/obsidian.asar
2025-11-19 12:38:50 Checking for update using Github
2025-11-19 12:38:50 Failed to check for update using Github (net::ERR_NAME_NOT_RESOLVED)
2025-11-19 12:38:50 Checking for update using obsidian.md
2025-11-19 12:38:50 Failed to check for update using obsidian.md (net::ERR_NAME_NOT_RESOLVED)
2025-11-19 13:38:49 Checking for update using Github
2025-11-19 13:38:50 Failed to check for update using Github (net::ERR_NAME_NOT_RESOLVED)
2025-11-19 13:38:50 Checking for update using obsidian.md
2025-11-19 13:38:50 Failed to check for update using obsidian.md (net::ERR_NAME_NOT_RESOLVED)
2025-11-19 14:51:15 Checking for update using Github
2025-11-19 14:51:29 Success.
2025-11-19 14:51:29 Latest version is 1.10.3
2025-11-19 14:51:29 App is up to date.
2025-11-19 15:51:15 Checking for update using Github
2025-11-19 15:51:17 Success.
2025-11-19 15:51:17 Latest version is 1.10.3
2025-11-19 15:51:17 App is up to date.
2025-11-19 16:51:15 Checking for update using Github
2025-11-19 16:51:17 Success.
2025-11-19 16:51:17 Latest version is 1.10.3
2025-11-19 16:51:17 App is up to date.
2025-11-19 17:51:15 Checking for update using Github
2025-11-19 17:51:24 Success.
2025-11-19 17:51:24 Latest version is 1.10.3
2025-11-19 17:51:24 App is up to date.
2025-11-19 20:39:34 Checking for update using Github
2025-11-19 20:39:34 Success.
2025-11-19 20:39:34 Latest version is 1.10.3
2025-11-19 20:39:34 App is up to date.
2025-11-19 21:52:56 Checking for update using Github
2025-11-19 21:52:56 Success.
2025-11-19 21:52:56 Latest version is 1.10.3
2025-11-19 21:52:56 App is up to date.
2025-11-20 12:40:30 Loading main app package /usr/lib/obsidian/obsidian.asar
2025-11-20 12:40:30 Checking for update using Github
2025-11-20 12:40:33 Success.
2025-11-20 12:40:33 Latest version is 1.10.3
2025-11-20 12:40:33 App is up to date.
2025-11-20 13:40:30 Checking for update using Github
2025-11-20 13:40:31 Success.
2025-11-20 13:40:31 Latest version is 1.10.3
2025-11-20 13:40:31 App is up to date.
2025-11-20 16:33:40 Checking for update using Github
2025-11-20 16:33:46 Success.
2025-11-20 16:33:46 Latest version is 1.10.3
2025-11-20 16:33:46 App is up to date.
2025-11-20 17:33:40 Checking for update using Github
2025-11-20 17:33:42 Success.
2025-11-20 17:33:42 Latest version is 1.10.3
2025-11-20 17:33:42 App is up to date.
2025-11-20 18:33:40 Checking for update using Github
2025-11-20 18:33:42 Success.
2025-11-20 18:33:42 Latest version is 1.10.3
2025-11-20 18:33:42 App is up to date.
2025-11-20 23:43:08 Checking for update using Github
2025-11-20 23:43:08 Success.
2025-11-20 23:43:08 Latest version is 1.10.3
2025-11-20 23:43:08 App is up to date.
2025-11-21 08:32:36 Loading main app package /usr/lib/obsidian/obsidian.asar
2025-11-21 08:32:37 Checking for update using Github
2025-11-21 08:32:37 Success.
2025-11-21 08:32:37 Latest version is 1.10.3
2025-11-21 08:32:37 App is up to date.
2025-11-21 09:32:36 Checking for update using Github
2025-11-21 09:32:39 Success.
2025-11-21 09:32:39 Latest version is 1.10.3
2025-11-21 09:32:39 App is up to date.
2025-11-21 12:32:59 Loading main app package /usr/lib/obsidian/obsidian.asar
2025-11-21 12:33:00 Checking for update using Github
2025-11-21 12:33:04 Success.
2025-11-21 12:33:04 Latest version is 1.10.3
2025-11-21 12:33:04 App is up to date.
2025-11-21 15:39:03 Checking for update using Github
2025-11-21 15:39:08 Success.
2025-11-21 15:39:08 Latest version is 1.10.3
2025-11-21 15:39:08 App is up to date.
2025-11-21 16:39:04 Checking for update using Github
2025-11-21 16:39:05 Success.
2025-11-21 16:39:05 Latest version is 1.10.3
2025-11-21 16:39:05 App is up to date.
2025-11-21 18:03:10 Checking for update using Github
2025-11-21 18:03:10 Success.
2025-11-21 18:03:10 Latest version is 1.10.3
2025-11-21 18:03:10 App is up to date.
2025-11-21 20:45:28 Checking for update using Github
2025-11-21 20:45:28 Success.
2025-11-21 20:45:28 Latest version is 1.10.3
2025-11-21 20:45:28 App is up to date.
2025-11-21 21:51:22 Checking for update using Github
2025-11-21 21:51:22 Success.
2025-11-21 21:51:22 Latest version is 1.10.3
2025-11-21 21:51:22 App is up to date.
2025-11-21 22:51:22 Checking for update using Github
2025-11-21 22:51:22 Success.
2025-11-21 22:51:22 Latest version is 1.10.3
2025-11-21 22:51:22 App is up to date.
2025-11-21 23:51:22 Checking for update using Github
2025-11-21 23:51:22 Success.
2025-11-21 23:51:22 Latest version is 1.10.3
2025-11-21 23:51:22 App is up to date.
2025-11-22 07:33:14 Loading main app package /usr/lib/obsidian/obsidian.asar
2025-11-22 07:33:14 Checking for update using Github
2025-11-22 07:33:15 Failed to check for update using Github (net::ERR_NAME_NOT_RESOLVED)
2025-11-22 07:33:15 Checking for update using obsidian.md
2025-11-22 07:33:15 Failed to check for update using obsidian.md (net::ERR_NAME_NOT_RESOLVED)
2025-11-22 07:43:11 Loading main app package /usr/lib/obsidian/obsidian.asar
2025-11-22 07:43:11 Checking for update using Github
2025-11-22 08:33:13 Checking for update using Github
2025-11-22 08:34:54 Failed to check for update using Github (net::ERR_TIMED_OUT)
2025-11-22 08:34:54 Checking for update using obsidian.md
2025-11-22 08:35:34 Failed to check for update using obsidian.md (net::ERR_TIMED_OUT)
2025-11-22 09:33:13 Checking for update using Github
2025-11-22 09:33:55 Failed to check for update using Github (net::ERR_TIMED_OUT)
2025-11-22 09:33:55 Checking for update using obsidian.md
2025-11-22 09:34:29 Failed to check for update using obsidian.md (Unexpected end of JSON input)
2025-11-22 10:50:20 Loading main app package /usr/lib/obsidian/obsidian.asar
2025-11-22 10:50:21 Checking for update using Github
2025-11-22 10:55:08 Loading main app package /usr/lib/obsidian/obsidian.asar
2025-11-22 10:55:08 Checking for update using Github
2025-11-22 11:05:23 Checking for update using Github
2025-11-22 11:05:40 Failed to check for update using Github (net::ERR_NAME_NOT_RESOLVED)
2025-11-22 11:05:40 Checking for update using obsidian.md
2025-11-22 11:06:00 Failed to check for update using obsidian.md (net::ERR_NAME_NOT_RESOLVED)
2025-11-22 12:05:20 Checking for update using Github
2025-11-22 12:05:25 Success.
2025-11-22 12:05:25 Latest version is 1.10.3
2025-11-22 12:05:25 App is up to date.
2025-11-22 18:31:27 Checking for update using Github
2025-11-22 18:31:28 Success.
2025-11-22 18:31:28 Latest version is 1.10.3
2025-11-22 18:31:28 App is up to date.
2025-11-22 18:55:00 Loading main app package /usr/lib/obsidian/obsidian.asar
2025-11-22 18:55:00 Checking for update using Github
2025-11-22 19:31:27 Checking for update using Github
2025-11-22 19:31:28 Success.
2025-11-22 19:31:28 Latest version is 1.10.3
2025-11-22 19:31:28 App is up to date.
2025-11-22 19:41:21 Loading main app package /usr/lib/obsidian/obsidian.asar
2025-11-22 19:41:21 Checking for update using Github
2025-11-22 20:31:27 Checking for update using Github
2025-11-22 20:31:28 Success.
2025-11-22 20:31:28 Latest version is 1.10.3
2025-11-22 20:31:28 App is up to date.
2025-11-23 12:26:06 Loading main app package /usr/lib/obsidian/obsidian.asar
2025-11-23 12:26:07 Checking for update using Github
2025-11-23 12:26:08 Success.
2025-11-23 12:26:08 Latest version is 1.10.3
2025-11-23 12:26:08 App is up to date.
2025-11-23 12:26:15 Loading main app package /usr/lib/obsidian/obsidian.asar
2025-11-23 12:26:16 Checking for update using Github
2025-11-23 12:32:15 Loading main app package /usr/lib/obsidian/obsidian.asar
2025-11-23 12:32:15 Checking for update using Github
2025-11-23 12:32:16 Success.
2025-11-23 12:32:16 Latest version is 1.10.3
2025-11-23 12:32:16 App is up to date.
2025-11-23 12:33:32 Loading main app package /usr/lib/obsidian/obsidian.asar
2025-11-23 12:33:32 Checking for update using Github
2025-11-23 12:39:20 Loading main app package /usr/lib/obsidian/obsidian.asar
2025-11-23 12:39:21 Checking for update using Github
2025-11-23 12:39:21 Success.
2025-11-23 12:39:21 Latest version is 1.10.3
2025-11-23 12:39:21 App is up to date.
2025-11-23 12:41:16 Loading main app package /usr/lib/obsidian/obsidian.asar
2025-11-23 12:41:16 Checking for update using Github
2025-11-23 14:58:45 Loading main app package /usr/lib/obsidian/obsidian.asar
2025-11-23 14:58:46 Checking for update using Github
2025-11-23 14:58:46 Success.
2025-11-23 14:58:46 Latest version is 1.10.3
2025-11-23 14:58:46 App is up to date.
2025-11-23 19:20:08 Loading main app package /usr/lib/obsidian/obsidian.asar
2025-11-23 19:20:09 Checking for update using Github
2025-11-23 19:20:09 Success.
2025-11-23 19:20:09 Latest version is 1.10.3
2025-11-23 19:20:09 App is up to date.
2025-11-24 01:15:50 Loading main app package /usr/lib/obsidian/obsidian.asar
2025-11-24 01:15:50 Loading main app package /usr/lib/obsidian/obsidian.asar
2025-11-24 01:15:51 Loading main app package /usr/lib/obsidian/obsidian.asar
2025-11-24 01:15:52 Loading main app package /usr/lib/obsidian/obsidian.asar
2025-11-24 01:15:52 Checking for update using Github
2025-11-24 01:15:52 Checking for update using Github
2025-11-24 01:15:52 Checking for update using Github
2025-11-24 01:15:52 Checking for update using Github
2025-11-24 01:15:53 Success.
2025-11-24 01:15:53 Latest version is 1.10.3
2025-11-24 01:15:53 App is up to date.
2025-11-24 01:15:54 Loading main app package /usr/lib/obsidian/obsidian.asar
2025-11-24 01:15:54 Checking for update using Github
2025-11-24 09:28:24 Loading main app package /usr/lib/obsidian/obsidian.asar
2025-11-24 09:28:24 Checking for update using Github
2025-11-24 09:28:29 Success.
2025-11-24 09:28:29 Latest version is 1.10.3
2025-11-24 09:28:29 App is up to date.
2025-11-24 10:58:13 Checking for update using Github
2025-11-24 10:58:34 Failed to check for update using Github (net::ERR_NAME_NOT_RESOLVED)
2025-11-24 10:58:34 Checking for update using obsidian.md
2025-11-24 10:58:40 Failed to check for update using obsidian.md (net::ERR_NAME_NOT_RESOLVED)
2025-11-24 12:03:59 Loading main app package /usr/lib/obsidian/obsidian.asar
2025-11-24 12:03:59 Checking for update using Github
2025-11-24 12:04:25 Loading main app package /usr/lib/obsidian/obsidian.asar
2025-11-24 12:04:25 Checking for update using Github
2025-11-24 12:11:36 Loading main app package /usr/lib/obsidian/obsidian.asar
2025-11-24 12:11:37 Checking for update using Github
2025-11-24 12:47:51 Checking for update using Github
2025-11-24 12:48:16 Success.
2025-11-24 12:48:16 Latest version is 1.10.3
2025-11-24 12:48:16 App is up to date.
2025-11-24 13:47:51 Checking for update using Github
2025-11-24 13:47:54 Success.
2025-11-24 13:47:54 Latest version is 1.10.3
2025-11-24 13:47:54 App is up to date.
2025-11-24 14:59:51 Loading main app package /usr/lib/obsidian/obsidian.asar
2025-11-24 14:59:51 Checking for update using Github
2025-11-24 15:00:07 Success.
2025-11-24 15:00:07 Latest version is 1.10.3
2025-11-24 15:00:07 App is up to date.
2025-11-24 15:59:52 Checking for update using Github
2025-11-24 16:00:04 Success.
2025-11-24 16:00:04 Latest version is 1.10.3
2025-11-24 16:00:04 App is up to date.
2025-11-24 17:11:21 Checking for update using Github
2025-11-24 17:11:44 Success.
2025-11-24 17:11:44 Latest version is 1.10.3
2025-11-24 17:11:44 App is up to date.
2025-11-24 18:11:21 Checking for update using Github
2025-11-24 18:11:22 Success.
2025-11-24 18:11:22 Latest version is 1.10.3
2025-11-24 18:11:22 App is up to date.
2025-11-24 22:48:03 Checking for update using Github
2025-11-24 22:48:04 Success.
2025-11-24 22:48:04 Latest version is 1.10.3
2025-11-24 22:48:04 App is up to date.
2025-11-24 23:48:04 Checking for update using Github
2025-11-24 23:48:04 Success.
2025-11-24 23:48:04 Latest version is 1.10.3
2025-11-24 23:48:04 App is up to date.
2025-11-25 00:48:04 Checking for update using Github
2025-11-25 00:48:04 Success.
2025-11-25 00:48:04 Latest version is 1.10.3
2025-11-25 00:48:04 App is up to date.
2025-11-25 01:48:04 Checking for update using Github
2025-11-25 01:48:04 Success.
2025-11-25 01:48:04 Latest version is 1.10.3
2025-11-25 01:48:04 App is up to date.
2025-11-25 08:40:22 Loading main app package /usr/lib/obsidian/obsidian.asar
2025-11-25 08:40:23 Checking for update using Github
2025-11-25 08:40:24 Success.
2025-11-25 08:40:24 Latest version is 1.10.3
2025-11-25 08:40:24 App is up to date.
2025-11-25 09:05:48 Loading main app package /usr/lib/obsidian/obsidian.asar
2025-11-25 09:05:49 Checking for update using Github
2025-11-25 09:05:49 Success.
2025-11-25 09:05:49 Latest version is 1.10.3
2025-11-25 09:05:49 App is up to date.
2025-11-25 10:05:48 Checking for update using Github
2025-11-25 10:05:51 Success.
2025-11-25 10:05:51 Latest version is 1.10.3
2025-11-25 10:05:51 App is up to date.
2025-11-25 11:05:48 Checking for update using Github
2025-11-25 11:05:49 Success.
2025-11-25 11:05:49 Latest version is 1.10.3
2025-11-25 11:05:49 App is up to date.
2025-11-25 12:29:30 Loading main app package /usr/lib/obsidian/obsidian.asar
2025-11-25 12:29:31 Checking for update using Github
2025-11-25 12:29:48 Loading main app package /usr/lib/obsidian/obsidian.asar
2025-11-25 12:29:48 Checking for update using Github
2025-11-25 12:29:55 Success.
2025-11-25 12:29:55 Latest version is 1.10.3
2025-11-25 12:29:55 App is up to date.
2025-11-25 12:37:57 Loading main app package /usr/lib/obsidian/obsidian.asar
2025-11-25 12:37:58 Checking for update using Github
2025-11-25 12:38:01 Success.
2025-11-25 12:38:01 Latest version is 1.10.3
2025-11-25 12:38:01 App is up to date.
2025-11-25 13:37:57 Checking for update using Github
2025-11-25 13:37:58 Success.
2025-11-25 13:37:58 Latest version is 1.10.3
2025-11-25 13:37:58 App is up to date.
2025-11-25 14:37:57 Checking for update using Github
2025-11-25 14:38:09 Success.
2025-11-25 14:38:09 Latest version is 1.10.3
2025-11-25 14:38:09 App is up to date.
2025-11-25 21:54:46 Checking for update using Github
2025-11-25 21:55:01 Success.
2025-11-25 21:55:01 Latest version is 1.10.6
2025-11-25 21:55:01 Downloading update from https://github.com/obsidianmd/obsidian-releases/releases/download/v1.10.6/obsidian-1.10.6.asar.gz
2025-11-25 21:55:19 Verifying hash & signature. Size= 9054843
2025-11-25 21:55:19 Saving file
2025-11-25 21:55:19 Update complete.
2025-11-25 22:54:46 Checking for update using Github
2025-11-25 22:54:47 Success.
2025-11-25 22:54:47 Latest version is 1.10.6
2025-11-25 22:54:47 An update is already downloaded.
2025-11-25 23:54:46 Checking for update using Github
2025-11-25 23:54:46 Success.
2025-11-25 23:54:46 Latest version is 1.10.6
2025-11-25 23:54:46 An update is already downloaded.
2025-11-26 03:44:43 Checking for update using Github
2025-11-26 03:44:43 Success.
2025-11-26 03:44:43 Latest version is 1.10.6
2025-11-26 03:44:43 An update is already downloaded.
2025-11-26 08:40:16 Checking for update using Github
2025-11-26 08:40:17 Success.
2025-11-26 08:40:17 Latest version is 1.10.6
2025-11-26 08:40:17 An update is already downloaded.
2025-11-26 09:40:16 Checking for update using Github
2025-11-26 09:40:17 Success.
2025-11-26 09:40:17 Latest version is 1.10.6
2025-11-26 09:40:17 An update is already downloaded.
2025-11-26 10:40:16 Checking for update using Github
2025-11-26 10:40:17 Success.
2025-11-26 10:40:17 Latest version is 1.10.6
2025-11-26 10:40:17 An update is already downloaded.
2025-11-26 13:18:45 Checking for update using Github
2025-11-26 13:18:45 Failed to check for update using Github (net::ERR_NAME_NOT_RESOLVED)
2025-11-26 13:18:45 Checking for update using obsidian.md
2025-11-26 13:18:45 Failed to check for update using obsidian.md (net::ERR_NAME_NOT_RESOLVED)
2025-11-26 14:18:45 Checking for update using Github
2025-11-26 14:18:46 Success.
2025-11-26 14:18:46 Latest version is 1.10.6
2025-11-26 14:18:46 An update is already downloaded.
2025-11-26 14:38:48 Loading updated app package /home/credo/.config/obsidian/obsidian-1.10.6.asar
2025-11-26 14:38:48 Checking for update using Github
2025-11-26 15:18:45 Checking for update using Github
2025-11-26 15:18:47 Success.
2025-11-26 15:18:47 Latest version is 1.10.6
2025-11-26 15:18:47 An update is already downloaded.
2025-11-26 16:18:45 Checking for update using Github
2025-11-26 16:18:46 Success.
2025-11-26 16:18:46 Latest version is 1.10.6
2025-11-26 16:18:46 An update is already downloaded.
2025-11-27 08:50:32 Loading updated app package /home/credo/.config/obsidian/obsidian-1.10.6.asar
2025-11-27 08:50:32 Checking for update using Github
2025-11-27 08:50:37 Success.
2025-11-27 08:50:37 Latest version is 1.10.6
2025-11-27 08:50:37 App is up to date.
2025-11-27 09:14:33 Loading updated app package /home/credo/.config/obsidian/obsidian-1.10.6.asar
2025-11-27 09:14:34 Checking for update using Github
2025-11-27 09:14:34 Success.
2025-11-27 09:14:34 Latest version is 1.10.6
2025-11-27 09:14:34 App is up to date.
2025-11-27 10:14:33 Checking for update using Github
2025-11-27 10:14:33 Success.
2025-11-27 10:14:33 Latest version is 1.10.6
2025-11-27 10:14:33 App is up to date.
2025-11-27 11:14:33 Checking for update using Github
2025-11-27 11:14:34 Success.
2025-11-27 11:14:34 Latest version is 1.10.6
2025-11-27 11:14:34 App is up to date.
2025-11-27 12:28:59 Loading updated app package /home/credo/.config/obsidian/obsidian-1.10.6.asar
2025-11-27 12:28:59 Checking for update using Github
2025-11-27 12:29:17 Success.
2025-11-27 12:29:17 Latest version is 1.10.6
2025-11-27 12:29:17 App is up to date.
2025-11-27 13:28:59 Checking for update using Github
2025-11-27 13:33:00 Failed to check for update using Github (net::ERR_TIMED_OUT)
2025-11-27 13:33:00 Checking for update using obsidian.md
2025-11-27 13:33:05 Failed to check for update using obsidian.md (net::ERR_TIMED_OUT)
2025-11-27 14:28:59 Checking for update using Github
2025-11-27 14:29:01 Success.
2025-11-27 14:29:01 Latest version is 1.10.6
2025-11-27 14:29:01 App is up to date.
2025-11-27 17:32:06 Loading updated app package /home/credo/.config/obsidian/obsidian-1.10.6.asar
2025-11-27 17:32:07 Checking for update using Github
2025-11-27 17:32:08 Success.
2025-11-27 17:32:08 Latest version is 1.10.6
2025-11-27 17:32:08 App is up to date.
2025-11-27 18:32:06 Checking for update using Github
2025-11-27 18:32:07 Success.
2025-11-27 18:32:07 Latest version is 1.10.6
2025-11-27 18:32:07 App is up to date.
2025-11-28 13:09:34 Loading updated app package /home/credo/.config/obsidian/obsidian-1.10.6.asar
2025-11-28 13:09:35 Checking for update using Github
2025-11-28 13:09:36 Success.
2025-11-28 13:09:36 Latest version is 1.10.6
2025-11-28 13:09:36 App is up to date.
2025-11-28 14:09:34 Checking for update using Github
2025-11-28 14:09:35 Success.
2025-11-28 14:09:35 Latest version is 1.10.6
2025-11-28 14:09:35 App is up to date.
2025-11-28 15:25:25 Checking for update using Github
2025-11-28 15:25:35 Success.
2025-11-28 15:25:35 Latest version is 1.10.6
2025-11-28 15:25:35 App is up to date.
2025-11-28 16:25:25 Checking for update using Github
2025-11-28 16:25:27 Success.
2025-11-28 16:25:27 Latest version is 1.10.6
2025-11-28 16:25:27 App is up to date.
2025-11-28 17:35:21 Checking for update using Github
2025-11-28 17:35:22 Success.
2025-11-28 17:35:22 Latest version is 1.10.6
2025-11-28 17:35:22 App is up to date.
2025-11-28 18:35:21 Checking for update using Github
2025-11-28 18:35:22 Success.
2025-11-28 18:35:22 Latest version is 1.10.6
2025-11-28 18:35:22 App is up to date.
2025-11-29 07:45:30 Loading updated app package /home/credo/.config/obsidian/obsidian-1.10.6.asar
2025-11-29 07:45:30 Checking for update using Github
2025-11-29 07:45:47 Success.
2025-11-29 07:45:47 Latest version is 1.10.6
2025-11-29 07:45:47 App is up to date.
2025-11-29 07:51:18 Loading updated app package /home/credo/.config/obsidian/obsidian-1.10.6.asar
2025-11-29 07:51:18 Checking for update using Github
2025-11-29 07:51:29 Failed to check for update using Github (net::ERR_NAME_NOT_RESOLVED)
2025-11-29 07:51:29 Checking for update using obsidian.md
2025-11-29 07:51:29 Failed to check for update using obsidian.md (net::ERR_NAME_NOT_RESOLVED)
2025-11-29 08:51:18 Checking for update using Github
2025-11-29 08:51:19 Success.
2025-11-29 08:51:19 Latest version is 1.10.6
2025-11-29 08:51:19 App is up to date.
2025-11-29 10:18:07 Checking for update using Github
2025-11-29 10:18:09 Success.
2025-11-29 10:18:09 Latest version is 1.10.6
2025-11-29 10:18:09 App is up to date.
2025-11-29 11:18:08 Checking for update using Github
2025-11-29 11:18:11 Success.
2025-11-29 11:18:11 Latest version is 1.10.6
2025-11-29 11:18:11 App is up to date.
2025-11-29 13:31:57 Checking for update using Github
2025-11-29 13:32:02 Success.
2025-11-29 13:32:02 Latest version is 1.10.6
2025-11-29 13:32:02 App is up to date.
2025-11-29 14:31:58 Checking for update using Github
2025-11-29 14:31:58 Success.
2025-11-29 14:31:58 Latest version is 1.10.6
2025-11-29 14:31:58 App is up to date.
2025-11-29 16:35:51 Checking for update using Github
2025-11-29 16:35:56 Success.
2025-11-29 16:35:56 Latest version is 1.10.6
2025-11-29 16:35:56 App is up to date.
2025-11-30 11:14:06 Loading updated app package /home/credo/.config/obsidian/obsidian-1.10.6.asar
2025-11-30 11:14:07 Checking for update using Github
2025-11-30 11:14:07 Success.
2025-11-30 11:14:07 Latest version is 1.10.6
2025-11-30 11:14:07 App is up to date.
2025-11-30 12:14:06 Checking for update using Github
2025-11-30 12:14:07 Success.
2025-11-30 12:14:07 Latest version is 1.10.6
2025-11-30 12:14:07 App is up to date.
2025-11-30 13:14:07 Checking for update using Github
2025-11-30 13:14:07 Success.
2025-11-30 13:14:07 Latest version is 1.10.6
2025-11-30 13:14:07 App is up to date.
2025-11-30 22:37:40 Loading updated app package /home/credo/.config/obsidian/obsidian-1.10.6.asar
2025-11-30 22:37:40 Checking for update using Github
2025-11-30 22:37:41 Success.
2025-11-30 22:37:41 Latest version is 1.10.6
2025-11-30 22:37:41 App is up to date.
2025-12-01 11:34:04 Loading updated app package /home/credo/.config/obsidian/obsidian-1.10.6.asar
2025-12-01 11:34:04 Checking for update using Github
2025-12-01 11:35:57 Failed to check for update using Github (net::ERR_NAME_NOT_RESOLVED)
2025-12-01 11:35:57 Checking for update using obsidian.md
2025-12-01 11:37:49 Failed to check for update using obsidian.md (net::ERR_NAME_NOT_RESOLVED)
2025-12-01 15:34:07 Checking for update using Github
2025-12-01 15:34:25 Success.
2025-12-01 15:34:25 Latest version is 1.10.6
2025-12-01 15:34:25 App is up to date.
2025-12-01 16:34:08 Checking for update using Github
2025-12-01 16:34:40 Success.
2025-12-01 16:34:40 Latest version is 1.10.6
2025-12-01 16:34:40 App is up to date.
2025-12-01 17:34:08 Checking for update using Github
2025-12-01 17:34:30 Success.
2025-12-01 17:34:30 Latest version is 1.10.6
2025-12-01 17:34:30 App is up to date.
2025-12-01 18:34:11 Checking for update using Github
2025-12-01 18:34:12 Success.
2025-12-01 18:34:12 Latest version is 1.10.6
2025-12-01 18:34:12 App is up to date.
2025-12-02 06:31:16 Loading updated app package /home/credo/.config/obsidian/obsidian-1.10.6.asar
2025-12-02 06:31:17 Checking for update using Github
2025-12-02 06:31:18 Success.
2025-12-02 06:31:18 Latest version is 1.10.6
2025-12-02 06:31:18 App is up to date.
2025-12-02 07:31:18 Checking for update using Github
2025-12-02 07:31:18 Success.
2025-12-02 07:31:18 Latest version is 1.10.6
2025-12-02 07:31:18 App is up to date.
2025-12-02 07:47:25 Loading updated app package /home/credo/.config/obsidian/obsidian-1.10.6.asar
2025-12-02 07:47:25 Checking for update using Github
2025-12-02 08:31:18 Checking for update using Github
2025-12-02 08:31:18 Success.
2025-12-02 08:31:18 Latest version is 1.10.6
2025-12-02 08:31:18 App is up to date.
2025-12-02 10:55:05 Checking for update using Github
2025-12-02 10:55:07 Success.
2025-12-02 10:55:07 Latest version is 1.10.6
2025-12-02 10:55:07 App is up to date.
2025-12-02 11:55:05 Checking for update using Github
2025-12-02 11:55:30 Success.
2025-12-02 11:55:30 Latest version is 1.10.6
2025-12-02 11:55:30 App is up to date.
2025-12-02 13:11:27 Checking for update using Github
2025-12-02 13:15:27 Failed to check for update using Github (net::ERR_TIMED_OUT)
2025-12-02 13:15:27 Checking for update using obsidian.md
2025-12-02 13:15:27 Failed to check for update using obsidian.md (Unexpected end of JSON input)
2025-12-02 14:11:27 Checking for update using Github
2025-12-02 14:13:43 Success.
2025-12-02 14:13:43 Latest version is 1.10.6
2025-12-02 14:13:43 App is up to date.
2025-12-02 19:13:36 Loading updated app package /home/credo/.config/obsidian/obsidian-1.10.6.asar
2025-12-02 19:13:37 Checking for update using Github
2025-12-02 19:13:37 Success.
2025-12-02 19:13:37 Latest version is 1.10.6
2025-12-02 19:13:37 App is up to date.
2025-12-02 20:13:36 Checking for update using Github
2025-12-02 20:13:37 Success.
2025-12-02 20:13:37 Latest version is 1.10.6
2025-12-02 20:13:37 App is up to date.
2025-12-02 21:54:52 Checking for update using Github
2025-12-02 21:54:53 Success.
2025-12-02 21:54:53 Latest version is 1.10.6
2025-12-02 21:54:53 App is up to date.
2025-12-03 12:43:17 Loading updated app package /home/credo/.config/obsidian/obsidian-1.10.6.asar
2025-12-03 12:43:18 Checking for update using Github
2025-12-03 12:43:18 Failed to check for update using Github (net::ERR_NAME_NOT_RESOLVED)
2025-12-03 12:43:18 Checking for update using obsidian.md
2025-12-03 12:43:18 Failed to check for update using obsidian.md (net::ERR_NAME_NOT_RESOLVED)
2025-12-03 13:43:17 Checking for update using Github
2025-12-03 13:47:23 Failed to check for update using Github (net::ERR_TIMED_OUT)
2025-12-03 13:47:23 Checking for update using obsidian.md
2025-12-03 13:47:23 Failed to check for update using obsidian.md (Unexpected end of JSON input)
2025-12-03 18:41:15 Loading updated app package /home/credo/.config/obsidian/obsidian-1.10.6.asar
2025-12-03 18:41:16 Checking for update using Github
2025-12-03 18:41:55 Success.
2025-12-03 18:41:55 Latest version is 1.10.6
2025-12-03 18:41:55 App is up to date.
2025-12-04 14:53:39 Loading main app package /usr/lib/obsidian/obsidian.asar
2025-12-04 14:53:39 Checking for update using Github
2025-12-04 14:54:05 Failed to check for update using Github (net::ERR_NETWORK_CHANGED)
2025-12-04 14:54:05 Checking for update using obsidian.md
2025-12-04 14:54:05 Failed to check for update using obsidian.md (net::ERR_NAME_NOT_RESOLVED)
2025-12-04 15:53:39 Checking for update using Github
2025-12-04 15:53:40 Success.
2025-12-04 15:53:40 Latest version is 1.10.6
2025-12-04 15:53:40 App is up to date.
2025-12-04 16:53:39 Checking for update using Github
2025-12-04 16:53:51 Success.
2025-12-04 16:53:51 Latest version is 1.10.6
2025-12-04 16:53:51 App is up to date.
2025-12-04 18:02:52 Checking for update using Github
2025-12-04 18:03:59 Success.
2025-12-04 18:03:59 Latest version is 1.10.6
2025-12-04 18:03:59 App is up to date.
2025-12-04 18:48:41 Loading main app package /usr/lib/obsidian/obsidian.asar
2025-12-04 18:48:41 Checking for update using Github
2025-12-04 22:09:29 Loading main app package /usr/lib/obsidian/obsidian.asar
2025-12-04 22:09:29 Checking for update using Github
2025-12-04 22:09:30 Success.
2025-12-04 22:09:30 Latest version is 1.10.6
2025-12-04 22:09:30 App is up to date.
2025-12-04 22:13:32 Loading main app package /usr/lib/obsidian/obsidian.asar
2025-12-04 22:13:32 Checking for update using Github
2025-12-04 23:09:29 Checking for update using Github
2025-12-04 23:09:34 Success.
2025-12-04 23:09:34 Latest version is 1.10.6
2025-12-04 23:09:34 App is up to date.
2025-12-05 00:09:29 Checking for update using Github
2025-12-05 00:09:30 Success.
2025-12-05 00:09:30 Latest version is 1.10.6
2025-12-05 00:09:30 App is up to date.
2025-12-05 08:05:19 Checking for update using Github
2025-12-05 08:05:20 Success.
2025-12-05 08:05:20 Latest version is 1.10.6
2025-12-05 08:05:20 App is up to date.
2025-12-05 09:07:42 Checking for update using Github
2025-12-05 09:07:42 Success.
2025-12-05 09:07:42 Latest version is 1.10.6
2025-12-05 09:07:42 App is up to date.
2025-12-05 10:20:58 Loading main app package /usr/lib/obsidian/obsidian.asar
2025-12-05 10:20:59 Checking for update using Github
2025-12-05 10:21:19 Failed to check for update using Github (net::ERR_NAME_NOT_RESOLVED)
2025-12-05 10:21:19 Checking for update using obsidian.md
2025-12-05 10:21:29 Failed to check for update using obsidian.md (net::ERR_NAME_NOT_RESOLVED)
2025-12-05 10:24:26 Loading main app package /usr/lib/obsidian/obsidian.asar
2025-12-05 10:24:26 Checking for update using Github
2025-12-05 10:24:46 Failed to check for update using Github (net::ERR_NAME_NOT_RESOLVED)
2025-12-05 10:24:46 Checking for update using obsidian.md
2025-12-05 10:25:02 Failed to check for update using obsidian.md (net::ERR_NAME_NOT_RESOLVED)
2025-12-05 11:32:38 Checking for update using Github
2025-12-05 11:32:58 Failed to check for update using Github (net::ERR_NAME_NOT_RESOLVED)
2025-12-05 11:32:58 Checking for update using obsidian.md
2025-12-05 11:33:18 Failed to check for update using obsidian.md (net::ERR_NAME_NOT_RESOLVED)
2025-12-05 14:47:45 Loading main app package /usr/lib/obsidian/obsidian.asar
2025-12-05 14:47:45 Checking for update using Github
2025-12-05 14:48:00 Failed to check for update using Github (net::ERR_NAME_NOT_RESOLVED)
2025-12-05 14:48:00 Checking for update using obsidian.md
2025-12-05 14:48:11 Failed to check for update using obsidian.md (net::ERR_NAME_NOT_RESOLVED)
2025-12-05 16:06:19 Checking for update using Github
2025-12-05 16:06:29 Failed to check for update using Github (net::ERR_NAME_NOT_RESOLVED)
2025-12-05 16:06:29 Checking for update using obsidian.md
2025-12-05 16:06:34 Failed to check for update using obsidian.md (net::ERR_NAME_NOT_RESOLVED)
2025-12-05 17:31:18 Checking for update using Github
2025-12-05 17:31:28 Failed to check for update using Github (net::ERR_NAME_NOT_RESOLVED)
2025-12-05 17:31:28 Checking for update using obsidian.md
2025-12-05 17:31:39 Failed to check for update using obsidian.md (net::ERR_NAME_NOT_RESOLVED)
2025-12-05 22:22:39 Loading main app package /usr/lib/obsidian/obsidian.asar
2025-12-05 22:22:40 Checking for update using Github
2025-12-05 22:22:40 Success.
2025-12-05 22:22:40 Latest version is 1.10.6
2025-12-05 22:22:40 App is up to date.
2025-12-05 23:24:55 Checking for update using Github
2025-12-05 23:24:55 Success.
2025-12-05 23:24:55 Latest version is 1.10.6
2025-12-05 23:24:55 App is up to date.
2025-12-06 08:11:05 Checking for update using Github
2025-12-06 08:12:52 Failed to check for update using Github (net::ERR_NAME_NOT_RESOLVED)
2025-12-06 08:12:52 Checking for update using obsidian.md
2025-12-06 08:15:18 Failed to check for update using obsidian.md (net::ERR_TIMED_OUT)
2025-12-06 09:11:05 Checking for update using Github
2025-12-06 09:12:06 Failed to check for update using Github (net::ERR_TIMED_OUT)
2025-12-06 09:12:06 Checking for update using obsidian.md
2025-12-06 09:13:21 Failed to check for update using obsidian.md (net::ERR_ADDRESS_UNREACHABLE)
2025-12-06 10:36:32 Checking for update using Github
2025-12-06 10:38:12 Failed to check for update using Github (net::ERR_TIMED_OUT)
2025-12-06 10:38:12 Checking for update using obsidian.md
2025-12-06 10:38:47 Failed to check for update using obsidian.md (net::ERR_NAME_NOT_RESOLVED)
2025-12-06 11:36:32 Checking for update using Github
2025-12-06 11:37:17 Failed to check for update using Github (net::ERR_TIMED_OUT)
2025-12-06 11:37:17 Checking for update using obsidian.md
2025-12-06 11:38:16 Failed to check for update using obsidian.md (net::ERR_CONNECTION_RESET)
2025-12-06 13:54:26 Checking for update using Github
2025-12-06 13:54:27 Success.
2025-12-06 13:54:27 Latest version is 1.10.6
2025-12-06 13:54:27 App is up to date.
2025-12-06 23:14:59 Checking for update using Github
2025-12-06 23:15:03 Success.
2025-12-06 23:15:03 Latest version is 1.10.6
2025-12-06 23:15:03 App is up to date.
2025-12-07 11:45:11 Checking for update using Github
2025-12-07 11:45:11 Success.
2025-12-07 11:45:11 Latest version is 1.10.6
2025-12-07 11:45:11 App is up to date.
2025-12-07 11:50:01 Loading main app package /usr/lib/obsidian/obsidian.asar
2025-12-07 11:50:02 Checking for update using Github
2025-12-07 11:50:02 Success.
2025-12-07 11:50:02 Latest version is 1.10.6
2025-12-07 11:50:02 App is up to date.
2025-12-07 12:50:01 Checking for update using Github
2025-12-07 12:50:02 Success.
2025-12-07 12:50:02 Latest version is 1.10.6
2025-12-07 12:50:02 App is up to date.
2025-12-07 13:50:01 Checking for update using Github
2025-12-07 13:50:02 Success.
2025-12-07 13:50:02 Latest version is 1.10.6
2025-12-07 13:50:02 App is up to date.
2025-12-07 14:13:29 Loading main app package /usr/lib/obsidian/obsidian.asar
2025-12-07 14:13:29 Checking for update using Github
2025-12-07 14:13:33 Success.
2025-12-07 14:13:33 Latest version is 1.10.6
2025-12-07 14:13:33 App is up to date.
2025-12-07 16:22:19 Checking for update using Github
2025-12-07 16:22:22 Success.
2025-12-07 16:22:22 Latest version is 1.10.6
2025-12-07 16:22:22 App is up to date.
2025-12-07 17:26:38 Checking for update using Github
2025-12-07 17:26:39 Success.
2025-12-07 17:26:39 Latest version is 1.10.6
2025-12-07 17:26:39 App is up to date.
2025-12-07 19:49:36 Checking for update using Github
2025-12-07 19:49:36 Success.
2025-12-07 19:49:36 Latest version is 1.10.6
2025-12-07 19:49:36 App is up to date.
2025-12-07 20:49:37 Checking for update using Github
2025-12-07 20:49:37 Success.
2025-12-07 20:49:37 Latest version is 1.10.6
2025-12-07 20:49:37 App is up to date.
2025-12-07 21:49:37 Checking for update using Github
2025-12-07 21:49:37 Success.
2025-12-07 21:49:37 Latest version is 1.10.6
2025-12-07 21:49:37 App is up to date.
2025-12-08 09:16:59 Loading main app package /usr/lib/obsidian/obsidian.asar
2025-12-08 09:16:59 Checking for update using Github
2025-12-08 09:17:01 Success.
2025-12-08 09:17:01 Latest version is 1.10.6
2025-12-08 09:17:01 App is up to date.
2025-12-08 10:16:59 Checking for update using Github
2025-12-08 10:16:59 Success.
2025-12-08 10:16:59 Latest version is 1.10.6
2025-12-08 10:16:59 App is up to date.
2025-12-08 11:16:59 Checking for update using Github
2025-12-08 11:17:00 Success.
2025-12-08 11:17:00 Latest version is 1.10.6
2025-12-08 11:17:00 App is up to date.
2025-12-08 11:34:33 Loading main app package /usr/lib/obsidian/obsidian.asar
2025-12-08 11:34:34 Checking for update using Github
2025-12-08 11:34:34 Success.
2025-12-08 11:34:34 Latest version is 1.10.6
2025-12-08 11:34:34 App is up to date.
2025-12-08 15:19:36 Checking for update using Github
2025-12-08 15:19:39 Success.
2025-12-08 15:19:39 Latest version is 1.10.6
2025-12-08 15:19:39 App is up to date.
2025-12-08 16:19:36 Checking for update using Github
2025-12-08 16:21:34 Success.
2025-12-08 16:21:34 Latest version is 1.10.6
2025-12-08 16:21:34 App is up to date.
2025-12-08 17:30:36 Checking for update using Github
2025-12-08 17:30:53 Success.
2025-12-08 17:30:53 Latest version is 1.10.6
2025-12-08 17:30:53 App is up to date.
2025-12-08 18:30:36 Checking for update using Github
2025-12-08 18:31:51 Success.
2025-12-08 18:31:51 Latest version is 1.10.6
2025-12-08 18:31:51 App is up to date.
2025-12-08 20:16:56 Loading main app package /usr/lib/obsidian/obsidian.asar
2025-12-08 20:16:57 Checking for update using Github
2025-12-08 20:16:57 Success.
2025-12-08 20:16:57 Latest version is 1.10.6
2025-12-08 20:16:57 App is up to date.
2025-12-08 21:36:57 Checking for update using Github
2025-12-08 21:36:57 Success.
2025-12-08 21:36:57 Latest version is 1.10.6
2025-12-08 21:36:57 App is up to date.
2025-12-08 23:08:15 Loading main app package /usr/lib/obsidian/obsidian.asar
2025-12-08 23:08:15 Checking for update using Github
2025-12-08 23:08:16 Success.
2025-12-08 23:08:16 Latest version is 1.10.6
2025-12-08 23:08:16 App is up to date.
2025-12-09 00:08:15 Checking for update using Github
2025-12-09 00:08:20 Success.
2025-12-09 00:08:20 Latest version is 1.10.6
2025-12-09 00:08:20 App is up to date.
2025-12-09 01:08:15 Checking for update using Github
2025-12-09 01:08:19 Success.
2025-12-09 01:08:19 Latest version is 1.10.6
2025-12-09 01:08:19 App is up to date.
2025-12-09 10:58:56 Checking for update using Github
2025-12-09 10:58:58 Success.
2025-12-09 10:58:58 Latest version is 1.10.6
2025-12-09 10:58:58 App is up to date.
2025-12-09 11:58:56 Checking for update using Github
2025-12-09 11:58:59 Success.
2025-12-09 11:58:59 Latest version is 1.10.6
2025-12-09 11:58:59 App is up to date.
2025-12-09 13:18:27 Checking for update using Github
2025-12-09 13:18:28 Success.
2025-12-09 13:18:28 Latest version is 1.10.6
2025-12-09 13:18:28 App is up to date.
2025-12-09 14:18:26 Checking for update using Github
2025-12-09 14:18:27 Success.
2025-12-09 14:18:27 Latest version is 1.10.6
2025-12-09 14:18:27 App is up to date.
2025-12-09 18:54:11 Checking for update using Github
2025-12-09 18:54:17 Success.
2025-12-09 18:54:17 Latest version is 1.10.6
2025-12-09 18:54:17 App is up to date.
2025-12-09 19:54:12 Checking for update using Github
2025-12-09 19:54:14 Success.
2025-12-09 19:54:14 Latest version is 1.10.6
2025-12-09 19:54:14 App is up to date.
2025-12-09 21:32:37 Checking for update using Github
2025-12-09 21:32:39 Success.
2025-12-09 21:32:39 Latest version is 1.10.6
2025-12-09 21:32:39 App is up to date.
2025-12-09 22:32:37 Checking for update using Github
2025-12-09 22:32:38 Success.
2025-12-09 22:32:38 Latest version is 1.10.6
2025-12-09 22:32:38 App is up to date.
2025-12-10 08:50:52 Loading main app package /usr/lib/obsidian/obsidian.asar
2025-12-10 08:50:52 Checking for update using Github
2025-12-10 08:51:18 Failed to check for update using Github (net::ERR_NETWORK_CHANGED)
2025-12-10 08:51:18 Checking for update using obsidian.md
2025-12-10 08:51:18 Failed to check for update using obsidian.md (net::ERR_NAME_NOT_RESOLVED)
2025-12-10 09:50:52 Checking for update using Github
2025-12-10 09:50:52 Success.
2025-12-10 09:50:52 Latest version is 1.10.6
2025-12-10 09:50:52 App is up to date.
2025-12-10 10:50:52 Checking for update using Github
2025-12-10 10:50:52 Success.
2025-12-10 10:50:52 Latest version is 1.10.6
2025-12-10 10:50:52 App is up to date.
2025-12-10 14:53:59 Checking for update using Github
2025-12-10 14:54:32 Success.
2025-12-10 14:54:32 Latest version is 1.10.6
2025-12-10 14:54:32 App is up to date.
2025-12-10 15:53:59 Checking for update using Github
2025-12-10 15:55:18 Success.
2025-12-10 15:55:18 Latest version is 1.10.6
2025-12-10 15:55:18 App is up to date.
2025-12-10 21:32:30 Loading main app package /usr/lib/obsidian/obsidian.asar
2025-12-10 21:32:31 Checking for update using Github
2025-12-10 21:32:31 Success.
2025-12-10 21:32:31 Latest version is 1.10.6
2025-12-10 21:32:31 App is up to date.
2025-12-10 22:32:30 Checking for update using Github
2025-12-10 22:32:30 Success.
2025-12-10 22:32:30 Latest version is 1.10.6
2025-12-10 22:32:30 App is up to date.
2025-12-10 23:32:31 Checking for update using Github
2025-12-10 23:32:33 Success.
2025-12-10 23:32:33 Latest version is 1.10.6
2025-12-10 23:32:33 App is up to date.
2025-12-11 00:32:31 Checking for update using Github
2025-12-11 00:32:33 Success.
2025-12-11 00:32:33 Latest version is 1.10.6
2025-12-11 00:32:33 App is up to date.
2025-12-11 01:32:31 Checking for update using Github
2025-12-11 01:32:36 Success.
2025-12-11 01:32:36 Latest version is 1.10.6
2025-12-11 01:32:36 App is up to date.
2025-12-11 02:32:31 Checking for update using Github
2025-12-11 02:32:31 Success.
2025-12-11 02:32:31 Latest version is 1.10.6
2025-12-11 02:32:31 App is up to date.
2025-12-11 03:32:31 Checking for update using Github
2025-12-11 03:32:36 Success.
2025-12-11 03:32:36 Latest version is 1.10.6
2025-12-11 03:32:36 App is up to date.
2025-12-11 04:32:31 Checking for update using Github
2025-12-11 04:32:31 Success.
2025-12-11 04:32:31 Latest version is 1.10.6
2025-12-11 04:32:31 App is up to date.
2025-12-11 05:32:31 Checking for update using Github
2025-12-11 05:32:31 Success.
2025-12-11 05:32:31 Latest version is 1.10.6
2025-12-11 05:32:31 App is up to date.
2025-12-11 10:34:40 Loading main app package /usr/lib/obsidian/obsidian.asar
2025-12-11 10:34:41 Checking for update using Github
2025-12-11 10:34:54 Success.
2025-12-11 10:34:54 Latest version is 1.10.6
2025-12-11 10:34:54 App is up to date.
2025-12-11 11:35:33 Checking for update using Github
2025-12-11 11:35:39 Success.
2025-12-11 11:35:39 Latest version is 1.10.6
2025-12-11 11:35:39 App is up to date.
2025-12-11 13:13:40 Checking for update using Github
2025-12-11 13:13:43 Success.
2025-12-11 13:13:43 Latest version is 1.10.6
2025-12-11 13:13:43 App is up to date.
2025-12-11 14:13:40 Checking for update using Github
2025-12-11 14:13:40 Failed to check for update using Github (net::ERR_NAME_NOT_RESOLVED)
2025-12-11 14:13:40 Checking for update using obsidian.md
2025-12-11 14:13:40 Failed to check for update using obsidian.md (net::ERR_NAME_NOT_RESOLVED)
2025-12-11 15:13:40 Checking for update using Github
2025-12-11 15:13:42 Success.
2025-12-11 15:13:42 Latest version is 1.10.6
2025-12-11 15:13:42 App is up to date.
2025-12-11 16:13:40 Checking for update using Github
2025-12-11 16:13:42 Success.
2025-12-11 16:13:42 Latest version is 1.10.6
2025-12-11 16:13:42 App is up to date.
2025-12-11 17:34:08 Checking for update using Github
2025-12-11 17:34:10 Success.
2025-12-11 17:34:10 Latest version is 1.10.6
2025-12-11 17:34:10 App is up to date.
2025-12-11 18:34:08 Checking for update using Github
2025-12-11 18:34:09 Success.
2025-12-11 18:34:09 Latest version is 1.10.6
2025-12-11 18:34:09 App is up to date.
2025-12-11 20:32:53 Checking for update using Github
2025-12-11 20:32:53 Success.
2025-12-11 20:32:53 Latest version is 1.10.6
2025-12-11 20:32:53 App is up to date.
2025-12-11 21:33:28 Checking for update using Github
2025-12-11 21:33:31 Success.
2025-12-11 21:33:31 Latest version is 1.10.6
2025-12-11 21:33:31 App is up to date.
2025-12-11 22:46:29 Checking for update using Github
2025-12-11 22:46:29 Success.
2025-12-11 22:46:29 Latest version is 1.10.6
2025-12-11 22:46:29 App is up to date.
2025-12-12 14:54:42 Loading main app package /usr/lib/obsidian/obsidian.asar
2025-12-12 14:54:42 Checking for update using Github
2025-12-12 14:54:47 Success.
2025-12-12 14:54:47 Latest version is 1.10.6
2025-12-12 14:54:47 App is up to date.
2025-12-12 15:54:42 Checking for update using Github
2025-12-12 15:54:50 Success.
2025-12-12 15:54:50 Latest version is 1.10.6
2025-12-12 15:54:50 App is up to date.
2025-12-12 16:54:42 Checking for update using Github
2025-12-12 16:55:16 Failed to check for update using Github (net::ERR_NETWORK_IO_SUSPENDED)
2025-12-12 16:55:16 Checking for update using obsidian.md
2025-12-12 16:55:16 Failed to check for update using obsidian.md (net::ERR_NAME_NOT_RESOLVED)
2025-12-12 18:04:19 Checking for update using Github
2025-12-12 18:05:31 Success.
2025-12-12 18:05:31 Latest version is 1.10.6
2025-12-12 18:05:31 App is up to date.
2025-12-12 20:23:13 Checking for update using Github
2025-12-12 20:23:13 Success.
2025-12-12 20:23:13 Latest version is 1.10.6
2025-12-12 20:23:13 App is up to date.
2025-12-12 21:23:13 Checking for update using Github
2025-12-12 21:23:13 Success.
2025-12-12 21:23:13 Latest version is 1.10.6
2025-12-12 21:23:13 App is up to date.
2025-12-12 23:48:39 Checking for update using Github
2025-12-12 23:48:39 Success.
2025-12-12 23:48:39 Latest version is 1.10.6
2025-12-12 23:48:39 App is up to date.
2025-12-13 08:24:57 Checking for update using Github
2025-12-13 08:25:10 Success.
2025-12-13 08:25:10 Latest version is 1.10.6
2025-12-13 08:25:10 App is up to date.
2025-12-13 10:10:39 Loading main app package /usr/lib/obsidian/obsidian.asar
2025-12-13 10:10:40 Checking for update using Github
2025-12-13 10:10:40 Failed to check for update using Github (net::ERR_NAME_NOT_RESOLVED)
2025-12-13 10:10:40 Checking for update using obsidian.md
2025-12-13 10:10:40 Failed to check for update using obsidian.md (net::ERR_NAME_NOT_RESOLVED)
2025-12-13 11:10:39 Checking for update using Github
2025-12-13 11:10:41 Success.
2025-12-13 11:10:41 Latest version is 1.10.6
2025-12-13 11:10:41 App is up to date.
2025-12-13 22:27:05 Checking for update using Github
2025-12-13 22:27:05 Success.
2025-12-13 22:27:05 Latest version is 1.10.6
2025-12-13 22:27:05 App is up to date.
2025-12-13 23:45:35 Checking for update using Github
2025-12-13 23:45:36 Success.
2025-12-13 23:45:36 Latest version is 1.10.6
2025-12-13 23:45:36 App is up to date.
2025-12-14 14:10:15 Loading main app package /usr/lib/obsidian/obsidian.asar
2025-12-14 14:10:15 Checking for update using Github
2025-12-14 14:10:16 Success.
2025-12-14 14:10:16 Latest version is 1.10.6
2025-12-14 14:10:16 App is up to date.
2025-12-14 15:10:15 Checking for update using Github
2025-12-14 15:10:15 Success.
2025-12-14 15:10:15 Latest version is 1.10.6
2025-12-14 15:10:15 App is up to date.
2025-12-14 17:20:38 Checking for update using Github
2025-12-14 17:20:38 Success.
2025-12-14 17:20:38 Latest version is 1.10.6
2025-12-14 17:20:38 App is up to date.
2025-12-14 18:42:29 Checking for update using Github
2025-12-14 18:42:29 Success.
2025-12-14 18:42:29 Latest version is 1.10.6
2025-12-14 18:42:29 App is up to date.
2025-12-14 22:45:42 Checking for update using Github
2025-12-14 22:45:43 Success.
2025-12-14 22:45:43 Latest version is 1.10.6
2025-12-14 22:45:43 App is up to date.
2025-12-15 14:09:17 Loading main app package /usr/lib/obsidian/obsidian.asar
2025-12-15 14:09:18 Checking for update using Github
2025-12-15 14:09:20 Success.
2025-12-15 14:09:20 Latest version is 1.10.6
2025-12-15 14:09:20 App is up to date.
2025-12-15 15:18:12 Loading main app package /usr/lib/obsidian/obsidian.asar
2025-12-15 15:18:14 Checking for update using Github
2025-12-15 15:18:19 Success.
2025-12-15 15:18:19 Latest version is 1.10.6
2025-12-15 15:18:19 App is up to date.
2025-12-15 15:53:12 Loading main app package /usr/lib/obsidian/obsidian.asar
2025-12-15 15:53:13 Checking for update using Github
2025-12-15 15:54:23 Success.
2025-12-15 15:54:23 Latest version is 1.10.6
2025-12-15 15:54:23 App is up to date.
2025-12-15 17:11:38 Loading main app package /usr/lib/obsidian/obsidian.asar
2025-12-15 17:11:39 Checking for update using Github
2025-12-15 17:14:03 Success.
2025-12-15 17:14:03 Latest version is 1.10.6
2025-12-15 17:14:03 App is up to date.
2025-12-15 18:11:38 Checking for update using Github
2025-12-15 18:15:38 Failed to check for update using Github (net::ERR_TIMED_OUT)
2025-12-15 18:15:38 Checking for update using obsidian.md
2025-12-15 18:15:39 Failed to check for update using obsidian.md (net::ERR_DNS_NO_MATCHING_SUPPORTED_ALPN)
2025-12-15 21:08:38 Loading main app package /usr/lib/obsidian/obsidian.asar
2025-12-15 21:08:39 Checking for update using Github
2025-12-15 21:08:39 Failed to check for update using Github (net::ERR_NETWORK_CHANGED)
2025-12-15 21:08:39 Checking for update using obsidian.md
2025-12-15 21:08:40 Failed to check for update using obsidian.md (Unexpected end of JSON input)
2025-12-15 22:08:40 Checking for update using Github
2025-12-15 22:08:41 Success.
2025-12-15 22:08:41 Latest version is 1.10.6
2025-12-15 22:08:41 App is up to date.
2025-12-15 23:08:40 Checking for update using Github
2025-12-15 23:08:40 Success.
2025-12-15 23:08:40 Latest version is 1.10.6
2025-12-15 23:08:40 App is up to date.
2025-12-16 07:28:02 Loading main app package /usr/lib/obsidian/obsidian.asar
2025-12-16 07:28:03 Checking for update using Github
2025-12-16 07:28:06 Success.
2025-12-16 07:28:06 Latest version is 1.10.6
2025-12-16 07:28:06 App is up to date.
2025-12-16 08:28:04 Checking for update using Github
2025-12-16 08:28:06 Success.
2025-12-16 08:28:06 Latest version is 1.10.6
2025-12-16 08:28:06 App is up to date.
2025-12-16 10:46:54 Checking for update using Github
2025-12-16 10:46:54 Failed to check for update using Github (net::ERR_NAME_NOT_RESOLVED)
2025-12-16 10:46:54 Checking for update using obsidian.md
2025-12-16 10:46:54 Failed to check for update using obsidian.md (net::ERR_NAME_NOT_RESOLVED)
2025-12-16 11:47:10 Checking for update using Github
2025-12-16 11:47:10 Failed to check for update using Github (net::ERR_NAME_NOT_RESOLVED)
2025-12-16 11:47:10 Checking for update using obsidian.md
2025-12-16 11:47:10 Failed to check for update using obsidian.md (net::ERR_NAME_NOT_RESOLVED)
2025-12-16 12:50:45 Checking for update using Github
2025-12-16 12:50:46 Success.
2025-12-16 12:50:46 Latest version is 1.10.6
2025-12-16 12:50:46 App is up to date.
2025-12-16 13:50:45 Checking for update using Github
2025-12-16 13:50:47 Success.
2025-12-16 13:50:47 Latest version is 1.10.6
2025-12-16 13:50:47 App is up to date.
2025-12-16 14:50:45 Checking for update using Github
2025-12-16 14:51:37 Failed to check for update using Github (net::ERR_NAME_NOT_RESOLVED)
2025-12-16 14:51:37 Checking for update using obsidian.md
2025-12-16 14:51:48 Failed to check for update using obsidian.md (net::ERR_NAME_NOT_RESOLVED)
2025-12-18 13:16:01 Loading main app package /usr/lib/obsidian/obsidian.asar
2025-12-18 13:16:02 Checking for update using Github
2025-12-18 13:16:02 Failed to check for update using Github (net::ERR_NAME_NOT_RESOLVED)
2025-12-18 13:16:02 Checking for update using obsidian.md
2025-12-18 13:16:02 Failed to check for update using obsidian.md (net::ERR_NAME_NOT_RESOLVED)
2025-12-18 13:55:55 Loading main app package /usr/lib/obsidian/obsidian.asar
2025-12-18 13:55:55 Checking for update using Github
2025-12-18 14:16:02 Checking for update using Github
2025-12-18 14:16:26 Success.
2025-12-18 14:16:26 Latest version is 1.10.6
2025-12-18 14:16:26 App is up to date.
2025-12-18 20:37:56 Checking for update using Github
2025-12-18 20:37:56 Success.
2025-12-18 20:37:56 Latest version is 1.10.6
2025-12-18 20:37:56 App is up to date.
2025-12-18 21:37:56 Checking for update using Github
2025-12-18 21:37:56 Success.
2025-12-18 21:37:56 Latest version is 1.10.6
2025-12-18 21:37:56 App is up to date.
2025-12-18 22:37:56 Checking for update using Github
2025-12-18 22:37:57 Success.
2025-12-18 22:37:57 Latest version is 1.10.6
2025-12-18 22:37:57 App is up to date.
2025-12-19 14:58:21 Loading main app package /usr/lib/obsidian/obsidian.asar
2025-12-19 14:58:22 Checking for update using Github
2025-12-19 14:58:22 Failed to check for update using Github (net::ERR_NAME_NOT_RESOLVED)
2025-12-19 14:58:22 Checking for update using obsidian.md
2025-12-19 14:58:22 Failed to check for update using obsidian.md (net::ERR_NAME_NOT_RESOLVED)
2025-12-19 15:58:22 Checking for update using Github
2025-12-19 15:59:10 Success.
2025-12-19 15:59:10 Latest version is 1.10.6
2025-12-19 15:59:10 App is up to date.
2025-12-19 16:58:22 Checking for update using Github
2025-12-19 16:58:35 Success.
2025-12-19 16:58:35 Latest version is 1.10.6
2025-12-19 16:58:35 App is up to date.
2025-12-19 18:19:09 Checking for update using Github
2025-12-19 18:19:11 Success.
2025-12-19 18:19:11 Latest version is 1.10.6
2025-12-19 18:19:11 App is up to date.
2025-12-19 20:28:03 Checking for update using Github
2025-12-19 20:28:03 Success.
2025-12-19 20:28:03 Latest version is 1.10.6
2025-12-19 20:28:03 App is up to date.
2025-12-19 21:55:36 Checking for update using Github
2025-12-19 21:55:37 Success.
2025-12-19 21:55:37 Latest version is 1.10.6
2025-12-19 21:55:37 App is up to date.
2025-12-19 22:55:36 Checking for update using Github
2025-12-19 22:55:37 Success.
2025-12-19 22:55:37 Latest version is 1.10.6
2025-12-19 22:55:37 App is up to date.
2025-12-20 07:35:30 Loading main app package /usr/lib/obsidian/obsidian.asar
2025-12-20 07:35:30 Checking for update using Github
2025-12-20 07:35:30 Failed to check for update using Github (net::ERR_NAME_NOT_RESOLVED)
2025-12-20 07:35:30 Checking for update using obsidian.md
2025-12-20 07:35:30 Failed to check for update using obsidian.md (net::ERR_NAME_NOT_RESOLVED)
2025-12-20 08:35:30 Checking for update using Github
2025-12-20 08:39:31 Failed to check for update using Github (net::ERR_TIMED_OUT)
2025-12-20 08:39:31 Checking for update using obsidian.md
2025-12-20 08:39:36 Failed to check for update using obsidian.md (net::ERR_DNS_NO_MATCHING_SUPPORTED_ALPN)
2025-12-21 00:20:24 Loading main app package /usr/lib/obsidian/obsidian.asar
2025-12-21 00:20:24 Checking for update using Github
2025-12-21 00:20:24 Failed to check for update using Github (net::ERR_NAME_NOT_RESOLVED)
2025-12-21 00:20:24 Checking for update using obsidian.md
2025-12-21 00:20:24 Failed to check for update using obsidian.md (net::ERR_NAME_NOT_RESOLVED)
2025-12-21 14:14:35 Loading main app package /usr/lib/obsidian/obsidian.asar
2025-12-21 14:14:35 Checking for update using Github
2025-12-21 14:14:36 Failed to check for update using Github (net::ERR_NAME_NOT_RESOLVED)
2025-12-21 14:14:36 Checking for update using obsidian.md
2025-12-21 14:14:36 Failed to check for update using obsidian.md (net::ERR_NAME_NOT_RESOLVED)
2025-12-21 15:14:36 Checking for update using Github
2025-12-21 15:14:42 Success.
2025-12-21 15:14:42 Latest version is 1.10.6
2025-12-21 15:14:42 App is up to date.
2025-12-21 16:14:36 Checking for update using Github
2025-12-21 16:14:37 Failed to check for update using Github (net::ERR_NAME_NOT_RESOLVED)
2025-12-21 16:14:37 Checking for update using obsidian.md
2025-12-21 16:14:37 Failed to check for update using obsidian.md (net::ERR_NAME_NOT_RESOLVED)
2025-12-21 17:15:32 Checking for update using Github
2025-12-21 17:15:32 Failed to check for update using Github (net::ERR_NAME_NOT_RESOLVED)
2025-12-21 17:15:32 Checking for update using obsidian.md
2025-12-21 17:15:32 Failed to check for update using obsidian.md (net::ERR_NAME_NOT_RESOLVED)
2025-12-21 21:53:42 Checking for update using Github
2025-12-21 21:53:42 Failed to check for update using Github (net::ERR_NAME_NOT_RESOLVED)
2025-12-21 21:53:42 Checking for update using obsidian.md
2025-12-21 21:53:42 Failed to check for update using obsidian.md (net::ERR_NAME_NOT_RESOLVED)
2025-12-25 20:20:56 Loading main app package /usr/lib/obsidian/obsidian.asar
2025-12-25 20:20:57 Checking for update using Github
2025-12-25 20:20:57 Failed to check for update using Github (net::ERR_NAME_NOT_RESOLVED)
2025-12-25 20:20:57 Checking for update using obsidian.md
2025-12-25 20:20:57 Failed to check for update using obsidian.md (net::ERR_NAME_NOT_RESOLVED)
2025-12-25 21:20:56 Checking for update using Github
2025-12-25 21:20:56 Failed to check for update using Github (net::ERR_NAME_NOT_RESOLVED)
2025-12-25 21:20:56 Checking for update using obsidian.md
2025-12-25 21:20:56 Failed to check for update using obsidian.md (net::ERR_NAME_NOT_RESOLVED)
2025-12-25 23:38:58 Loading main app package /usr/lib/obsidian/obsidian.asar
2025-12-25 23:38:58 Checking for update using Github
2025-12-25 23:38:59 Success.
2025-12-25 23:38:59 Latest version is 1.10.6
2025-12-25 23:38:59 App is up to date.
2025-12-26 10:38:40 Loading main app package /usr/lib/obsidian/obsidian.asar
2025-12-26 10:38:40 Checking for update using Github
2025-12-26 10:38:40 Failed to check for update using Github (net::ERR_NAME_NOT_RESOLVED)
2025-12-26 10:38:40 Checking for update using obsidian.md
2025-12-26 10:38:40 Failed to check for update using obsidian.md (net::ERR_NAME_NOT_RESOLVED)
2025-12-26 10:56:24 Loading main app package /usr/lib/obsidian/obsidian.asar
2025-12-26 10:56:24 Checking for update using Github
2025-12-26 10:56:50 Loading main app package /usr/lib/obsidian/obsidian.asar
2025-12-26 10:56:51 Checking for update using Github
2025-12-26 10:57:47 Loading main app package /usr/lib/obsidian/obsidian.asar
2025-12-26 10:57:47 Checking for update using Github
2025-12-26 11:02:37 Loading main app package /usr/lib/obsidian/obsidian.asar
2025-12-26 11:02:37 Checking for update using Github
2025-12-26 13:05:06 Checking for update using Github
2025-12-26 13:05:06 Failed to check for update using Github (net::ERR_NAME_NOT_RESOLVED)
2025-12-26 13:05:06 Checking for update using obsidian.md
2025-12-26 13:05:06 Failed to check for update using obsidian.md (net::ERR_NAME_NOT_RESOLVED)
2025-12-26 14:05:06 Checking for update using Github
2025-12-26 14:05:37 Failed to check for update using Github (net::ERR_TIMED_OUT)
2025-12-26 14:05:37 Checking for update using obsidian.md
2025-12-26 14:06:08 Failed to check for update using obsidian.md (net::ERR_CONNECTION_CLOSED)
2025-12-26 15:05:06 Checking for update using Github
2025-12-26 15:05:37 Failed to check for update using Github (net::ERR_TIMED_OUT)
2025-12-26 15:05:37 Checking for update using obsidian.md
2025-12-26 15:06:08 Failed to check for update using obsidian.md (net::ERR_CONNECTION_CLOSED)
2025-12-26 16:05:06 Checking for update using Github
2025-12-26 16:05:06 Failed to check for update using Github (net::ERR_NAME_NOT_RESOLVED)
2025-12-26 16:05:06 Checking for update using obsidian.md
2025-12-26 16:05:06 Failed to check for update using obsidian.md (net::ERR_NAME_NOT_RESOLVED)
2025-12-27 01:00:44 Checking for update using Github
2025-12-27 01:00:45 Success.
2025-12-27 01:00:45 Latest version is 1.10.6
2025-12-27 01:00:45 App is up to date.
2025-12-27 09:06:31 Checking for update using Github
2025-12-27 09:06:31 Success.
2025-12-27 09:06:31 Latest version is 1.10.6
2025-12-27 09:06:31 App is up to date.
2025-12-27 11:40:44 Checking for update using Github
2025-12-27 11:40:44 Failed to check for update using Github (net::ERR_NAME_NOT_RESOLVED)
2025-12-27 11:40:44 Checking for update using obsidian.md
2025-12-27 11:40:44 Failed to check for update using obsidian.md (net::ERR_NAME_NOT_RESOLVED)
2025-12-27 17:36:43 Checking for update using Github
2025-12-27 17:36:43 Failed to check for update using Github (net::ERR_NAME_NOT_RESOLVED)
2025-12-27 17:36:43 Checking for update using obsidian.md
2025-12-27 17:36:43 Failed to check for update using obsidian.md (net::ERR_NAME_NOT_RESOLVED)
2025-12-27 18:36:43 Checking for update using Github
2025-12-27 18:36:44 Success.
2025-12-27 18:36:44 Latest version is 1.10.6
2025-12-27 18:36:44 App is up to date.
2025-12-27 19:36:44 Checking for update using Github
2025-12-27 19:36:45 Success.
2025-12-27 19:36:45 Latest version is 1.10.6
2025-12-27 19:36:45 App is up to date.
2025-12-29 09:17:00 Loading main app package /usr/lib/obsidian/obsidian.asar
2025-12-29 09:17:01 Checking for update using Github
2025-12-29 09:17:01 Failed to check for update using Github (net::ERR_NAME_NOT_RESOLVED)
2025-12-29 09:17:01 Checking for update using obsidian.md
2025-12-29 09:17:01 Failed to check for update using obsidian.md (net::ERR_NAME_NOT_RESOLVED)
2025-12-29 09:20:06 Loading main app package /usr/lib/obsidian/obsidian.asar
2025-12-29 09:20:07 Checking for update using Github
2025-12-29 09:20:07 Failed to check for update using Github (net::ERR_NAME_NOT_RESOLVED)
2025-12-29 09:20:07 Checking for update using obsidian.md
2025-12-29 09:20:07 Failed to check for update using obsidian.md (net::ERR_NAME_NOT_RESOLVED)
2025-12-29 10:34:19 Checking for update using Github
2025-12-29 10:34:19 Failed to check for update using Github (net::ERR_NAME_NOT_RESOLVED)
2025-12-29 10:34:19 Checking for update using obsidian.md
2025-12-29 10:34:19 Failed to check for update using obsidian.md (net::ERR_NAME_NOT_RESOLVED)
2025-12-29 11:34:19 Checking for update using Github
2025-12-29 11:34:19 Failed to check for update using Github (net::ERR_NAME_NOT_RESOLVED)
2025-12-29 11:34:19 Checking for update using obsidian.md
2025-12-29 11:34:19 Failed to check for update using obsidian.md (net::ERR_NAME_NOT_RESOLVED)
2025-12-29 12:34:22 Loading main app package /usr/lib/obsidian/obsidian.asar
2025-12-29 12:34:23 Checking for update using Github
2025-12-29 12:34:23 Failed to check for update using Github (net::ERR_NAME_NOT_RESOLVED)
2025-12-29 12:34:23 Checking for update using obsidian.md
2025-12-29 12:34:23 Failed to check for update using obsidian.md (net::ERR_NAME_NOT_RESOLVED)
2025-12-29 13:54:26 Checking for update using Github
2025-12-29 13:54:26 Failed to check for update using Github (net::ERR_NAME_NOT_RESOLVED)
2025-12-29 13:54:26 Checking for update using obsidian.md
2025-12-29 13:54:26 Failed to check for update using obsidian.md (net::ERR_NAME_NOT_RESOLVED)
2025-12-29 15:18:57 Checking for update using Github
2025-12-29 15:18:57 Success.
2025-12-29 15:18:57 Latest version is 1.10.6
2025-12-29 15:18:57 App is up to date.
2025-12-29 16:18:57 Checking for update using Github
2025-12-29 16:18:57 Success.
2025-12-29 16:18:57 Latest version is 1.10.6
2025-12-29 16:18:57 App is up to date.
2025-12-29 17:06:11 Loading main app package /usr/lib/obsidian/obsidian.asar
2025-12-29 17:06:18 Loading main app package /usr/lib/obsidian/obsidian.asar
2025-12-29 17:06:26 Loading main app package /usr/lib/obsidian/obsidian.asar
2025-12-29 18:06:58 Loading main app package /usr/lib/obsidian/obsidian.asar
2025-12-29 18:06:58 Checking for update using Github
2025-12-29 18:06:59 Success.
2025-12-29 18:06:59 Latest version is 1.10.6
2025-12-29 18:06:59 App is up to date.
2025-12-29 20:21:37 Checking for update using Github
2025-12-29 20:21:37 Success.
2025-12-29 20:21:37 Latest version is 1.10.6
2025-12-29 20:21:37 App is up to date.
2025-12-29 21:21:37 Checking for update using Github
2025-12-29 21:21:37 Success.
2025-12-29 21:21:37 Latest version is 1.10.6
2025-12-29 21:21:37 App is up to date.
2025-12-29 22:29:14 Checking for update using Github
2025-12-29 22:29:15 Success.
2025-12-29 22:29:15 Latest version is 1.10.6
2025-12-29 22:29:15 App is up to date.
2025-12-29 23:29:14 Checking for update using Github
2025-12-29 23:29:15 Success.
2025-12-29 23:29:15 Latest version is 1.10.6
2025-12-29 23:29:15 App is up to date.
2025-12-30 00:54:02 Checking for update using Github
2025-12-30 00:54:02 Success.
2025-12-30 00:54:02 Latest version is 1.10.6
2025-12-30 00:54:02 App is up to date.
2025-12-30 07:51:30 Loading main app package /usr/lib/obsidian/obsidian.asar
2025-12-30 07:51:31 Checking for update using Github
2025-12-30 07:51:31 Success.
2025-12-30 07:51:31 Latest version is 1.10.6
2025-12-30 07:51:31 App is up to date.
2025-12-30 08:51:30 Checking for update using Github
2025-12-30 08:51:30 Success.
2025-12-30 08:51:30 Latest version is 1.10.6
2025-12-30 08:51:30 App is up to date.
2025-12-30 10:13:16 Checking for update using Github
2025-12-30 10:13:16 Success.
2025-12-30 10:13:16 Latest version is 1.10.6
2025-12-30 10:13:16 App is up to date.
2025-12-30 11:13:16 Checking for update using Github
2025-12-30 11:13:16 Success.
2025-12-30 11:13:16 Latest version is 1.10.6
2025-12-30 11:13:16 App is up to date.
2025-12-30 23:52:32 Loading main app package /usr/lib/obsidian/obsidian.asar
2025-12-30 23:52:33 Checking for update using Github
2025-12-30 23:52:34 Success.
2025-12-30 23:52:34 Latest version is 1.10.6
2025-12-30 23:52:34 App is up to date.
2025-12-31 00:52:32 Checking for update using Github
2025-12-31 00:52:33 Success.
2025-12-31 00:52:33 Latest version is 1.10.6
2025-12-31 00:52:33 App is up to date.
2025-12-31 11:58:12 Loading main app package /usr/lib/obsidian/obsidian.asar
2025-12-31 11:58:13 Checking for update using Github
2025-12-31 11:58:13 Success.
2025-12-31 11:58:13 Latest version is 1.10.6
2025-12-31 11:58:13 App is up to date.
2025-12-31 12:58:13 Checking for update using Github
2025-12-31 12:58:14 Success.
2025-12-31 12:58:14 Latest version is 1.10.6
2025-12-31 12:58:14 App is up to date.
2025-12-31 13:58:13 Checking for update using Github
2025-12-31 13:58:13 Success.
2025-12-31 13:58:13 Latest version is 1.10.6
2025-12-31 13:58:13 App is up to date.
2025-12-31 14:58:13 Checking for update using Github
2025-12-31 14:58:14 Success.
2025-12-31 14:58:14 Latest version is 1.10.6
2025-12-31 14:58:14 App is up to date.
2025-12-31 16:42:22 Checking for update using Github
2025-12-31 16:42:22 Success.
2025-12-31 16:42:22 Latest version is 1.10.6
2025-12-31 16:42:22 App is up to date.
2025-12-31 17:42:23 Checking for update using Github
2025-12-31 17:42:24 Success.
2025-12-31 17:42:24 Latest version is 1.10.6
2025-12-31 17:42:24 App is up to date.
2026-01-01 14:10:38 Loading main app package /usr/lib/obsidian/obsidian.asar
2026-01-01 14:10:39 Checking for update using Github
2026-01-01 14:10:39 Success.
2026-01-01 14:10:39 Latest version is 1.10.6
2026-01-01 14:10:39 App is up to date.
2026-01-01 15:10:40 Checking for update using Github
2026-01-01 15:10:40 Success.
2026-01-01 15:10:40 Latest version is 1.10.6
2026-01-01 15:10:40 App is up to date.
2026-01-01 16:23:32 Checking for update using Github
2026-01-01 16:23:33 Success.
2026-01-01 16:23:33 Latest version is 1.10.6
2026-01-01 16:23:33 App is up to date.
2026-01-01 17:23:33 Checking for update using Github
2026-01-01 17:23:33 Success.
2026-01-01 17:23:33 Latest version is 1.10.6
2026-01-01 17:23:33 App is up to date.
2026-01-01 18:23:33 Checking for update using Github
2026-01-01 18:23:34 Success.
2026-01-01 18:23:34 Latest version is 1.10.6
2026-01-01 18:23:34 App is up to date.
2026-01-01 21:01:55 Checking for update using Github
2026-01-01 21:01:55 Success.
2026-01-01 21:01:55 Latest version is 1.10.6
2026-01-01 21:01:55 App is up to date.
2026-01-01 22:01:56 Checking for update using Github
2026-01-01 22:01:57 Success.
2026-01-01 22:01:57 Latest version is 1.10.6
2026-01-01 22:01:57 App is up to date.
2026-01-01 23:01:56 Checking for update using Github
2026-01-01 23:01:57 Success.
2026-01-01 23:01:57 Latest version is 1.10.6
2026-01-01 23:01:57 App is up to date.
2026-01-02 00:01:56 Checking for update using Github
2026-01-02 00:01:57 Success.
2026-01-02 00:01:57 Latest version is 1.10.6
2026-01-02 00:01:57 App is up to date.
2026-01-02 21:29:44 Loading main app package /usr/lib/obsidian/obsidian.asar
2026-01-02 21:29:44 Checking for update using Github
2026-01-02 21:29:45 Success.
2026-01-02 21:29:45 Latest version is 1.10.6
2026-01-02 21:29:45 App is up to date.
2026-01-03 16:15:33 Loading main app package /usr/lib/obsidian/obsidian.asar
2026-01-03 16:15:34 Checking for update using Github
2026-01-03 16:15:35 Success.
2026-01-03 16:15:35 Latest version is 1.10.6
2026-01-03 16:15:35 App is up to date.
2026-01-03 17:23:28 Checking for update using Github
2026-01-03 17:23:29 Success.
2026-01-03 17:23:29 Latest version is 1.10.6
2026-01-03 17:23:29 App is up to date.
2026-01-03 18:23:29 Checking for update using Github
2026-01-03 18:23:29 Success.
2026-01-03 18:23:29 Latest version is 1.10.6
2026-01-03 18:23:29 App is up to date.
2026-01-03 19:29:47 Checking for update using Github
2026-01-03 19:29:47 Success.
2026-01-03 19:29:47 Latest version is 1.10.6
2026-01-03 19:29:47 App is up to date.
2026-01-03 19:31:56 Loading main app package /usr/lib/obsidian/obsidian.asar
2026-01-03 19:31:57 Checking for update using Github
2026-01-03 19:31:57 Success.
2026-01-03 19:31:57 Latest version is 1.10.6
2026-01-03 19:31:57 App is up to date.
2026-01-03 23:45:15 Checking for update using Github
2026-01-03 23:45:17 Success.
2026-01-03 23:45:17 Latest version is 1.10.6
2026-01-03 23:45:17 App is up to date.
2026-01-04 00:45:15 Checking for update using Github
2026-01-04 00:45:18 Success.
2026-01-04 00:45:18 Latest version is 1.10.6
2026-01-04 00:45:18 App is up to date.
2026-01-04 13:10:18 Loading main app package /usr/lib/obsidian/obsidian.asar
2026-01-04 13:10:19 Checking for update using Github
2026-01-04 13:10:20 Success.
2026-01-04 13:10:20 Latest version is 1.10.6
2026-01-04 13:10:20 App is up to date.
2026-01-04 14:10:18 Checking for update using Github
2026-01-04 14:10:19 Success.
2026-01-04 14:10:19 Latest version is 1.10.6
2026-01-04 14:10:19 App is up to date.
2026-01-04 15:10:19 Checking for update using Github
2026-01-04 15:10:21 Success.
2026-01-04 15:10:21 Latest version is 1.10.6
2026-01-04 15:10:21 App is up to date.
2026-01-04 17:26:36 Checking for update using Github
2026-01-04 17:26:38 Success.
2026-01-04 17:26:38 Latest version is 1.10.6
2026-01-04 17:26:38 App is up to date.
2026-01-04 19:19:38 Checking for update using Github
2026-01-04 19:19:38 Success.
2026-01-04 19:19:38 Latest version is 1.10.6
2026-01-04 19:19:38 App is up to date.
2026-01-04 20:19:38 Checking for update using Github
2026-01-04 20:19:38 Success.
2026-01-04 20:19:38 Latest version is 1.10.6
2026-01-04 20:19:38 App is up to date.
2026-01-04 23:37:09 Checking for update using Github
2026-01-04 23:37:10 Success.
2026-01-04 23:37:10 Latest version is 1.10.6
2026-01-04 23:37:10 App is up to date.
2026-01-05 07:41:16 Loading main app package /usr/lib/obsidian/obsidian.asar
2026-01-05 07:41:17 Checking for update using Github
2026-01-05 07:41:17 Failed to check for update using Github (net::ERR_NAME_NOT_RESOLVED)
2026-01-05 07:41:17 Checking for update using obsidian.md
2026-01-05 07:41:17 Failed to check for update using obsidian.md (net::ERR_NAME_NOT_RESOLVED)
2026-01-05 08:59:02 Checking for update using Github
2026-01-05 08:59:15 Success.
2026-01-05 08:59:15 Latest version is 1.10.6
2026-01-05 08:59:15 App is up to date.
2026-01-05 09:59:02 Checking for update using Github
2026-01-05 09:59:10 Success.
2026-01-05 09:59:10 Latest version is 1.10.6
2026-01-05 09:59:10 App is up to date.
2026-01-05 11:10:20 Loading main app package /usr/lib/obsidian/obsidian.asar
2026-01-05 11:10:20 Checking for update using Github
2026-01-05 11:10:29 Success.
2026-01-05 11:10:29 Latest version is 1.10.6
2026-01-05 11:10:29 App is up to date.
2026-01-05 12:19:38 Checking for update using Github
2026-01-05 12:19:38 Success.
2026-01-05 12:19:38 Latest version is 1.10.6
2026-01-05 12:19:38 App is up to date.
2026-01-05 13:19:38 Checking for update using Github
2026-01-05 13:19:40 Success.
2026-01-05 13:19:40 Latest version is 1.10.6
2026-01-05 13:19:40 App is up to date.
2026-01-05 14:19:38 Checking for update using Github
2026-01-05 14:19:40 Success.
2026-01-05 14:19:40 Latest version is 1.10.6
2026-01-05 14:19:40 App is up to date.
2026-01-05 15:19:38 Checking for update using Github
2026-01-05 15:19:40 Success.
2026-01-05 15:19:40 Latest version is 1.10.6
2026-01-05 15:19:40 App is up to date.
2026-01-05 16:19:39 Checking for update using Github
2026-01-05 16:19:44 Success.
2026-01-05 16:19:44 Latest version is 1.10.6
2026-01-05 16:19:44 App is up to date.
2026-01-05 17:19:39 Checking for update using Github
2026-01-05 17:19:40 Success.
2026-01-05 17:19:40 Latest version is 1.10.6
2026-01-05 17:19:40 App is up to date.
2026-01-05 18:19:39 Checking for update using Github
2026-01-05 18:19:40 Success.
2026-01-05 18:19:40 Latest version is 1.10.6
2026-01-05 18:19:40 App is up to date.
2026-01-05 21:18:51 Loading main app package /usr/lib/obsidian/obsidian.asar
2026-01-05 21:18:51 Checking for update using Github
2026-01-05 21:18:54 Success.
2026-01-05 21:18:54 Latest version is 1.10.6
2026-01-05 21:18:54 App is up to date.
2026-01-05 22:00:32 Loading main app package /usr/lib/obsidian/obsidian.asar
2026-01-05 22:00:32 Checking for update using Github
2026-01-05 22:00:32 Success.
2026-01-05 22:00:32 Latest version is 1.10.6
2026-01-05 22:00:32 App is up to date.
2026-01-05 23:11:06 Checking for update using Github
2026-01-05 23:11:07 Success.
2026-01-05 23:11:07 Latest version is 1.10.6
2026-01-05 23:11:07 App is up to date.
2026-01-06 10:00:36 Checking for update using Github
2026-01-06 10:00:36 Success.
2026-01-06 10:00:36 Latest version is 1.10.6
2026-01-06 10:00:36 App is up to date.
2026-01-06 11:00:36 Checking for update using Github
2026-01-06 11:00:36 Success.
2026-01-06 11:00:36 Latest version is 1.10.6
2026-01-06 11:00:36 App is up to date.
2026-01-06 12:37:00 Checking for update using Github
2026-01-06 12:37:20 Success.
2026-01-06 12:37:20 Latest version is 1.10.6
2026-01-06 12:37:20 App is up to date.
2026-01-06 13:37:00 Checking for update using Github
2026-01-06 13:37:02 Success.
2026-01-06 13:37:02 Latest version is 1.10.6
2026-01-06 13:37:02 App is up to date.
2026-01-06 14:37:00 Checking for update using Github
2026-01-06 14:37:02 Success.
2026-01-06 14:37:02 Latest version is 1.10.6
2026-01-06 14:37:02 App is up to date.
2026-01-06 17:29:03 Loading main app package /usr/lib/obsidian/obsidian.asar
2026-01-06 17:29:04 Checking for update using Github
2026-01-06 17:29:10 Success.
2026-01-06 17:29:10 Latest version is 1.10.6
2026-01-06 17:29:10 App is up to date.
2026-01-06 18:29:03 Checking for update using Github
2026-01-06 18:29:43 Success.
2026-01-06 18:29:43 Latest version is 1.10.6
2026-01-06 18:29:43 App is up to date.
2026-01-06 22:18:25 Checking for update using Github
2026-01-06 22:18:25 Success.
2026-01-06 22:18:25 Latest version is 1.10.6
2026-01-06 22:18:25 App is up to date.
2026-01-06 22:34:13 Loading main app package /usr/lib/obsidian/obsidian.asar
2026-01-06 22:34:13 Checking for update using Github
2026-01-06 22:34:14 Success.
2026-01-06 22:34:14 Latest version is 1.10.6
2026-01-06 22:34:14 App is up to date.
2026-01-06 23:34:13 Checking for update using Github
2026-01-06 23:34:13 Success.
2026-01-06 23:34:13 Latest version is 1.10.6
2026-01-06 23:34:13 App is up to date.
2026-01-07 00:27:22 Loading main app package /usr/lib/obsidian/obsidian.asar
2026-01-07 00:27:23 Checking for update using Github
2026-01-07 00:27:28 Success.
2026-01-07 00:27:28 Latest version is 1.10.6
2026-01-07 00:27:28 App is up to date.
2026-01-07 01:27:22 Checking for update using Github
2026-01-07 01:27:23 Success.
2026-01-07 01:27:23 Latest version is 1.10.6
2026-01-07 01:27:23 App is up to date.
2026-01-07 01:57:00 Loading main app package /usr/lib/obsidian/obsidian.asar
2026-01-07 01:57:01 Checking for update using Github
2026-01-07 01:57:07 Success.
2026-01-07 01:57:07 Latest version is 1.10.6
2026-01-07 01:57:07 App is up to date.
2026-01-07 02:28:59 Loading main app package /usr/lib/obsidian/obsidian.asar
2026-01-07 02:29:00 Checking for update using Github
2026-01-07 02:29:01 Success.
2026-01-07 02:29:01 Latest version is 1.10.6
2026-01-07 02:29:01 App is up to date.
2026-01-07 02:49:01 Loading main app package /usr/lib/obsidian/obsidian.asar
2026-01-07 02:49:01 Checking for update using Github
2026-01-07 02:49:03 Success.
2026-01-07 02:49:03 Latest version is 1.10.6
2026-01-07 02:49:03 App is up to date.
2026-01-07 10:31:40 Loading main app package /usr/lib/obsidian/obsidian.asar
2026-01-07 10:31:41 Checking for update using Github
2026-01-07 10:31:43 Success.
2026-01-07 10:31:43 Latest version is 1.10.6
2026-01-07 10:31:43 App is up to date.
2026-01-07 11:31:40 Checking for update using Github
2026-01-07 11:35:41 Failed to check for update using Github (net::ERR_TIMED_OUT)
2026-01-07 11:35:41 Checking for update using obsidian.md
2026-01-07 11:35:42 Failed to check for update using obsidian.md (net::ERR_DNS_NO_MATCHING_SUPPORTED_ALPN)
2026-01-07 13:01:44 Checking for update using Github
2026-01-07 13:01:49 Success.
2026-01-07 13:01:49 Latest version is 1.10.6
2026-01-07 13:01:49 App is up to date.
2026-01-07 15:22:09 Checking for update using Github
2026-01-07 15:22:13 Success.
2026-01-07 15:22:13 Latest version is 1.10.6
2026-01-07 15:22:13 App is up to date.
2026-01-07 17:10:34 Checking for update using Github
2026-01-07 17:13:08 Success.
2026-01-07 17:13:08 Latest version is 1.10.6
2026-01-07 17:13:08 App is up to date.
2026-01-07 18:10:35 Checking for update using Github
2026-01-07 18:10:35 Failed to check for update using Github (net::ERR_NAME_NOT_RESOLVED)
2026-01-07 18:10:35 Checking for update using obsidian.md
2026-01-07 18:10:35 Failed to check for update using obsidian.md (net::ERR_NAME_NOT_RESOLVED)
2026-01-07 22:02:11 Loading main app package /usr/lib/obsidian/obsidian.asar
2026-01-07 22:02:12 Checking for update using Github
2026-01-07 22:02:12 Success.
2026-01-07 22:02:12 Latest version is 1.10.6
2026-01-07 22:02:12 App is up to date.
2026-01-07 23:02:11 Checking for update using Github
2026-01-07 23:02:12 Success.
2026-01-07 23:02:12 Latest version is 1.10.6
2026-01-07 23:02:12 App is up to date.
2026-01-08 00:02:11 Checking for update using Github
2026-01-08 00:02:12 Success.
2026-01-08 00:02:12 Latest version is 1.10.6
2026-01-08 00:02:12 App is up to date.
2026-01-08 09:06:54 Checking for update using Github
2026-01-08 09:06:54 Success.
2026-01-08 09:06:54 Latest version is 1.10.6
2026-01-08 09:06:54 App is up to date.
2026-01-08 10:06:54 Checking for update using Github
2026-01-08 10:06:54 Success.
2026-01-08 10:06:54 Latest version is 1.10.6
2026-01-08 10:06:54 App is up to date.
2026-01-08 11:06:54 Checking for update using Github
2026-01-08 11:06:54 Success.
2026-01-08 11:06:54 Latest version is 1.10.6
2026-01-08 11:06:54 App is up to date.
2026-01-08 14:57:45 Checking for update using Github
2026-01-08 14:57:47 Success.
2026-01-08 14:57:47 Latest version is 1.10.6
2026-01-08 14:57:47 App is up to date.
2026-01-08 17:38:47 Loading main app package /usr/lib/obsidian/obsidian.asar
2026-01-08 17:38:47 Checking for update using Github
2026-01-08 17:53:19 Checking for update using Github
2026-01-08 17:53:22 Success.
2026-01-08 17:53:22 Latest version is 1.10.6
2026-01-08 17:53:22 App is up to date.
2026-01-08 18:53:19 Checking for update using Github
2026-01-08 18:53:21 Success.
2026-01-08 18:53:21 Latest version is 1.10.6
2026-01-08 18:53:21 App is up to date.
2026-01-08 21:24:39 Loading main app package /usr/lib/obsidian/obsidian.asar
2026-01-08 21:24:40 Checking for update using Github
2026-01-08 21:24:40 Success.
2026-01-08 21:24:40 Latest version is 1.10.6
2026-01-08 21:24:40 App is up to date.
2026-01-08 22:24:39 Checking for update using Github
2026-01-08 22:24:39 Success.
2026-01-08 22:24:39 Latest version is 1.10.6
2026-01-08 22:24:39 App is up to date.
2026-01-08 23:24:39 Checking for update using Github
2026-01-08 23:24:39 Success.
2026-01-08 23:24:39 Latest version is 1.10.6
2026-01-08 23:24:39 App is up to date.
2026-01-09 09:05:30 Loading main app package /usr/lib/obsidian/obsidian.asar
2026-01-09 09:05:31 Checking for update using Github
2026-01-09 09:05:31 Success.
2026-01-09 09:05:31 Latest version is 1.10.6
2026-01-09 09:05:31 App is up to date.
2026-01-09 10:05:30 Checking for update using Github
2026-01-09 10:05:30 Success.
2026-01-09 10:05:30 Latest version is 1.10.6
2026-01-09 10:05:30 App is up to date.
2026-01-09 11:05:30 Checking for update using Github
2026-01-09 11:05:30 Success.
2026-01-09 11:05:30 Latest version is 1.10.6
2026-01-09 11:05:30 App is up to date.
2026-01-09 12:43:00 Checking for update using Github
2026-01-09 12:43:01 Success.
2026-01-09 12:43:01 Latest version is 1.10.6
2026-01-09 12:43:01 App is up to date.
2026-01-09 13:43:00 Checking for update using Github
2026-01-09 13:43:03 Success.
2026-01-09 13:43:03 Latest version is 1.10.6
2026-01-09 13:43:03 App is up to date.
2026-01-09 15:15:53 Checking for update using Github
2026-01-09 15:15:57 Success.
2026-01-09 15:15:57 Latest version is 1.10.6
2026-01-09 15:15:57 App is up to date.
2026-01-09 16:15:53 Checking for update using Github
2026-01-09 16:16:12 Success.
2026-01-09 16:16:12 Latest version is 1.10.6
2026-01-09 16:16:12 App is up to date.
2026-01-09 17:42:09 Checking for update using Github
2026-01-09 17:42:11 Success.
2026-01-09 17:42:11 Latest version is 1.10.6
2026-01-09 17:42:11 App is up to date.
2026-01-09 18:42:09 Checking for update using Github
2026-01-09 18:42:09 Success.
2026-01-09 18:42:09 Latest version is 1.10.6
2026-01-09 18:42:09 App is up to date.
2026-01-09 22:29:32 Checking for update using Github
2026-01-09 22:29:32 Failed to check for update using Github (net::ERR_NAME_NOT_RESOLVED)
2026-01-09 22:29:32 Checking for update using obsidian.md
2026-01-09 22:29:32 Failed to check for update using obsidian.md (net::ERR_NAME_NOT_RESOLVED)
2026-01-09 23:29:32 Checking for update using Github
2026-01-09 23:29:33 Success.
2026-01-09 23:29:33 Latest version is 1.10.6
2026-01-09 23:29:33 App is up to date.
2026-01-10 00:29:32 Checking for update using Github
2026-01-10 00:29:33 Success.
2026-01-10 00:29:33 Latest version is 1.10.6
2026-01-10 00:29:33 App is up to date.
2026-01-10 06:33:32 Checking for update using Github
2026-01-10 06:33:32 Success.
2026-01-10 06:33:32 Latest version is 1.10.6
2026-01-10 06:33:32 App is up to date.
2026-01-10 08:10:38 Checking for update using Github
2026-01-10 08:14:39 Failed to check for update using Github (net::ERR_TIMED_OUT)
2026-01-10 08:14:39 Checking for update using obsidian.md
2026-01-10 08:14:39 Failed to check for update using obsidian.md (net::ERR_DNS_NO_MATCHING_SUPPORTED_ALPN)
2026-01-10 09:10:39 Checking for update using Github
2026-01-10 09:14:39 Failed to check for update using Github (net::ERR_TIMED_OUT)
2026-01-10 09:14:39 Checking for update using obsidian.md
2026-01-10 09:14:39 Failed to check for update using obsidian.md (net::ERR_DNS_NO_MATCHING_SUPPORTED_ALPN)
2026-01-10 10:30:07 Checking for update using Github
2026-01-10 10:34:07 Failed to check for update using Github (net::ERR_TIMED_OUT)
2026-01-10 10:34:07 Checking for update using obsidian.md
2026-01-10 10:34:08 Failed to check for update using obsidian.md (net::ERR_DNS_NO_MATCHING_SUPPORTED_ALPN)
2026-01-10 11:30:07 Checking for update using Github
2026-01-10 11:33:03 Failed to check for update using Github (net::ERR_NETWORK_CHANGED)
2026-01-10 11:33:03 Checking for update using obsidian.md
2026-01-10 11:33:03 Failed to check for update using obsidian.md (net::ERR_NAME_NOT_RESOLVED)
2026-01-11 12:50:22 Loading main app package /usr/lib/obsidian/obsidian.asar
2026-01-11 12:50:22 Loading main app package /usr/lib/obsidian/obsidian.asar
2026-01-11 12:50:22 Checking for update using Github
2026-01-11 12:50:23 Checking for update using Github
2026-01-11 12:50:23 Success.
2026-01-11 12:50:23 Latest version is 1.10.6
2026-01-11 12:50:23 App is up to date.
2026-01-11 14:15:05 Checking for update using Github
2026-01-11 14:15:08 Success.
2026-01-11 14:15:08 Latest version is 1.10.6
2026-01-11 14:15:08 App is up to date.
2026-01-11 15:15:05 Checking for update using Github
2026-01-11 15:15:08 Success.
2026-01-11 15:15:08 Latest version is 1.10.6
2026-01-11 15:15:08 App is up to date.
2026-01-11 16:28:52 Loading main app package /usr/lib/obsidian/obsidian.asar
2026-01-11 16:28:53 Checking for update using Github
2026-01-11 16:28:59 Success.
2026-01-11 16:28:59 Latest version is 1.10.6
2026-01-11 16:28:59 App is up to date.
2026-01-11 19:44:18 Checking for update using Github
2026-01-11 19:44:19 Success.
2026-01-11 19:44:19 Latest version is 1.10.6
2026-01-11 19:44:19 App is up to date.
2026-01-11 20:44:20 Checking for update using Github
2026-01-11 20:44:20 Success.
2026-01-11 20:44:20 Latest version is 1.10.6
2026-01-11 20:44:20 App is up to date.
2026-01-11 23:03:28 Checking for update using Github
2026-01-11 23:03:28 Success.
2026-01-11 23:03:28 Latest version is 1.10.6
2026-01-11 23:03:28 App is up to date.
2026-01-12 00:12:43 Checking for update using Github
2026-01-12 00:12:43 Success.
2026-01-12 00:12:43 Latest version is 1.10.6
2026-01-12 00:12:43 App is up to date.
2026-01-12 07:54:32 Checking for update using Github
2026-01-12 07:54:32 Success.
2026-01-12 07:54:32 Latest version is 1.10.6
2026-01-12 07:54:32 App is up to date.
2026-01-12 08:54:32 Checking for update using Github
2026-01-12 08:54:34 Success.
2026-01-12 08:54:34 Latest version is 1.10.6
2026-01-12 08:54:34 App is up to date.
2026-01-12 09:54:32 Checking for update using Github
2026-01-12 09:54:39 Success.
2026-01-12 09:54:39 Latest version is 1.10.6
2026-01-12 09:54:39 App is up to date.
2026-01-12 10:54:32 Checking for update using Github
2026-01-12 10:54:32 Success.
2026-01-12 10:54:32 Latest version is 1.10.6
2026-01-12 10:54:32 App is up to date.
2026-01-12 12:35:27 Loading main app package /usr/lib/obsidian/obsidian.asar
2026-01-12 12:35:28 Checking for update using Github
2026-01-12 12:35:29 Success.
2026-01-12 12:35:29 Latest version is 1.10.6
2026-01-12 12:35:29 App is up to date.
2026-01-12 15:36:02 Loading main app package /usr/lib/obsidian/obsidian.asar
2026-01-12 15:36:02 Checking for update using Github
2026-01-12 15:36:05 Success.
2026-01-12 15:36:05 Latest version is 1.11.4
2026-01-12 15:36:05 Downloading update from https://github.com/obsidianmd/obsidian-releases/releases/download/v1.11.4/obsidian-1.11.4.asar.gz
2026-01-12 15:38:22 Verifying hash & signature. Size= 8769455
2026-01-12 15:38:22 Saving file
2026-01-12 15:38:22 Update complete.
2026-01-12 16:36:03 Checking for update using Github
2026-01-12 16:36:05 Success.
2026-01-12 16:36:05 Latest version is 1.11.4
2026-01-12 16:36:05 An update is already downloaded.
2026-01-12 16:58:05 Loading updated app package /home/credo/.config/obsidian/obsidian-1.11.4.asar
2026-01-12 16:58:06 Checking for update using Github
2026-01-12 16:58:20 Success.
2026-01-12 16:58:20 Latest version is 1.11.4
2026-01-12 16:58:20 App is up to date.
2026-01-12 17:58:06 Checking for update using Github
2026-01-12 17:58:08 Success.
2026-01-12 17:58:08 Latest version is 1.11.4
2026-01-12 17:58:08 App is up to date.
2026-01-12 21:51:16 Loading updated app package /home/credo/.config/obsidian/obsidian-1.11.4.asar
2026-01-12 21:51:17 Checking for update using Github
2026-01-12 21:51:24 Success.
2026-01-12 21:51:24 Latest version is 1.11.4
2026-01-12 21:51:24 App is up to date.
2026-01-13 09:22:46 Loading updated app package /home/credo/.config/obsidian/obsidian-1.11.4.asar
2026-01-13 09:22:47 Checking for update using Github
2026-01-13 09:22:57 Success.
2026-01-13 09:22:57 Latest version is 1.11.4
2026-01-13 09:22:57 App is up to date.
2026-01-13 10:22:46 Checking for update using Github
2026-01-13 10:22:46 Success.
2026-01-13 10:22:46 Latest version is 1.11.4
2026-01-13 10:22:46 App is up to date.
2026-01-13 11:22:46 Checking for update using Github
2026-01-13 11:22:46 Success.
2026-01-13 11:22:46 Latest version is 1.11.4
2026-01-13 11:22:46 App is up to date.
2026-01-13 13:06:05 Checking for update using Github
2026-01-13 13:06:08 Success.
2026-01-13 13:06:08 Latest version is 1.11.4
2026-01-13 13:06:08 App is up to date.
2026-01-13 14:06:05 Checking for update using Github
2026-01-13 14:06:08 Success.
2026-01-13 14:06:08 Latest version is 1.11.4
2026-01-13 14:06:08 App is up to date.
2026-01-13 17:37:59 Loading updated app package /home/credo/.config/obsidian/obsidian-1.11.4.asar
2026-01-13 17:38:00 Checking for update using Github
2026-01-13 17:38:02 Success.
2026-01-13 17:38:02 Latest version is 1.11.4
2026-01-13 17:38:02 App is up to date.
2026-01-13 18:38:00 Checking for update using Github
2026-01-13 18:38:01 Success.
2026-01-13 18:38:01 Latest version is 1.11.4
2026-01-13 18:38:01 App is up to date.
2026-01-13 21:46:39 Checking for update using Github
2026-01-13 21:46:40 Success.
2026-01-13 21:46:40 Latest version is 1.11.4
2026-01-13 21:46:40 App is up to date.
2026-01-13 22:00:12 Loading updated app package /home/credo/.config/obsidian/obsidian-1.11.4.asar
2026-01-13 22:00:13 Checking for update using Github
2026-01-13 22:00:13 Success.
2026-01-13 22:00:13 Latest version is 1.11.4
2026-01-13 22:00:13 App is up to date.
2026-01-13 23:00:12 Checking for update using Github
2026-01-13 23:00:12 Success.
2026-01-13 23:00:12 Latest version is 1.11.4
2026-01-13 23:00:12 App is up to date.
2026-01-14 01:08:32 Loading updated app package /home/credo/.config/obsidian/obsidian-1.11.4.asar
2026-01-14 01:08:33 Checking for update using Github
2026-01-14 01:08:33 Success.
2026-01-14 01:08:33 Latest version is 1.11.4
2026-01-14 01:08:33 App is up to date.
2026-01-14 01:11:00 Loading updated app package /home/credo/.config/obsidian/obsidian-1.11.4.asar
2026-01-14 12:22:51 Loading updated app package /home/credo/.config/obsidian/obsidian-1.11.4.asar
2026-01-14 12:22:52 Checking for update using Github
2026-01-14 12:22:53 Success.
2026-01-14 12:22:53 Latest version is 1.11.4
2026-01-14 12:22:53 App is up to date.
2026-01-14 13:22:53 Checking for update using Github
2026-01-14 13:23:02 Success.
2026-01-14 13:23:02 Latest version is 1.11.4
2026-01-14 13:23:02 App is up to date.
2026-01-14 14:22:53 Checking for update using Github
2026-01-14 14:23:19 Success.
2026-01-14 14:23:19 Latest version is 1.11.4
2026-01-14 14:23:19 App is up to date.
2026-01-14 23:06:03 Loading updated app package /home/credo/.config/obsidian/obsidian-1.11.4.asar
2026-01-14 23:06:03 Checking for update using Github
2026-01-14 23:06:04 Success.
2026-01-14 23:06:04 Latest version is 1.11.4
2026-01-14 23:06:04 App is up to date.
2026-01-14 23:47:11 Loading main app package /usr/lib/obsidian/obsidian.asar
2026-01-14 23:47:12 Checking for update using Github
2026-01-14 23:47:13 Success.
2026-01-14 23:47:13 Latest version is 1.11.4
2026-01-14 23:47:13 App is up to date.
2026-01-15 08:11:23 Loading main app package /usr/lib/obsidian/obsidian.asar
2026-01-15 08:11:23 Checking for update using Github
2026-01-15 08:11:24 Success.
2026-01-15 08:11:24 Latest version is 1.11.4
2026-01-15 08:11:24 App is up to date.
2026-01-15 09:11:23 Checking for update using Github
2026-01-15 09:11:24 Success.
2026-01-15 09:11:24 Latest version is 1.11.4
2026-01-15 09:11:24 App is up to date.
2026-01-15 10:11:23 Checking for update using Github
2026-01-15 10:11:24 Success.
2026-01-15 10:11:24 Latest version is 1.11.4
2026-01-15 10:11:24 App is up to date.
2026-01-15 11:11:23 Checking for update using Github
2026-01-15 11:11:24 Success.
2026-01-15 11:11:24 Latest version is 1.11.4
2026-01-15 11:11:24 App is up to date.
2026-01-15 16:45:49 Checking for update using Github
2026-01-15 16:45:50 Success.
2026-01-15 16:45:50 Latest version is 1.11.4
2026-01-15 16:45:50 App is up to date.
2026-01-15 17:59:51 Checking for update using Github
2026-01-15 17:59:52 Success.
2026-01-15 17:59:52 Latest version is 1.11.4
2026-01-15 17:59:52 App is up to date.
2026-01-15 23:06:42 Loading main app package /usr/lib/obsidian/obsidian.asar
2026-01-15 23:06:43 Checking for update using Github
2026-01-15 23:06:43 Success.
2026-01-15 23:06:43 Latest version is 1.11.4
2026-01-15 23:06:43 App is up to date.
2026-01-16 00:06:42 Checking for update using Github
2026-01-16 00:06:43 Success.
2026-01-16 00:06:43 Latest version is 1.11.4
2026-01-16 00:06:43 App is up to date.
2026-01-16 07:29:56 Loading main app package /usr/lib/obsidian/obsidian.asar
2026-01-16 07:30:40 Loading main app package /usr/lib/obsidian/obsidian.asar
2026-01-16 07:30:41 Checking for update using Github
2026-01-16 07:30:41 Success.
2026-01-16 07:30:41 Latest version is 1.11.4
2026-01-16 07:30:41 App is up to date.
2026-01-16 08:30:40 Checking for update using Github
2026-01-16 08:30:40 Success.
2026-01-16 08:30:40 Latest version is 1.11.4
2026-01-16 08:30:40 App is up to date.
2026-01-16 14:58:08 Loading main app package /usr/lib/obsidian/obsidian.asar
2026-01-16 14:58:08 Checking for update using Github
2026-01-16 14:58:12 Success.
2026-01-16 14:58:12 Latest version is 1.11.4
2026-01-16 14:58:12 App is up to date.
2026-01-16 14:58:16 Loading main app package /usr/lib/obsidian/obsidian.asar
2026-01-16 14:58:16 Checking for update using Github
2026-01-16 14:58:16 Success.
2026-01-16 14:58:16 Latest version is 1.11.4
2026-01-16 14:58:16 App is up to date.
2026-01-16 14:59:47 Loading main app package /usr/lib/obsidian/obsidian.asar
2026-01-16 14:59:48 Checking for update using Github
2026-01-16 14:59:48 Success.
2026-01-16 14:59:48 Latest version is 1.11.4
2026-01-16 14:59:48 App is up to date.
2026-01-16 15:59:47 Checking for update using Github
2026-01-16 15:59:52 Success.
2026-01-16 15:59:52 Latest version is 1.11.4
2026-01-16 15:59:52 App is up to date.
2026-01-16 16:59:47 Checking for update using Github
2026-01-16 16:59:52 Success.
2026-01-16 16:59:52 Latest version is 1.11.4
2026-01-16 16:59:52 App is up to date.
2026-01-16 17:45:11 Loading main app package /usr/lib/obsidian/obsidian.asar
2026-01-16 17:45:11 Checking for update using Github
2026-01-16 17:45:12 Success.
2026-01-16 17:45:12 Latest version is 1.11.4
2026-01-16 17:45:12 App is up to date.
2026-01-16 17:48:02 Loading main app package /usr/lib/obsidian/obsidian.asar
2026-01-16 17:48:17 Loading main app package /usr/lib/obsidian/obsidian.asar
2026-01-16 17:48:23 Checking for update using Github
2026-01-16 17:48:24 Success.
2026-01-16 17:48:24 Latest version is 1.11.4
2026-01-16 17:48:24 App is up to date.
2026-01-16 17:49:12 Loading main app package /usr/lib/obsidian/obsidian.asar
2026-01-16 17:49:12 Checking for update using Github
2026-01-16 17:49:13 Success.
2026-01-16 17:49:13 Latest version is 1.11.4
2026-01-16 17:49:13 App is up to date.
2026-01-16 18:49:12 Checking for update using Github
2026-01-16 18:49:12 Success.
2026-01-16 18:49:12 Latest version is 1.11.4
2026-01-16 18:49:12 App is up to date.
2026-01-16 21:21:52 Checking for update using Github
2026-01-16 21:21:52 Success.
2026-01-16 21:21:52 Latest version is 1.11.4
2026-01-16 21:21:52 App is up to date.
2026-01-16 22:24:37 Checking for update using Github
2026-01-16 22:24:46 Success.
2026-01-16 22:24:46 Latest version is 1.11.4
2026-01-16 22:24:46 App is up to date.
2026-01-16 23:24:37 Checking for update using Github
2026-01-16 23:24:37 Success.
2026-01-16 23:24:37 Latest version is 1.11.4
2026-01-16 23:24:37 App is up to date.
2026-01-17 07:43:00 Loading main app package /usr/lib/obsidian/obsidian.asar
2026-01-17 07:43:01 Checking for update using Github
2026-01-17 07:43:02 Success.
2026-01-17 07:43:02 Latest version is 1.11.4
2026-01-17 07:43:02 App is up to date.
2026-01-17 08:43:00 Checking for update using Github
2026-01-17 08:43:01 Success.
2026-01-17 08:43:01 Latest version is 1.11.4
2026-01-17 08:43:01 App is up to date.
2026-01-17 10:09:53 Checking for update using Github
2026-01-17 10:09:58 Success.
2026-01-17 10:09:58 Latest version is 1.11.4
2026-01-17 10:09:58 App is up to date.
2026-01-17 11:09:53 Checking for update using Github
2026-01-17 11:09:55 Success.
2026-01-17 11:09:55 Latest version is 1.11.4
2026-01-17 11:09:55 App is up to date.
2026-01-17 12:09:54 Checking for update using Github
2026-01-17 12:09:55 Success.
2026-01-17 12:09:55 Latest version is 1.11.4
2026-01-17 12:09:55 App is up to date.
2026-01-17 19:40:20 Loading main app package /usr/lib/obsidian/obsidian.asar
2026-01-17 19:40:20 Checking for update using Github
2026-01-17 19:40:20 Success.
2026-01-17 19:40:20 Latest version is 1.11.4
2026-01-17 19:40:20 App is up to date.
2026-01-17 20:51:50 Loading main app package /usr/lib/obsidian/obsidian.asar
2026-01-17 20:51:51 Checking for update using Github
2026-01-17 20:51:56 Success.
2026-01-17 20:51:56 Latest version is 1.11.4
2026-01-17 20:51:56 App is up to date.
2026-01-17 22:19:10 Checking for update using Github
2026-01-17 22:19:10 Success.
2026-01-17 22:19:10 Latest version is 1.11.4
2026-01-17 22:19:10 App is up to date.
2026-01-17 23:28:59 Checking for update using Github
2026-01-17 23:28:59 Success.
2026-01-17 23:28:59 Latest version is 1.11.4
2026-01-17 23:28:59 App is up to date.
2026-01-18 00:21:54 Loading main app package /usr/lib/obsidian/obsidian.asar
2026-01-18 00:21:55 Checking for update using Github
2026-01-18 00:21:56 Success.
2026-01-18 00:21:56 Latest version is 1.11.4
2026-01-18 00:21:56 App is up to date.
2026-01-18 01:21:54 Checking for update using Github
2026-01-18 01:21:55 Success.
2026-01-18 01:21:55 Latest version is 1.11.4
2026-01-18 01:21:55 App is up to date.
2026-01-19 12:44:12 Loading main app package /usr/lib/obsidian/obsidian.asar
2026-01-19 12:44:13 Checking for update using Github
2026-01-19 12:44:24 Success.
2026-01-19 12:44:24 Latest version is 1.11.4
2026-01-19 12:44:24 App is up to date.
2026-01-19 13:44:12 Checking for update using Github
2026-01-19 13:44:13 Success.
2026-01-19 13:44:13 Latest version is 1.11.4
2026-01-19 13:44:13 App is up to date.
2026-01-19 14:56:00 Checking for update using Github
2026-01-19 14:56:06 Success.
2026-01-19 14:56:06 Latest version is 1.11.4
2026-01-19 14:56:06 App is up to date.
2026-01-19 15:56:00 Checking for update using Github
2026-01-19 15:56:02 Success.
2026-01-19 15:56:02 Latest version is 1.11.4
2026-01-19 15:56:02 App is up to date.
2026-01-19 16:56:00 Checking for update using Github
2026-01-19 16:56:21 Success.
2026-01-19 16:56:21 Latest version is 1.11.4
2026-01-19 16:56:21 App is up to date.
2026-01-19 17:05:59 Loading main app package /usr/lib/obsidian/obsidian.asar
2026-01-19 17:05:59 Checking for update using Github
2026-01-19 17:06:01 Success.
2026-01-19 17:06:01 Latest version is 1.11.4
2026-01-19 17:06:01 App is up to date.
2026-01-19 18:05:59 Checking for update using Github
2026-01-19 18:06:00 Success.
2026-01-19 18:06:00 Latest version is 1.11.4
2026-01-19 18:06:00 App is up to date.
2026-01-19 20:15:57 Checking for update using Github
2026-01-19 20:15:58 Success.
2026-01-19 20:15:58 Latest version is 1.11.4
2026-01-19 20:15:58 App is up to date.
2026-01-19 21:15:57 Checking for update using Github
2026-01-19 21:15:58 Success.
2026-01-19 21:15:58 Latest version is 1.11.4
2026-01-19 21:15:58 App is up to date.
2026-01-19 22:15:57 Checking for update using Github
2026-01-19 22:16:00 Success.
2026-01-19 22:16:00 Latest version is 1.11.4
2026-01-19 22:16:00 App is up to date.
2026-01-19 23:15:57 Checking for update using Github
2026-01-19 23:15:58 Success.
2026-01-19 23:15:58 Latest version is 1.11.4
2026-01-19 23:15:58 App is up to date.
2026-01-20 08:44:14 Loading main app package /usr/lib/obsidian/obsidian.asar
2026-01-20 08:44:15 Checking for update using Github
2026-01-20 08:44:15 Success.
2026-01-20 08:44:15 Latest version is 1.11.4
2026-01-20 08:44:15 App is up to date.
2026-01-20 09:44:14 Checking for update using Github
2026-01-20 09:44:15 Success.
2026-01-20 09:44:15 Latest version is 1.11.4
2026-01-20 09:44:15 App is up to date.
2026-01-20 10:44:14 Checking for update using Github
2026-01-20 10:44:15 Success.
2026-01-20 10:44:15 Latest version is 1.11.4
2026-01-20 10:44:15 App is up to date.
2026-01-20 11:44:15 Checking for update using Github
2026-01-20 11:44:15 Success.
2026-01-20 11:44:15 Latest version is 1.11.4
2026-01-20 11:44:15 App is up to date.
2026-01-20 13:20:51 Checking for update using Github
2026-01-20 13:20:57 Success.
2026-01-20 13:20:57 Latest version is 1.11.4
2026-01-20 13:20:57 App is up to date.
2026-01-20 14:20:52 Checking for update using Github
2026-01-20 14:20:52 Failed to check for update using Github (net::ERR_ADDRESS_UNREACHABLE)
2026-01-20 14:20:52 Checking for update using obsidian.md
2026-01-20 14:20:53 Failed to check for update using obsidian.md (Unexpected end of JSON input)
2026-01-20 15:12:02 Loading main app package /usr/lib/obsidian/obsidian.asar
2026-01-20 15:12:03 Checking for update using Github
2026-01-20 15:12:14 Success.
2026-01-20 15:12:14 Latest version is 1.11.4
2026-01-20 15:12:14 App is up to date.
2026-01-20 16:12:03 Checking for update using Github
2026-01-20 16:12:05 Success.
2026-01-20 16:12:05 Latest version is 1.11.4
2026-01-20 16:12:05 App is up to date.
2026-01-20 17:12:04 Checking for update using Github
2026-01-20 17:12:05 Success.
2026-01-20 17:12:05 Latest version is 1.11.4
2026-01-20 17:12:05 App is up to date.
2026-01-20 18:12:04 Checking for update using Github
2026-01-20 18:12:05 Success.
2026-01-20 18:12:05 Latest version is 1.11.4
2026-01-20 18:12:05 App is up to date.
2026-01-20 20:45:26 Loading main app package /usr/lib/obsidian/obsidian.asar
2026-01-20 20:45:27 Checking for update using Github
2026-01-20 20:45:27 Success.
2026-01-20 20:45:27 Latest version is 1.11.5
2026-01-20 20:45:27 Downloading update from https://github.com/obsidianmd/obsidian-releases/releases/download/v1.11.5/obsidian-1.11.5.asar.gz
2026-01-20 20:48:44 Verifying hash & signature. Size= 8771203
2026-01-20 20:48:44 Saving file
2026-01-20 20:48:45 Update complete.
2026-01-20 21:45:26 Checking for update using Github
2026-01-20 21:45:31 Success.
2026-01-20 21:45:31 Latest version is 1.11.5
2026-01-20 21:45:31 An update is already downloaded.
2026-01-21 12:58:10 Loading updated app package /home/credo/.config/obsidian/obsidian-1.11.5.asar
2026-01-21 12:58:11 Checking for update using Github
2026-01-21 12:58:16 Success.
2026-01-21 12:58:16 Latest version is 1.11.5
2026-01-21 12:58:16 App is up to date.
2026-01-21 13:58:10 Checking for update using Github
2026-01-21 13:58:11 Success.
2026-01-21 13:58:11 Latest version is 1.11.5
2026-01-21 13:58:11 App is up to date.
2026-01-21 14:58:11 Checking for update using Github
2026-01-21 14:58:14 Success.
2026-01-21 14:58:14 Latest version is 1.11.5
2026-01-21 14:58:14 App is up to date.
2026-01-21 18:20:41 Loading updated app package /home/credo/.config/obsidian/obsidian-1.11.5.asar
2026-01-21 18:20:41 Checking for update using Github
2026-01-21 18:20:42 Success.
2026-01-21 18:20:42 Latest version is 1.11.5
2026-01-21 18:20:42 App is up to date.
2026-01-21 20:27:26 Loading updated app package /home/credo/.config/obsidian/obsidian-1.11.5.asar
2026-01-21 20:27:26 Checking for update using Github
2026-01-21 20:36:20 Loading updated app package /home/credo/.config/obsidian/obsidian-1.11.5.asar
2026-01-21 20:36:20 Checking for update using Github
2026-01-21 21:23:48 Checking for update using Github
2026-01-21 21:23:49 Success.
2026-01-21 21:23:49 Latest version is 1.11.5
2026-01-21 21:23:49 App is up to date.
2026-01-21 22:23:48 Checking for update using Github
2026-01-21 22:23:49 Success.
2026-01-21 22:23:49 Latest version is 1.11.5
2026-01-21 22:23:49 App is up to date.
2026-01-21 22:54:09 Loading updated app package /home/credo/.config/obsidian/obsidian-1.11.5.asar
2026-01-21 22:54:09 Checking for update using Github
2026-01-21 22:54:09 Success.
2026-01-21 22:54:09 Latest version is 1.11.5
2026-01-21 22:54:09 App is up to date.
2026-01-22 09:00:48 Loading updated app package /home/credo/.config/obsidian/obsidian-1.11.5.asar
2026-01-22 09:00:49 Checking for update using Github
2026-01-22 09:00:49 Success.
2026-01-22 09:00:49 Latest version is 1.11.5
2026-01-22 09:00:49 App is up to date.
2026-01-22 10:00:48 Checking for update using Github
2026-01-22 10:00:49 Success.
2026-01-22 10:00:49 Latest version is 1.11.5
2026-01-22 10:00:49 App is up to date.
2026-01-22 11:00:49 Checking for update using Github
2026-01-22 11:00:49 Success.
2026-01-22 11:00:49 Latest version is 1.11.5
2026-01-22 11:00:49 App is up to date.
2026-01-22 14:20:45 Checking for update using Github
2026-01-22 14:21:06 Success.
2026-01-22 14:21:06 Latest version is 1.11.5
2026-01-22 14:21:06 App is up to date.
2026-01-22 15:27:17 Checking for update using Github
2026-01-22 15:27:17 Success.
2026-01-22 15:27:17 Latest version is 1.11.5
2026-01-22 15:27:17 App is up to date.
2026-01-22 16:27:17 Checking for update using Github
2026-01-22 16:27:18 Success.
2026-01-22 16:27:18 Latest version is 1.11.5
2026-01-22 16:27:18 App is up to date.
2026-01-22 17:27:17 Checking for update using Github
2026-01-22 17:28:00 Failed to check for update using Github (net::ERR_TIMED_OUT)
2026-01-22 17:28:00 Checking for update using obsidian.md
2026-01-22 17:28:01 Failed to check for update using obsidian.md (Unexpected end of JSON input)
2026-01-22 18:27:17 Checking for update using Github
2026-01-22 18:27:21 Success.
2026-01-22 18:27:21 Latest version is 1.11.5
2026-01-22 18:27:21 App is up to date.
2026-01-23 14:57:40 Loading updated app package /home/credo/.config/obsidian/obsidian-1.11.5.asar
2026-01-23 14:57:40 Checking for update using Github
2026-01-23 14:59:04 Success.
2026-01-23 14:59:04 Latest version is 1.11.5
2026-01-23 14:59:04 App is up to date.
2026-01-23 16:23:41 Checking for update using Github
2026-01-23 16:23:41 Failed to check for update using Github (net::ERR_NAME_NOT_RESOLVED)
2026-01-23 16:23:41 Checking for update using obsidian.md
2026-01-23 16:23:41 Failed to check for update using obsidian.md (net::ERR_NAME_NOT_RESOLVED)
2026-01-23 17:49:35 Checking for update using Github
2026-01-23 17:53:36 Failed to check for update using Github (net::ERR_TIMED_OUT)
2026-01-23 17:53:36 Checking for update using obsidian.md
2026-01-23 17:53:37 Failed to check for update using obsidian.md (net::ERR_DNS_NO_MATCHING_SUPPORTED_ALPN)
2026-01-23 18:49:37 Checking for update using Github
2026-01-23 18:49:38 Success.
2026-01-23 18:49:38 Latest version is 1.11.5
2026-01-23 18:49:38 App is up to date.
2026-01-23 21:30:40 Checking for update using Github
2026-01-23 21:30:41 Success.
2026-01-23 21:30:41 Latest version is 1.11.5
2026-01-23 21:30:41 App is up to date.
2026-01-23 22:30:40 Checking for update using Github
2026-01-23 22:30:41 Success.
2026-01-23 22:30:41 Latest version is 1.11.5
2026-01-23 22:30:41 App is up to date.
2026-01-23 23:30:40 Checking for update using Github
2026-01-23 23:30:42 Success.
2026-01-23 23:30:42 Latest version is 1.11.5
2026-01-23 23:30:42 App is up to date.
2026-01-24 07:40:25 Loading updated app package /home/credo/.config/obsidian/obsidian-1.11.5.asar
2026-01-24 07:40:25 Checking for update using Github
2026-01-24 07:40:26 Failed to check for update using Github (net::ERR_NAME_NOT_RESOLVED)
2026-01-24 07:40:26 Checking for update using obsidian.md
2026-01-24 07:40:26 Failed to check for update using obsidian.md (net::ERR_NAME_NOT_RESOLVED)
2026-01-24 08:40:25 Checking for update using Github
2026-01-24 08:40:26 Success.
2026-01-24 08:40:26 Latest version is 1.11.5
2026-01-24 08:40:26 App is up to date.
2026-01-24 10:21:01 Checking for update using Github
2026-01-24 10:23:24 Success.
2026-01-24 10:23:24 Latest version is 1.11.5
2026-01-24 10:23:24 App is up to date.
2026-01-24 11:21:02 Checking for update using Github
2026-01-24 11:21:06 Success.
2026-01-24 11:21:06 Latest version is 1.11.5
2026-01-24 11:21:06 App is up to date.
2026-01-25 11:57:01 Loading updated app package /home/credo/.config/obsidian/obsidian-1.11.5.asar
2026-01-25 11:57:02 Checking for update using Github
2026-01-25 11:57:02 Success.
2026-01-25 11:57:02 Latest version is 1.11.5
2026-01-25 11:57:02 App is up to date.
2026-01-25 12:57:01 Checking for update using Github
2026-01-25 12:57:01 Success.
2026-01-25 12:57:01 Latest version is 1.11.5
2026-01-25 12:57:01 App is up to date.
2026-01-25 15:02:30 Loading updated app package /home/credo/.config/obsidian/obsidian-1.11.5.asar
2026-01-25 15:02:30 Checking for update using Github
2026-01-25 15:02:36 Success.
2026-01-25 15:02:36 Latest version is 1.11.5
2026-01-25 15:02:36 App is up to date.
2026-01-25 16:02:30 Checking for update using Github
2026-01-25 16:02:30 Success.
2026-01-25 16:02:30 Latest version is 1.11.5
2026-01-25 16:02:30 App is up to date.
2026-01-25 17:02:30 Checking for update using Github
2026-01-25 17:02:30 Success.
2026-01-25 17:02:30 Latest version is 1.11.5
2026-01-25 17:02:30 App is up to date.
2026-01-25 18:02:30 Checking for update using Github
2026-01-25 18:02:30 Success.
2026-01-25 18:02:30 Latest version is 1.11.5
2026-01-25 18:02:30 App is up to date.
2026-01-25 19:02:30 Checking for update using Github
2026-01-25 19:02:30 Success.
2026-01-25 19:02:30 Latest version is 1.11.5
2026-01-25 19:02:30 App is up to date.
2026-01-25 20:02:30 Checking for update using Github
2026-01-25 20:02:32 Success.
2026-01-25 20:02:32 Latest version is 1.11.5
2026-01-25 20:02:32 App is up to date.
2026-01-25 21:02:30 Checking for update using Github
2026-01-25 21:02:31 Success.
2026-01-25 21:02:31 Latest version is 1.11.5
2026-01-25 21:02:31 App is up to date.
2026-01-25 23:06:32 Checking for update using Github
2026-01-25 23:06:32 Success.
2026-01-25 23:06:32 Latest version is 1.11.5
2026-01-25 23:06:32 App is up to date.
2026-01-26 10:28:39 Loading updated app package /home/credo/.config/obsidian/obsidian-1.11.5.asar
2026-01-26 10:28:40 Checking for update using Github
2026-01-26 10:28:40 Failed to check for update using Github (net::ERR_NAME_NOT_RESOLVED)
2026-01-26 10:28:40 Checking for update using obsidian.md
2026-01-26 10:28:40 Failed to check for update using obsidian.md (net::ERR_NAME_NOT_RESOLVED)
2026-01-26 12:44:33 Loading updated app package /home/credo/.config/obsidian/obsidian-1.11.5.asar
2026-01-26 12:44:34 Checking for update using Github
2026-01-26 12:44:35 Failed to check for update using Github (net::ERR_NAME_NOT_RESOLVED)
2026-01-26 12:44:35 Checking for update using obsidian.md
2026-01-26 12:44:35 Failed to check for update using obsidian.md (net::ERR_NAME_NOT_RESOLVED)
2026-01-26 13:44:33 Checking for update using Github
2026-01-26 13:44:34 Success.
2026-01-26 13:44:34 Latest version is 1.11.5
2026-01-26 13:44:34 App is up to date.
2026-01-26 14:44:34 Checking for update using Github
2026-01-26 14:44:36 Failed to check for update using Github (net::ERR_NAME_NOT_RESOLVED)
2026-01-26 14:44:36 Checking for update using obsidian.md
2026-01-26 14:44:37 Failed to check for update using obsidian.md (net::ERR_NAME_NOT_RESOLVED)
2026-01-26 15:44:34 Checking for update using Github
2026-01-26 15:44:34 Failed to check for update using Github (net::ERR_NAME_NOT_RESOLVED)
2026-01-26 15:44:34 Checking for update using obsidian.md
2026-01-26 15:44:34 Failed to check for update using obsidian.md (net::ERR_NAME_NOT_RESOLVED)
2026-01-26 15:44:47 Loading updated app package /home/credo/.config/obsidian/obsidian-1.11.5.asar
2026-01-26 15:44:47 Checking for update using Github
2026-01-26 16:44:34 Checking for update using Github
2026-01-26 16:44:34 Failed to check for update using Github (net::ERR_NAME_NOT_RESOLVED)
2026-01-26 16:44:34 Checking for update using obsidian.md
2026-01-26 16:44:34 Failed to check for update using obsidian.md (net::ERR_NAME_NOT_RESOLVED)
2026-01-26 18:02:03 Checking for update using Github
2026-01-26 18:02:04 Success.
2026-01-26 18:02:04 Latest version is 1.11.5
2026-01-26 18:02:04 App is up to date.
2026-01-26 21:05:11 Checking for update using Github
2026-01-26 21:05:11 Success.
2026-01-26 21:05:11 Latest version is 1.11.5
2026-01-26 21:05:11 App is up to date.
2026-01-26 22:05:11 Checking for update using Github
2026-01-26 22:05:11 Success.
2026-01-26 22:05:11 Latest version is 1.11.5
2026-01-26 22:05:11 App is up to date.
2026-01-26 23:05:11 Checking for update using Github
2026-01-26 23:05:11 Success.
2026-01-26 23:05:11 Latest version is 1.11.5
2026-01-26 23:05:11 App is up to date.
2026-01-27 12:26:31 Loading updated app package /home/credo/.config/obsidian/obsidian-1.11.5.asar
2026-01-27 12:26:32 Checking for update using Github
2026-01-27 12:30:32 Failed to check for update using Github (net::ERR_TIMED_OUT)
2026-01-27 12:30:32 Checking for update using obsidian.md
2026-01-27 12:30:32 Failed to check for update using obsidian.md (net::ERR_TIMED_OUT)
2026-01-27 13:26:34 Checking for update using Github
2026-01-27 13:26:35 Success.
2026-01-27 13:26:35 Latest version is 1.11.5
2026-01-27 13:26:35 App is up to date.
2026-01-27 15:12:31 Loading updated app package /home/credo/.config/obsidian/obsidian-1.11.5.asar
2026-01-27 15:12:31 Checking for update using Github
2026-01-27 15:12:32 Success.
2026-01-27 15:12:32 Latest version is 1.11.5
2026-01-27 15:12:32 App is up to date.
2026-01-27 16:12:31 Checking for update using Github
2026-01-27 16:12:32 Success.
2026-01-27 16:12:32 Latest version is 1.11.5
2026-01-27 16:12:32 App is up to date.
2026-01-27 17:12:31 Checking for update using Github
2026-01-27 17:12:31 Failed to check for update using Github (net::ERR_NAME_NOT_RESOLVED)
2026-01-27 17:12:31 Checking for update using obsidian.md
2026-01-27 17:12:31 Failed to check for update using obsidian.md (net::ERR_NAME_NOT_RESOLVED)
2026-01-27 18:12:31 Checking for update using Github
2026-01-27 18:12:31 Failed to check for update using Github (net::ERR_NAME_NOT_RESOLVED)
2026-01-27 18:12:31 Checking for update using obsidian.md
2026-01-27 18:12:31 Failed to check for update using obsidian.md (net::ERR_NAME_NOT_RESOLVED)
2026-01-27 19:44:44 Checking for update using Github
2026-01-27 19:44:44 Failed to check for update using Github (net::ERR_NAME_NOT_RESOLVED)
2026-01-27 19:44:44 Checking for update using obsidian.md
2026-01-27 19:44:44 Failed to check for update using obsidian.md (net::ERR_NAME_NOT_RESOLVED)
2026-01-27 22:26:35 Checking for update using Github
2026-01-27 22:26:35 Success.
2026-01-27 22:26:35 Latest version is 1.11.5
2026-01-27 22:26:35 App is up to date.
2026-01-28 13:45:00 Loading updated app package /home/credo/.config/obsidian/obsidian-1.11.5.asar
2026-01-28 13:45:01 Checking for update using Github
2026-01-28 13:45:02 Success.
2026-01-28 13:45:02 Latest version is 1.11.5
2026-01-28 13:45:02 App is up to date.
2026-01-28 13:45:10 Loading updated app package /home/credo/.config/obsidian/obsidian-1.11.5.asar
2026-01-28 13:45:10 Checking for update using Github
2026-01-28 14:56:32 Checking for update using Github
2026-01-28 14:56:34 Success.
2026-01-28 14:56:34 Latest version is 1.11.5
2026-01-28 14:56:34 App is up to date.
2026-01-28 15:56:33 Checking for update using Github
2026-01-28 15:56:36 Success.
2026-01-28 15:56:36 Latest version is 1.11.5
2026-01-28 15:56:36 App is up to date.
2026-01-28 18:24:07 Checking for update using Github
2026-01-28 18:24:08 Success.
2026-01-28 18:24:08 Latest version is 1.11.5
2026-01-28 18:24:08 App is up to date.
2026-01-28 23:01:46 Checking for update using Github
2026-01-28 23:01:46 Success.
2026-01-28 23:01:46 Latest version is 1.11.5
2026-01-28 23:01:46 App is up to date.
2026-01-29 08:38:27 Loading updated app package /home/credo/.config/obsidian/obsidian-1.11.5.asar
2026-01-29 08:38:28 Checking for update using Github
2026-01-29 08:38:28 Success.
2026-01-29 08:38:28 Latest version is 1.11.5
2026-01-29 08:38:28 App is up to date.
2026-01-29 09:38:27 Checking for update using Github
2026-01-29 09:38:27 Success.
2026-01-29 09:38:27 Latest version is 1.11.5
2026-01-29 09:38:27 App is up to date.
2026-01-29 10:38:27 Checking for update using Github
2026-01-29 10:38:28 Success.
2026-01-29 10:38:28 Latest version is 1.11.5
2026-01-29 10:38:28 App is up to date.
2026-01-29 11:38:27 Checking for update using Github
2026-01-29 11:38:32 Success.
2026-01-29 11:38:32 Latest version is 1.11.5
2026-01-29 11:38:32 App is up to date.
2026-01-29 15:30:12 Checking for update using Github
2026-01-29 15:30:14 Success.
2026-01-29 15:30:14 Latest version is 1.11.5
2026-01-29 15:30:14 App is up to date.
2026-01-30 15:20:29 Loading updated app package /home/credo/.config/obsidian/obsidian-1.11.5.asar
2026-01-30 15:20:30 Checking for update using Github
2026-01-30 15:20:31 Success.
2026-01-30 15:20:31 Latest version is 1.11.5
2026-01-30 15:20:31 App is up to date.
2026-01-30 15:20:49 Loading updated app package /home/credo/.config/obsidian/obsidian-1.11.5.asar
2026-01-30 15:20:49 Checking for update using Github
2026-01-30 16:20:31 Checking for update using Github
2026-01-30 16:20:32 Success.
2026-01-30 16:20:32 Latest version is 1.11.5
2026-01-30 16:20:32 App is up to date.
2026-01-30 17:20:31 Checking for update using Github
2026-01-30 17:20:33 Success.
2026-01-30 17:20:33 Latest version is 1.11.5
2026-01-30 17:20:33 App is up to date.
2026-01-30 18:20:31 Checking for update using Github
2026-01-30 18:21:04 Success.
2026-01-30 18:21:04 Latest version is 1.11.5
2026-01-30 18:21:04 App is up to date.
2026-01-30 23:20:44 Loading updated app package /home/credo/.config/obsidian/obsidian-1.11.5.asar
2026-01-30 23:20:45 Checking for update using Github
2026-01-30 23:20:45 Success.
2026-01-30 23:20:45 Latest version is 1.11.5
2026-01-30 23:20:45 App is up to date.
2026-01-30 23:20:54 Loading updated app package /home/credo/.config/obsidian/obsidian-1.11.5.asar
2026-01-30 23:20:54 Checking for update using Github
2026-01-31 00:20:45 Checking for update using Github
2026-01-31 00:20:49 Success.
2026-01-31 00:20:49 Latest version is 1.11.5
2026-01-31 00:20:49 App is up to date.
2026-01-31 01:20:45 Checking for update using Github
2026-01-31 01:20:45 Success.
2026-01-31 01:20:45 Latest version is 1.11.5
2026-01-31 01:20:45 App is up to date.
2026-01-31 02:20:45 Checking for update using Github
2026-01-31 02:20:45 Success.
2026-01-31 02:20:45 Latest version is 1.11.5
2026-01-31 02:20:45 App is up to date.
2026-01-31 08:22:46 Checking for update using Github
2026-01-31 08:26:46 Failed to check for update using Github (net::ERR_TIMED_OUT)
2026-01-31 08:26:46 Checking for update using obsidian.md
2026-01-31 08:26:47 Failed to check for update using obsidian.md (Unexpected end of JSON input)
2026-01-31 09:22:46 Checking for update using Github
2026-01-31 09:22:47 Success.
2026-01-31 09:22:47 Latest version is 1.11.5
2026-01-31 09:22:47 App is up to date.
2026-01-31 10:22:46 Checking for update using Github
2026-01-31 10:22:47 Success.
2026-01-31 10:22:47 Latest version is 1.11.5
2026-01-31 10:22:47 App is up to date.
2026-01-31 11:22:46 Checking for update using Github
2026-01-31 11:22:47 Success.
2026-01-31 11:22:47 Latest version is 1.11.5
2026-01-31 11:22:47 App is up to date.
2026-02-01 01:01:19 Checking for update using Github
2026-02-01 01:01:19 Success.
2026-02-01 01:01:19 Latest version is 1.11.5
2026-02-01 01:01:19 App is up to date.
2026-02-01 14:42:03 Loading main app package /usr/lib/obsidian/obsidian.asar
2026-02-01 14:42:04 Checking for update using Github
2026-02-01 14:42:04 Success.
2026-02-01 14:42:04 Latest version is 1.11.5
2026-02-01 14:42:04 App is up to date.
2026-02-01 16:37:07 Checking for update using Github
2026-02-01 16:37:07 Success.
2026-02-01 16:37:07 Latest version is 1.11.5
2026-02-01 16:37:07 App is up to date.
2026-02-01 18:03:30 Checking for update using Github
2026-02-01 18:03:36 Success.
2026-02-01 18:03:36 Latest version is 1.11.5
2026-02-01 18:03:36 App is up to date.
2026-02-01 19:03:31 Checking for update using Github
2026-02-01 19:03:31 Success.
2026-02-01 19:03:31 Latest version is 1.11.5
2026-02-01 19:03:31 App is up to date.
2026-02-01 20:03:31 Checking for update using Github
2026-02-01 20:03:31 Success.
2026-02-01 20:03:31 Latest version is 1.11.5
2026-02-01 20:03:31 App is up to date.
2026-02-01 20:47:34 Loading main app package /usr/lib/obsidian/obsidian.asar
2026-02-01 20:47:35 Checking for update using Github
2026-02-01 20:47:35 Success.
2026-02-01 20:47:35 Latest version is 1.11.5
2026-02-01 20:47:35 App is up to date.
2026-02-01 22:26:04 Checking for update using Github
2026-02-01 22:26:05 Success.
2026-02-01 22:26:05 Latest version is 1.11.5
2026-02-01 22:26:05 App is up to date.
2026-02-02 12:35:06 Loading main app package /usr/lib/obsidian/obsidian.asar
2026-02-02 12:35:07 Checking for update using Github
2026-02-02 12:35:07 Failed to check for update using Github (net::ERR_NAME_NOT_RESOLVED)
2026-02-02 12:35:07 Checking for update using obsidian.md
2026-02-02 12:35:07 Failed to check for update using obsidian.md (net::ERR_NAME_NOT_RESOLVED)
2026-02-02 13:35:07 Checking for update using Github
2026-02-02 13:35:08 Success.
2026-02-02 13:35:08 Latest version is 1.11.5
2026-02-02 13:35:08 App is up to date.
2026-02-02 14:35:07 Checking for update using Github
2026-02-02 14:35:08 Success.
2026-02-02 14:35:08 Latest version is 1.11.5
2026-02-02 14:35:08 App is up to date.
2026-02-02 15:35:07 Checking for update using Github
2026-02-02 15:35:08 Success.
2026-02-02 15:35:08 Latest version is 1.11.5
2026-02-02 15:35:08 App is up to date.
2026-02-02 16:35:07 Checking for update using Github
2026-02-02 16:39:22 Failed to check for update using Github (net::ERR_TIMED_OUT)
2026-02-02 16:39:22 Checking for update using obsidian.md
2026-02-02 16:43:50 Failed to check for update using obsidian.md (net::ERR_TIMED_OUT)
2026-02-02 17:35:07 Checking for update using Github
2026-02-02 17:35:08 Success.
2026-02-02 17:35:08 Latest version is 1.11.5
2026-02-02 17:35:08 App is up to date.
2026-02-02 18:35:07 Checking for update using Github
2026-02-02 18:35:08 Success.
2026-02-02 18:35:08 Latest version is 1.11.5
2026-02-02 18:35:08 App is up to date.
2026-02-02 20:58:48 Checking for update using Github
2026-02-02 20:58:54 Success.
2026-02-02 20:58:54 Latest version is 1.11.5
2026-02-02 20:58:54 App is up to date.
2026-02-03 12:44:02 Loading main app package /usr/lib/obsidian/obsidian.asar
2026-02-03 12:44:03 Checking for update using Github
2026-02-03 12:44:11 Success.
2026-02-03 12:44:11 Latest version is 1.11.5
2026-02-03 12:44:11 App is up to date.
2026-02-03 13:44:02 Checking for update using Github
2026-02-03 13:44:10 Success.
2026-02-03 13:44:10 Latest version is 1.11.5
2026-02-03 13:44:10 App is up to date.
2026-02-03 14:44:02 Checking for update using Github
2026-02-03 14:44:03 Success.
2026-02-03 14:44:03 Latest version is 1.11.5
2026-02-03 14:44:03 App is up to date.
2026-02-03 15:03:03 Loading main app package /usr/lib/obsidian/obsidian.asar
2026-02-03 15:03:04 Checking for update using Github
2026-02-03 15:03:06 Success.
2026-02-03 15:03:06 Latest version is 1.11.5
2026-02-03 15:03:06 App is up to date.
2026-02-03 16:05:10 Checking for update using Github
2026-02-03 16:05:10 Success.
2026-02-03 16:05:10 Latest version is 1.11.5
2026-02-03 16:05:10 App is up to date.
2026-02-03 17:22:47 Checking for update using Github
2026-02-03 17:22:48 Success.
2026-02-03 17:22:48 Latest version is 1.11.5
2026-02-03 17:22:48 App is up to date.
2026-02-03 18:22:47 Checking for update using Github
2026-02-03 18:22:48 Success.
2026-02-03 18:22:48 Latest version is 1.11.5
2026-02-03 18:22:48 App is up to date.
2026-02-03 20:18:15 Checking for update using Github
2026-02-03 20:18:15 Success.
2026-02-03 20:18:15 Latest version is 1.11.5
2026-02-03 20:18:15 App is up to date.
2026-02-03 21:18:15 Checking for update using Github
2026-02-03 21:18:15 Success.
2026-02-03 21:18:15 Latest version is 1.11.5
2026-02-03 21:18:15 App is up to date.
2026-02-03 22:18:15 Checking for update using Github
2026-02-03 22:18:21 Success.
2026-02-03 22:18:21 Latest version is 1.11.5
2026-02-03 22:18:21 App is up to date.
2026-02-03 23:46:48 Loading main app package /usr/lib/obsidian/obsidian.asar
2026-02-03 23:46:48 Checking for update using Github
2026-02-03 23:46:49 Success.
2026-02-03 23:46:49 Latest version is 1.11.5
2026-02-03 23:46:49 App is up to date.
2026-02-04 00:46:48 Checking for update using Github
2026-02-04 00:46:48 Success.
2026-02-04 00:46:48 Latest version is 1.11.5
2026-02-04 00:46:48 App is up to date.
2026-02-04 10:49:53 Loading main app package /usr/lib/obsidian/obsidian.asar
2026-02-04 10:49:53 Checking for update using Github
2026-02-04 10:49:54 Success.
2026-02-04 10:49:54 Latest version is 1.11.5
2026-02-04 10:49:54 App is up to date.
2026-02-04 11:49:53 Checking for update using Github
2026-02-04 11:49:53 Success.
2026-02-04 11:49:53 Latest version is 1.11.5
2026-02-04 11:49:53 App is up to date.
2026-02-04 13:02:07 Checking for update using Github
2026-02-04 13:02:07 Success.
2026-02-04 13:02:07 Latest version is 1.11.5
2026-02-04 13:02:07 App is up to date.
2026-02-04 14:02:08 Checking for update using Github
2026-02-04 14:02:08 Success.
2026-02-04 14:02:08 Latest version is 1.11.5
2026-02-04 14:02:08 App is up to date.
2026-02-04 15:02:08 Checking for update using Github
2026-02-04 15:04:31 Failed to check for update using Github (net::ERR_ADDRESS_UNREACHABLE)
2026-02-04 15:04:31 Checking for update using obsidian.md
2026-02-04 15:05:20 Failed to check for update using obsidian.md (net::ERR_NAME_NOT_RESOLVED)
2026-02-04 16:02:08 Checking for update using Github
2026-02-04 16:02:39 Success.
2026-02-04 16:02:39 Latest version is 1.11.5
2026-02-04 16:02:39 App is up to date.
2026-02-04 17:02:08 Checking for update using Github
2026-02-04 17:02:35 Success.
2026-02-04 17:02:35 Latest version is 1.11.5
2026-02-04 17:02:35 App is up to date.
2026-02-05 15:08:45 Loading main app package /usr/lib/obsidian/obsidian.asar
2026-02-05 15:08:46 Checking for update using Github
2026-02-05 15:08:51 Success.
2026-02-05 15:08:51 Latest version is 1.11.5
2026-02-05 15:08:51 App is up to date.
2026-02-05 16:08:45 Checking for update using Github
2026-02-05 16:08:46 Success.
2026-02-05 16:08:46 Latest version is 1.11.5
2026-02-05 16:08:46 App is up to date.
2026-02-05 17:08:45 Checking for update using Github
2026-02-05 17:08:46 Success.
2026-02-05 17:08:46 Latest version is 1.11.5
2026-02-05 17:08:46 App is up to date.
2026-02-06 10:13:28 Loading main app package /usr/lib/obsidian/obsidian.asar
2026-02-06 10:13:28 Checking for update using Github
2026-02-06 10:13:29 Success.
2026-02-06 10:13:29 Latest version is 1.11.7
2026-02-06 10:13:29 Downloading update from https://github.com/obsidianmd/obsidian-releases/releases/download/v1.11.7/obsidian-1.11.7.asar.gz
2026-02-06 10:13:38 Verifying hash & signature. Size= 8773752
2026-02-06 10:13:38 Saving file
2026-02-06 10:13:39 Update complete.
2026-02-06 11:13:28 Checking for update using Github
2026-02-06 11:13:28 Success.
2026-02-06 11:13:28 Latest version is 1.11.7
2026-02-06 11:13:28 An update is already downloaded.
2026-02-06 14:54:51 Checking for update using Github
2026-02-06 14:54:53 Success.
2026-02-06 14:54:53 Latest version is 1.11.7
2026-02-06 14:54:53 An update is already downloaded.
2026-02-06 17:09:48 Checking for update using Github
2026-02-06 17:09:49 Success.
2026-02-06 17:09:49 Latest version is 1.11.7
2026-02-06 17:09:49 An update is already downloaded.
2026-02-06 18:09:48 Checking for update using Github
2026-02-06 18:09:50 Success.
2026-02-06 18:09:50 Latest version is 1.11.7
2026-02-06 18:09:50 An update is already downloaded.
2026-02-06 22:09:13 Checking for update using Github
2026-02-06 22:09:13 Success.
2026-02-06 22:09:13 Latest version is 1.11.7
2026-02-06 22:09:13 An update is already downloaded.
2026-02-07 07:45:35 Loading updated app package /home/credo/.config/obsidian/obsidian-1.11.7.asar
2026-02-07 07:45:36 Checking for update using Github
2026-02-07 07:45:39 Success.
2026-02-07 07:45:39 Latest version is 1.11.7
2026-02-07 07:45:39 App is up to date.
2026-02-07 08:45:37 Checking for update using Github
2026-02-07 08:45:39 Success.
2026-02-07 08:45:39 Latest version is 1.11.7
2026-02-07 08:45:39 App is up to date.
2026-02-07 09:52:04 Checking for update using Github
2026-02-07 09:52:11 Success.
2026-02-07 09:52:11 Latest version is 1.11.7
2026-02-07 09:52:11 App is up to date.
2026-02-07 10:52:05 Checking for update using Github
2026-02-07 10:52:08 Success.
2026-02-07 10:52:09 Latest version is 1.11.7
2026-02-07 10:52:09 App is up to date.
2026-02-07 11:52:06 Checking for update using Github
2026-02-07 11:52:08 Success.
2026-02-07 11:52:08 Latest version is 1.11.7
2026-02-07 11:52:08 App is up to date.
2026-02-07 21:32:37 Checking for update using Github
2026-02-07 21:32:37 Success.
2026-02-07 21:32:37 Latest version is 1.11.7
2026-02-07 21:32:37 App is up to date.
2026-02-07 22:32:37 Checking for update using Github
2026-02-07 22:32:37 Success.
2026-02-07 22:32:37 Latest version is 1.11.7
2026-02-07 22:32:37 App is up to date.
2026-02-08 00:08:20 Checking for update using Github
2026-02-08 00:08:20 Success.
2026-02-08 00:08:20 Latest version is 1.11.7
2026-02-08 00:08:20 App is up to date.
2026-02-08 14:15:03 Checking for update using Github
2026-02-08 14:15:03 Success.
2026-02-08 14:15:03 Latest version is 1.11.7
2026-02-08 14:15:03 App is up to date.
2026-02-08 16:19:34 Checking for update using Github
2026-02-08 16:19:34 Success.
2026-02-08 16:19:34 Latest version is 1.11.7
2026-02-08 16:19:34 App is up to date.
2026-02-08 17:19:34 Checking for update using Github
2026-02-08 17:19:34 Success.
2026-02-08 17:19:34 Latest version is 1.11.7
2026-02-08 17:19:34 App is up to date.
2026-02-08 19:19:08 Checking for update using Github
2026-02-08 19:19:08 Success.
2026-02-08 19:19:08 Latest version is 1.11.7
2026-02-08 19:19:08 App is up to date.
2026-02-08 21:10:37 Checking for update using Github
2026-02-08 21:10:37 Success.
2026-02-08 21:10:37 Latest version is 1.11.7
2026-02-08 21:10:37 App is up to date.
2026-02-09 00:21:34 Checking for update using Github
2026-02-09 00:21:34 Success.
2026-02-09 00:21:34 Latest version is 1.11.7
2026-02-09 00:21:34 App is up to date.
2026-02-09 07:51:54 Loading updated app package /home/credo/.config/obsidian/obsidian-1.11.7.asar
2026-02-09 07:51:54 Checking for update using Github
2026-02-09 07:51:55 Success.
2026-02-09 07:51:55 Latest version is 1.11.7
2026-02-09 07:51:55 App is up to date.
2026-02-09 08:51:54 Checking for update using Github
2026-02-09 08:51:54 Success.
2026-02-09 08:51:54 Latest version is 1.11.7
2026-02-09 08:51:54 App is up to date.
2026-02-09 09:51:54 Checking for update using Github
2026-02-09 09:51:54 Success.
2026-02-09 09:51:54 Latest version is 1.11.7
2026-02-09 09:51:54 App is up to date.
2026-02-09 10:51:54 Checking for update using Github
2026-02-09 10:51:54 Success.
2026-02-09 10:51:54 Latest version is 1.11.7
2026-02-09 10:51:54 App is up to date.
2026-02-09 17:13:01 Checking for update using Github
2026-02-09 17:13:06 Success.
2026-02-09 17:13:06 Latest version is 1.11.7
2026-02-09 17:13:06 App is up to date.
2026-02-09 18:13:02 Checking for update using Github
2026-02-09 18:13:03 Success.
2026-02-09 18:13:03 Latest version is 1.11.7
2026-02-09 18:13:03 App is up to date.
2026-02-09 21:53:47 Loading updated app package /home/credo/.config/obsidian/obsidian-1.11.7.asar
2026-02-09 21:53:47 Checking for update using Github
2026-02-09 21:53:47 Success.
2026-02-09 21:53:47 Latest version is 1.11.7
2026-02-09 21:53:47 App is up to date.
2026-02-09 22:53:47 Checking for update using Github
2026-02-09 22:53:47 Success.
2026-02-09 22:53:47 Latest version is 1.11.7
2026-02-09 22:53:47 App is up to date.
2026-02-09 23:53:47 Checking for update using Github
2026-02-09 23:53:47 Success.
2026-02-09 23:53:47 Latest version is 1.11.7
2026-02-09 23:53:47 App is up to date.
2026-02-10 12:08:09 Loading updated app package /home/credo/.config/obsidian/obsidian-1.11.7.asar
2026-02-10 12:08:10 Checking for update using Github
2026-02-10 12:08:11 Failed to check for update using Github (net::ERR_NAME_NOT_RESOLVED)
2026-02-10 12:08:11 Checking for update using obsidian.md
2026-02-10 12:08:11 Failed to check for update using obsidian.md (net::ERR_NAME_NOT_RESOLVED)
2026-02-10 13:11:06 Checking for update using Github
2026-02-10 13:11:09 Success.
2026-02-10 13:11:09 Latest version is 1.11.7
2026-02-10 13:11:09 App is up to date.
2026-02-10 14:11:06 Checking for update using Github
2026-02-10 14:11:13 Success.
2026-02-10 14:11:13 Latest version is 1.11.7
2026-02-10 14:11:13 App is up to date.
2026-02-10 16:43:56 Loading updated app package /home/credo/.config/obsidian/obsidian-1.11.7.asar
2026-02-10 16:43:57 Checking for update using Github
2026-02-10 16:44:00 Success.
2026-02-10 16:44:00 Latest version is 1.11.7
2026-02-10 16:44:00 App is up to date.
2026-02-10 17:32:44 Loading updated app package /home/credo/.config/obsidian/obsidian-1.11.7.asar
2026-02-10 17:32:44 Checking for update using Github
2026-02-10 17:43:57 Checking for update using Github
2026-02-10 17:43:58 Success.
2026-02-10 17:43:58 Latest version is 1.11.7
2026-02-10 17:43:58 App is up to date.
2026-02-10 18:43:57 Checking for update using Github
2026-02-10 18:43:58 Success.
2026-02-10 18:43:58 Latest version is 1.11.7
2026-02-10 18:43:58 App is up to date.
2026-02-10 20:41:52 Checking for update using Github
2026-02-10 20:41:57 Success.
2026-02-10 20:41:57 Latest version is 1.11.7
2026-02-10 20:41:57 App is up to date.
2026-02-10 21:55:22 Checking for update using Github
2026-02-10 21:55:23 Success.
2026-02-10 21:55:23 Latest version is 1.11.7
2026-02-10 21:55:23 App is up to date.
2026-02-10 22:55:23 Checking for update using Github
2026-02-10 22:55:23 Success.
2026-02-10 22:55:23 Latest version is 1.11.7
2026-02-10 22:55:23 App is up to date.
2026-02-10 23:22:17 Loading updated app package /home/credo/.config/obsidian/obsidian-1.11.7.asar
2026-02-10 23:22:18 Checking for update using Github
2026-02-10 23:22:18 Success.
2026-02-10 23:22:18 Latest version is 1.11.7
2026-02-10 23:22:18 App is up to date.
2026-02-11 10:21:36 Loading updated app package /home/credo/.config/obsidian/obsidian-1.11.7.asar
2026-02-11 10:21:37 Checking for update using Github
2026-02-11 10:21:40 Success.
2026-02-11 10:21:40 Latest version is 1.11.7
2026-02-11 10:21:40 App is up to date.
2026-02-11 11:21:37 Checking for update using Github
2026-02-11 11:21:39 Success.
2026-02-11 11:21:39 Latest version is 1.11.7
2026-02-11 11:21:39 App is up to date.
2026-02-11 12:23:39 Checking for update using Github
2026-02-11 12:23:55 Success.
2026-02-11 12:23:55 Latest version is 1.11.7
2026-02-11 12:23:55 App is up to date.
2026-02-11 13:23:39 Checking for update using Github
2026-02-11 13:24:51 Success.
2026-02-11 13:24:51 Latest version is 1.11.7
2026-02-11 13:24:51 App is up to date.
2026-02-11 14:23:39 Checking for update using Github
2026-02-11 14:23:52 Success.
2026-02-11 14:23:52 Latest version is 1.11.7
2026-02-11 14:23:52 App is up to date.
2026-02-11 16:44:23 Checking for update using Github
2026-02-11 16:44:26 Success.
2026-02-11 16:44:26 Latest version is 1.11.7
2026-02-11 16:44:26 App is up to date.
2026-02-11 17:44:23 Checking for update using Github
2026-02-11 17:44:25 Success.
2026-02-11 17:44:25 Latest version is 1.11.7
2026-02-11 17:44:25 App is up to date.
2026-02-11 18:44:23 Checking for update using Github
2026-02-11 18:44:25 Success.
2026-02-11 18:44:25 Latest version is 1.11.7
2026-02-11 18:44:25 App is up to date.
2026-02-11 21:57:32 Checking for update using Github
2026-02-11 21:57:32 Success.
2026-02-11 21:57:32 Latest version is 1.11.7
2026-02-11 21:57:32 App is up to date.
2026-02-11 22:57:32 Checking for update using Github
2026-02-11 22:57:32 Success.
2026-02-11 22:57:32 Latest version is 1.11.7
2026-02-11 22:57:32 App is up to date.
2026-02-12 07:26:41 Loading updated app package /home/credo/.config/obsidian/obsidian-1.11.7.asar
2026-02-12 07:26:41 Checking for update using Github
2026-02-12 07:26:42 Success.
2026-02-12 07:26:42 Latest version is 1.11.7
2026-02-12 07:26:42 App is up to date.
2026-02-12 08:41:12 Checking for update using Github
2026-02-12 08:41:12 Success.
2026-02-12 08:41:12 Latest version is 1.11.7
2026-02-12 08:41:12 App is up to date.
2026-02-12 09:41:12 Checking for update using Github
2026-02-12 09:41:12 Success.
2026-02-12 09:41:12 Latest version is 1.11.7
2026-02-12 09:41:12 App is up to date.
2026-02-12 10:41:12 Checking for update using Github
2026-02-12 10:41:14 Success.
2026-02-12 10:41:14 Latest version is 1.11.7
2026-02-12 10:41:14 App is up to date.
2026-02-12 11:42:23 Checking for update using Github
2026-02-12 11:42:23 Success.
2026-02-12 11:42:23 Latest version is 1.11.7
2026-02-12 11:42:23 App is up to date.
2026-02-12 13:19:38 Checking for update using Github
2026-02-12 13:19:45 Success.
2026-02-12 13:19:45 Latest version is 1.11.7
2026-02-12 13:19:45 App is up to date.
2026-02-12 14:19:39 Checking for update using Github
2026-02-12 14:19:40 Success.
2026-02-12 14:19:40 Latest version is 1.11.7
2026-02-12 14:19:40 App is up to date.
2026-02-12 15:19:39 Checking for update using Github
2026-02-12 15:19:41 Success.
2026-02-12 15:19:41 Latest version is 1.11.7
2026-02-12 15:19:41 App is up to date.
2026-02-12 16:19:39 Checking for update using Github
2026-02-12 16:19:41 Success.
2026-02-12 16:19:41 Latest version is 1.11.7
2026-02-12 16:19:41 App is up to date.
2026-02-12 17:26:41 Checking for update using Github
2026-02-12 17:26:48 Success.
2026-02-12 17:26:48 Latest version is 1.11.7
2026-02-12 17:26:48 App is up to date.
2026-02-12 18:26:41 Checking for update using Github
2026-02-12 18:26:42 Success.
2026-02-12 18:26:42 Latest version is 1.11.7
2026-02-12 18:26:42 App is up to date.
2026-02-12 21:05:58 Checking for update using Github
2026-02-12 21:05:58 Success.
2026-02-12 21:05:58 Latest version is 1.11.7
2026-02-12 21:05:58 App is up to date.
2026-02-13 12:53:43 Loading updated app package /home/credo/.config/obsidian/obsidian-1.11.7.asar
2026-02-13 12:53:44 Checking for update using Github
2026-02-13 12:57:44 Failed to check for update using Github (net::ERR_TIMED_OUT)
2026-02-13 12:57:44 Checking for update using obsidian.md
2026-02-13 12:57:45 Failed to check for update using obsidian.md (net::ERR_DNS_NO_MATCHING_SUPPORTED_ALPN)
2026-02-13 13:53:46 Checking for update using Github
2026-02-13 13:54:04 Success.
2026-02-13 13:54:04 Latest version is 1.11.7
2026-02-13 13:54:04 App is up to date.
2026-02-13 17:05:49 Checking for update using Github
2026-02-13 17:05:56 Success.
2026-02-13 17:05:56 Latest version is 1.11.7
2026-02-13 17:05:56 App is up to date.
2026-02-13 17:34:18 Loading updated app package /home/credo/.config/obsidian/obsidian-1.11.7.asar
2026-02-13 17:34:18 Checking for update using Github
2026-02-13 17:34:25 Success.
2026-02-13 17:34:25 Latest version is 1.11.7
2026-02-13 17:34:25 App is up to date.
2026-02-13 18:34:18 Checking for update using Github
2026-02-13 18:34:19 Success.
2026-02-13 18:34:19 Latest version is 1.11.7
2026-02-13 18:34:19 App is up to date.
2026-02-14 08:02:10 Loading updated app package /home/credo/.config/obsidian/obsidian-1.11.7.asar
2026-02-14 08:02:11 Checking for update using Github
2026-02-14 08:02:12 Success.
2026-02-14 08:02:12 Latest version is 1.11.7
2026-02-14 08:02:12 App is up to date.
2026-02-14 09:02:11 Checking for update using Github
2026-02-14 09:02:14 Success.
2026-02-14 09:02:14 Latest version is 1.11.7
2026-02-14 09:02:14 App is up to date.
2026-02-14 21:08:16 Checking for update using Github
2026-02-14 21:08:16 Success.
2026-02-14 21:08:16 Latest version is 1.11.7
2026-02-14 21:08:16 App is up to date.
2026-02-14 22:08:16 Checking for update using Github
2026-02-14 22:08:20 Success.
2026-02-14 22:08:20 Latest version is 1.11.7
2026-02-14 22:08:20 App is up to date.
2026-02-15 16:47:55 Loading updated app package /home/credo/.config/obsidian/obsidian-1.11.7.asar
2026-02-15 16:47:55 Checking for update using Github
2026-02-15 16:47:56 Success.
2026-02-15 16:47:56 Latest version is 1.11.7
2026-02-15 16:47:56 App is up to date.
2026-02-15 17:47:55 Checking for update using Github
2026-02-15 17:48:00 Success.
2026-02-15 17:48:00 Latest version is 1.11.7
2026-02-15 17:48:00 App is up to date.
2026-02-15 18:47:55 Checking for update using Github
2026-02-15 18:47:55 Success.
2026-02-15 18:47:55 Latest version is 1.11.7
2026-02-15 18:47:55 App is up to date.
2026-02-16 10:22:30 Loading updated app package /home/credo/.config/obsidian/obsidian-1.11.7.asar
2026-02-16 10:22:31 Checking for update using Github
2026-02-16 10:22:31 Success.
2026-02-16 10:22:31 Latest version is 1.11.7
2026-02-16 10:22:31 App is up to date.
2026-02-16 15:27:00 Loading updated app package /home/credo/.config/obsidian/obsidian-1.11.7.asar
2026-02-16 15:27:01 Checking for update using Github
2026-02-16 15:27:02 Success.
2026-02-16 15:27:02 Latest version is 1.11.7
2026-02-16 15:27:02 App is up to date.
2026-02-16 16:27:00 Checking for update using Github
2026-02-16 16:27:07 Success.
2026-02-16 16:27:07 Latest version is 1.11.7
2026-02-16 16:27:07 App is up to date.
2026-02-16 17:43:16 Checking for update using Github
2026-02-16 17:43:17 Success.
2026-02-16 17:43:17 Latest version is 1.11.7
2026-02-16 17:43:17 App is up to date.
2026-02-16 18:43:16 Checking for update using Github
2026-02-16 18:43:17 Success.
2026-02-16 18:43:17 Latest version is 1.11.7
2026-02-16 18:43:17 App is up to date.
2026-02-16 20:49:24 Checking for update using Github
2026-02-16 20:49:24 Success.
2026-02-16 20:49:24 Latest version is 1.11.7
2026-02-16 20:49:24 App is up to date.
2026-02-16 22:34:22 Checking for update using Github
2026-02-16 22:34:22 Success.
2026-02-16 22:34:22 Latest version is 1.11.7
2026-02-16 22:34:22 App is up to date.
2026-02-16 23:34:22 Checking for update using Github
2026-02-16 23:34:22 Success.
2026-02-16 23:34:22 Latest version is 1.11.7
2026-02-16 23:34:22 App is up to date.
2026-02-17 13:30:42 Loading updated app package /home/credo/.config/obsidian/obsidian-1.11.7.asar
2026-02-17 13:30:43 Checking for update using Github
2026-02-17 13:30:44 Success.
2026-02-17 13:30:44 Latest version is 1.11.7
2026-02-17 13:30:44 App is up to date.
2026-02-17 16:40:56 Loading updated app package /home/credo/.config/obsidian/obsidian-1.11.7.asar
2026-02-17 16:40:56 Checking for update using Github
2026-02-17 16:41:10 Success.
2026-02-17 16:41:10 Latest version is 1.11.7
2026-02-17 16:41:10 App is up to date.
2026-02-17 17:40:57 Checking for update using Github
2026-02-17 17:41:05 Success.
2026-02-17 17:41:05 Latest version is 1.11.7
2026-02-17 17:41:05 App is up to date.
2026-02-17 17:55:37 Loading updated app package /home/credo/.config/obsidian/obsidian-1.11.7.asar
2026-02-17 17:55:38 Checking for update using Github
2026-02-17 17:55:40 Success.
2026-02-17 17:55:40 Latest version is 1.11.7
2026-02-17 17:55:40 App is up to date.
2026-02-17 18:03:51 Loading updated app package /home/credo/.config/obsidian/obsidian-1.11.7.asar
2026-02-17 18:03:52 Checking for update using Github
2026-02-17 18:04:01 Success.
2026-02-17 18:04:01 Latest version is 1.11.7
2026-02-17 18:04:01 App is up to date.
2026-02-17 20:02:42 Checking for update using Github
2026-02-17 20:02:43 Success.
2026-02-17 20:02:43 Latest version is 1.11.7
2026-02-17 20:02:43 App is up to date.
2026-02-17 21:35:19 Checking for update using Github
2026-02-17 21:35:19 Success.
2026-02-17 21:35:19 Latest version is 1.11.7
2026-02-17 21:35:19 App is up to date.
2026-02-17 22:37:31 Checking for update using Github
2026-02-17 22:37:31 Success.
2026-02-17 22:37:31 Latest version is 1.11.7
2026-02-17 22:37:31 App is up to date.
2026-02-18 12:38:32 Loading updated app package /home/credo/.config/obsidian/obsidian-1.11.7.asar
2026-02-18 12:38:33 Checking for update using Github
2026-02-18 12:38:35 Success.
2026-02-18 12:38:35 Latest version is 1.11.7
2026-02-18 12:38:35 App is up to date.
2026-02-18 13:38:33 Checking for update using Github
2026-02-18 13:38:34 Success.
2026-02-18 13:38:34 Latest version is 1.11.7
2026-02-18 13:38:34 App is up to date.
2026-02-18 14:38:33 Checking for update using Github
2026-02-18 14:38:34 Success.
2026-02-18 14:38:34 Latest version is 1.11.7
2026-02-18 14:38:34 App is up to date.
2026-02-18 15:38:33 Checking for update using Github
2026-02-18 15:38:36 Success.
2026-02-18 15:38:36 Latest version is 1.11.7
2026-02-18 15:38:36 App is up to date.
2026-02-18 16:49:55 Loading updated app package /home/credo/.config/obsidian/obsidian-1.11.7.asar
2026-02-18 16:49:55 Checking for update using Github
2026-02-18 16:49:57 Success.
2026-02-18 16:49:57 Latest version is 1.11.7
2026-02-18 16:49:57 App is up to date.
2026-02-18 16:50:09 Loading updated app package /home/credo/.config/obsidian/obsidian-1.11.7.asar
2026-02-18 16:50:10 Checking for update using Github
2026-02-18 17:49:55 Checking for update using Github
2026-02-18 17:49:56 Success.
2026-02-18 17:49:56 Latest version is 1.11.7
2026-02-18 17:49:56 App is up to date.
2026-02-18 20:30:41 Checking for update using Github
2026-02-18 20:30:42 Success.
2026-02-18 20:30:42 Latest version is 1.11.7
2026-02-18 20:30:42 App is up to date.
2026-02-18 22:03:03 Checking for update using Github
2026-02-18 22:03:04 Success.
2026-02-18 22:03:04 Latest version is 1.11.7
2026-02-18 22:03:04 App is up to date.
2026-02-19 07:05:41 Loading updated app package /home/credo/.config/obsidian/obsidian-1.11.7.asar
2026-02-19 07:05:42 Checking for update using Github
2026-02-19 07:05:42 Success.
2026-02-19 07:05:42 Latest version is 1.11.7
2026-02-19 07:05:42 App is up to date.
2026-02-19 08:55:15 Checking for update using Github
2026-02-19 08:55:19 Success.
2026-02-19 08:55:19 Latest version is 1.11.7
2026-02-19 08:55:19 App is up to date.
2026-02-19 09:55:16 Checking for update using Github
2026-02-19 09:55:21 Success.
2026-02-19 09:55:21 Latest version is 1.11.7
2026-02-19 09:55:21 App is up to date.
2026-02-19 10:55:16 Checking for update using Github
2026-02-19 10:55:17 Success.
2026-02-19 10:55:17 Latest version is 1.11.7
2026-02-19 10:55:17 App is up to date.
2026-02-19 11:55:16 Checking for update using Github
2026-02-19 11:55:17 Success.
2026-02-19 11:55:17 Latest version is 1.11.7
2026-02-19 11:55:17 App is up to date.
2026-02-19 13:35:43 Checking for update using Github
2026-02-19 13:35:44 Success.
2026-02-19 13:35:44 Latest version is 1.11.7
2026-02-19 13:35:44 App is up to date.
2026-02-19 14:35:43 Checking for update using Github
2026-02-19 14:35:43 Success.
2026-02-19 14:35:43 Latest version is 1.11.7
2026-02-19 14:35:43 App is up to date.
2026-02-19 15:35:43 Checking for update using Github
2026-02-19 15:35:44 Success.
2026-02-19 15:35:44 Latest version is 1.11.7
2026-02-19 15:35:44 App is up to date.
2026-02-19 16:35:43 Checking for update using Github
2026-02-19 16:35:43 Success.
2026-02-19 16:35:43 Latest version is 1.11.7
2026-02-19 16:35:43 App is up to date.
2026-02-19 18:26:59 Checking for update using Github
2026-02-19 18:27:00 Success.
2026-02-19 18:27:00 Latest version is 1.11.7
2026-02-19 18:27:00 App is up to date.
2026-02-19 20:53:35 Checking for update using Github
2026-02-19 20:53:35 Success.
2026-02-19 20:53:35 Latest version is 1.11.7
2026-02-19 20:53:35 App is up to date.
2026-02-19 21:04:35 Loading updated app package /home/credo/.config/obsidian/obsidian-1.11.7.asar
2026-02-19 21:04:36 Checking for update using Github
2026-02-19 21:04:36 Success.
2026-02-19 21:04:36 Latest version is 1.11.7
2026-02-19 21:04:36 App is up to date.
2026-02-19 22:04:35 Checking for update using Github
2026-02-19 22:04:36 Success.
2026-02-19 22:04:36 Latest version is 1.11.7
2026-02-19 22:04:36 App is up to date.
2026-02-19 23:04:35 Checking for update using Github
2026-02-19 23:04:36 Success.
2026-02-19 23:04:36 Latest version is 1.11.7
2026-02-19 23:04:36 App is up to date.
2026-02-20 00:04:35 Checking for update using Github
2026-02-20 00:04:36 Success.
2026-02-20 00:04:36 Latest version is 1.11.7
2026-02-20 00:04:36 App is up to date.
2026-02-20 08:41:21 Checking for update using Github
2026-02-20 08:41:22 Success.
2026-02-20 08:41:22 Latest version is 1.11.7
2026-02-20 08:41:22 App is up to date.
2026-02-20 10:18:22 Checking for update using Github
2026-02-20 10:22:22 Failed to check for update using Github (net::ERR_TIMED_OUT)
2026-02-20 10:22:22 Checking for update using obsidian.md
2026-02-20 10:22:23 Failed to check for update using obsidian.md (net::ERR_DNS_NO_MATCHING_SUPPORTED_ALPN)
2026-02-20 11:18:22 Checking for update using Github
2026-02-20 11:18:22 Success.
2026-02-20 11:18:22 Latest version is 1.11.7
2026-02-20 11:18:22 App is up to date.
2026-02-20 12:19:00 Checking for update using Github
2026-02-20 12:19:01 Success.
2026-02-20 12:19:01 Latest version is 1.11.7
2026-02-20 12:19:01 App is up to date.
2026-02-20 13:19:00 Checking for update using Github
2026-02-20 13:19:00 Success.
2026-02-20 13:19:00 Latest version is 1.11.7
2026-02-20 13:19:00 App is up to date.
2026-02-20 14:19:00 Checking for update using Github
2026-02-20 14:19:04 Success.
2026-02-20 14:19:04 Latest version is 1.11.7
2026-02-20 14:19:04 App is up to date.
2026-02-20 15:19:00 Checking for update using Github
2026-02-20 15:19:01 Success.
2026-02-20 15:19:01 Latest version is 1.11.7
2026-02-20 15:19:01 App is up to date.
2026-02-20 16:19:00 Checking for update using Github
2026-02-20 16:19:01 Success.
2026-02-20 16:19:01 Latest version is 1.11.7
2026-02-20 16:19:01 App is up to date.
2026-02-20 17:19:00 Checking for update using Github
2026-02-20 17:19:04 Success.
2026-02-20 17:19:04 Latest version is 1.11.7
2026-02-20 17:19:04 App is up to date.
2026-02-20 18:19:00 Checking for update using Github
2026-02-20 18:19:01 Success.
2026-02-20 18:19:01 Latest version is 1.11.7
2026-02-20 18:19:01 App is up to date.
2026-02-20 22:10:20 Checking for update using Github
2026-02-20 22:10:20 Success.
2026-02-20 22:10:20 Latest version is 1.11.7
2026-02-20 22:10:20 App is up to date.
2026-02-20 23:13:36 Checking for update using Github
2026-02-20 23:13:37 Success.
2026-02-20 23:13:37 Latest version is 1.11.7
2026-02-20 23:13:37 App is up to date.
2026-02-21 00:13:36 Checking for update using Github
2026-02-21 00:13:38 Success.
2026-02-21 00:13:38 Latest version is 1.11.7
2026-02-21 00:13:38 App is up to date.
2026-02-21 08:05:09 Checking for update using Github
2026-02-21 08:05:10 Success.
2026-02-21 08:05:10 Latest version is 1.11.7
2026-02-21 08:05:10 App is up to date.
2026-02-21 09:05:09 Checking for update using Github
2026-02-21 09:05:14 Success.
2026-02-21 09:05:14 Latest version is 1.11.7
2026-02-21 09:05:14 App is up to date.
2026-02-21 10:05:09 Checking for update using Github
2026-02-21 10:05:11 Success.
2026-02-21 10:05:11 Latest version is 1.11.7
2026-02-21 10:05:11 App is up to date.
2026-02-21 11:05:10 Checking for update using Github
2026-02-21 11:05:12 Success.
2026-02-21 11:05:12 Latest version is 1.11.7
2026-02-21 11:05:12 App is up to date.
2026-02-21 12:05:10 Checking for update using Github
2026-02-21 12:05:11 Success.
2026-02-21 12:05:11 Latest version is 1.11.7
2026-02-21 12:05:11 App is up to date.
2026-02-21 16:53:59 Loading updated app package /home/credo/.config/obsidian/obsidian-1.11.7.asar
2026-02-21 16:54:00 Checking for update using Github
2026-02-21 16:54:02 Success.
2026-02-21 16:54:02 Latest version is 1.11.7
2026-02-21 16:54:02 App is up to date.
2026-02-21 19:16:58 Checking for update using Github
2026-02-21 19:16:58 Success.
2026-02-21 19:16:58 Latest version is 1.11.7
2026-02-21 19:16:58 App is up to date.
2026-02-21 20:39:13 Checking for update using Github
2026-02-21 20:39:13 Success.
2026-02-21 20:39:13 Latest version is 1.11.7
2026-02-21 20:39:13 App is up to date.
2026-02-21 21:54:56 Checking for update using Github
2026-02-21 21:54:57 Success.
2026-02-21 21:54:57 Latest version is 1.11.7
2026-02-21 21:54:57 App is up to date.
2026-02-21 22:54:56 Checking for update using Github
2026-02-21 22:54:57 Success.
2026-02-21 22:54:57 Latest version is 1.11.7
2026-02-21 22:54:57 App is up to date.
2026-02-22 00:07:35 Checking for update using Github
2026-02-22 00:07:35 Success.
2026-02-22 00:07:35 Latest version is 1.11.7
2026-02-22 00:07:35 App is up to date.
2026-02-22 03:06:52 Checking for update using Github
2026-02-22 03:06:52 Success.
2026-02-22 03:06:52 Latest version is 1.11.7
2026-02-22 03:06:52 App is up to date.
2026-02-22 11:50:09 Loading updated app package /home/credo/.config/obsidian/obsidian-1.11.7.asar
2026-02-22 11:50:10 Checking for update using Github
2026-02-22 11:50:14 Success.
2026-02-22 11:50:14 Latest version is 1.11.7
2026-02-22 11:50:14 App is up to date.
2026-02-22 12:50:09 Checking for update using Github
2026-02-22 12:50:09 Success.
2026-02-22 12:50:09 Latest version is 1.11.7
2026-02-22 12:50:09 App is up to date.
2026-02-22 13:50:09 Checking for update using Github
2026-02-22 13:50:10 Success.
2026-02-22 13:50:10 Latest version is 1.11.7
2026-02-22 13:50:10 App is up to date.
2026-02-22 14:50:09 Checking for update using Github
2026-02-22 14:50:10 Success.
2026-02-22 14:50:10 Latest version is 1.11.7
2026-02-22 14:50:10 App is up to date.
2026-02-22 16:22:14 Checking for update using Github
2026-02-22 16:22:14 Success.
2026-02-22 16:22:14 Latest version is 1.11.7
2026-02-22 16:22:14 App is up to date.
2026-02-22 17:22:15 Checking for update using Github
2026-02-22 17:22:15 Success.
2026-02-22 17:22:15 Latest version is 1.11.7
2026-02-22 17:22:15 App is up to date.
2026-02-23 09:09:31 Loading updated app package /home/credo/.config/obsidian/obsidian-1.11.7.asar
2026-02-23 09:09:33 Checking for update using Github
2026-02-23 09:09:34 Success.
2026-02-23 09:09:34 Latest version is 1.11.7
2026-02-23 09:09:34 App is up to date.
2026-02-23 11:37:03 Loading updated app package /home/credo/.config/obsidian/obsidian-1.11.7.asar
2026-02-23 11:37:03 Checking for update using Github
2026-02-23 11:37:03 Success.
2026-02-23 11:37:04 Latest version is 1.11.7
2026-02-23 11:37:04 App is up to date.
2026-02-23 12:47:23 Checking for update using Github
2026-02-23 12:47:24 Success.
2026-02-23 12:47:24 Latest version is 1.11.7
2026-02-23 12:47:24 App is up to date.
2026-02-23 13:47:24 Checking for update using Github
2026-02-23 13:47:24 Success.
2026-02-23 13:47:24 Latest version is 1.11.7
2026-02-23 13:47:24 App is up to date.
2026-02-23 14:47:24 Checking for update using Github
2026-02-23 14:47:24 Success.
2026-02-23 14:47:24 Latest version is 1.11.7
2026-02-23 14:47:24 App is up to date.
2026-02-23 19:51:34 Loading updated app package /home/credo/.config/obsidian/obsidian-1.11.7.asar
2026-02-23 19:51:34 Checking for update using Github
2026-02-23 19:51:34 Success.
2026-02-23 19:51:34 Latest version is 1.11.7
2026-02-23 19:51:34 App is up to date.
2026-02-23 21:35:54 Checking for update using Github
2026-02-23 21:35:55 Success.
2026-02-23 21:35:55 Latest version is 1.11.7
2026-02-23 21:35:55 App is up to date.
2026-02-23 22:35:56 Checking for update using Github
2026-02-23 22:35:56 Success.
2026-02-23 22:35:56 Latest version is 1.11.7
2026-02-23 22:35:56 App is up to date.
2026-02-23 23:35:56 Checking for update using Github
2026-02-23 23:35:56 Success.
2026-02-23 23:35:56 Latest version is 1.11.7
2026-02-23 23:35:56 App is up to date.
2026-02-24 00:35:56 Checking for update using Github
2026-02-24 00:35:56 Success.
2026-02-24 00:35:56 Latest version is 1.11.7
2026-02-24 00:35:56 App is up to date.
2026-02-24 01:35:56 Checking for update using Github
2026-02-24 01:35:56 Success.
2026-02-24 01:35:56 Latest version is 1.11.7
2026-02-24 01:35:56 App is up to date.
2026-02-24 02:35:56 Checking for update using Github
2026-02-24 02:35:56 Success.
2026-02-24 02:35:56 Latest version is 1.11.7
2026-02-24 02:35:56 App is up to date.
2026-02-24 07:08:55 Checking for update using Github
2026-02-24 07:08:55 Success.
2026-02-24 07:08:55 Latest version is 1.11.7
2026-02-24 07:08:55 App is up to date.
2026-02-24 08:08:55 Checking for update using Github
2026-02-24 08:08:56 Success.
2026-02-24 08:08:56 Latest version is 1.11.7
2026-02-24 08:08:56 App is up to date.
2026-02-24 09:08:55 Checking for update using Github
2026-02-24 09:08:56 Success.
2026-02-24 09:08:56 Latest version is 1.11.7
2026-02-24 09:08:56 App is up to date.
2026-02-24 10:49:10 Checking for update using Github
2026-02-24 10:49:10 Success.
2026-02-24 10:49:10 Latest version is 1.11.7
2026-02-24 10:49:10 App is up to date.
2026-02-24 11:49:10 Checking for update using Github
2026-02-24 11:49:10 Success.
2026-02-24 11:49:10 Latest version is 1.11.7
2026-02-24 11:49:10 App is up to date.
2026-02-24 12:57:29 Checking for update using Github
2026-02-24 12:57:30 Success.
2026-02-24 12:57:30 Latest version is 1.11.7
2026-02-24 12:57:30 App is up to date.
2026-02-24 13:57:29 Checking for update using Github
2026-02-24 13:57:42 Success.
2026-02-24 13:57:42 Latest version is 1.11.7
2026-02-24 13:57:42 App is up to date.
2026-02-24 17:13:10 Loading updated app package /home/credo/.config/obsidian/obsidian-1.11.7.asar
2026-02-24 17:13:11 Checking for update using Github
2026-02-24 17:13:12 Success.
2026-02-24 17:13:12 Latest version is 1.11.7
2026-02-24 17:13:12 App is up to date.
2026-02-24 17:38:15 Loading updated app package /home/credo/.config/obsidian/obsidian-1.11.7.asar
2026-02-24 17:38:15 Checking for update using Github
2026-02-24 17:38:16 Loading updated app package /home/credo/.config/obsidian/obsidian-1.11.7.asar
2026-02-24 17:38:16 Checking for update using Github
2026-02-24 17:38:17 Success.
2026-02-24 17:38:17 Latest version is 1.11.7
2026-02-24 17:38:17 App is up to date.
2026-02-24 18:38:15 Checking for update using Github
2026-02-24 18:38:17 Success.
2026-02-24 18:38:17 Latest version is 1.11.7
2026-02-24 18:38:17 App is up to date.
2026-02-25 11:34:41 Loading updated app package /home/credo/.config/obsidian/obsidian-1.11.7.asar
2026-02-25 11:34:41 Checking for update using Github
2026-02-25 11:34:43 Success.
2026-02-25 11:34:43 Latest version is 1.11.7
2026-02-25 11:34:43 App is up to date.
2026-02-25 15:55:24 Loading updated app package /home/credo/.config/obsidian/obsidian-1.11.7.asar
2026-02-25 15:55:24 Checking for update using Github
2026-02-25 15:55:49 Success.
2026-02-25 15:55:49 Latest version is 1.11.7
2026-02-25 15:55:49 App is up to date.
2026-02-25 16:55:25 Checking for update using Github
2026-02-25 16:55:28 Success.
2026-02-25 16:55:28 Latest version is 1.11.7
2026-02-25 16:55:28 App is up to date.
2026-02-25 18:33:57 Checking for update using Github
2026-02-25 18:33:58 Success.
2026-02-25 18:33:58 Latest version is 1.11.7
2026-02-25 18:33:58 App is up to date.
2026-02-26 02:02:38 Loading updated app package /home/credo/.config/obsidian/obsidian-1.11.7.asar
2026-02-26 02:02:38 Checking for update using Github
2026-02-26 02:02:39 Success.
2026-02-26 02:02:39 Latest version is 1.11.7
2026-02-26 02:02:39 App is up to date.
2026-02-26 09:34:21 Loading updated app package /home/credo/.config/obsidian/obsidian-1.11.7.asar
2026-02-26 09:34:21 Checking for update using Github
2026-02-26 09:34:22 Success.
2026-02-26 09:34:22 Latest version is 1.11.7
2026-02-26 09:34:22 App is up to date.
2026-02-26 15:52:43 Loading updated app package /home/credo/.config/obsidian/obsidian-1.11.7.asar
2026-02-26 15:52:43 Checking for update using Github
2026-02-26 15:52:55 Success.
2026-02-26 15:52:55 Latest version is 1.11.7
2026-02-26 15:52:55 App is up to date.
2026-02-26 16:37:27 Loading updated app package /home/credo/.config/obsidian/obsidian-1.11.7.asar
2026-02-26 16:37:27 Checking for update using Github
2026-02-26 16:37:28 Success.
2026-02-26 16:37:28 Latest version is 1.11.7
2026-02-26 16:37:28 App is up to date.
2026-02-26 17:19:46 Loading updated app package /home/credo/.config/obsidian/obsidian-1.11.7.asar
2026-02-26 17:19:47 Checking for update using Github
2026-02-26 17:19:51 Success.
2026-02-26 17:19:51 Latest version is 1.11.7
2026-02-26 17:19:51 App is up to date.
2026-02-26 18:45:32 Loading updated app package /home/credo/.config/obsidian/obsidian-1.11.7.asar
2026-02-26 18:45:32 Checking for update using Github
2026-02-26 18:45:33 Success.
2026-02-26 18:45:33 Latest version is 1.11.7
2026-02-26 18:45:33 App is up to date.
2026-02-26 22:05:19 Loading updated app package /home/credo/.config/obsidian/obsidian-1.11.7.asar
2026-02-26 22:05:19 Checking for update using Github
2026-02-26 22:05:19 Success.
2026-02-26 22:05:19 Latest version is 1.11.7
2026-02-26 22:05:19 App is up to date.
2026-02-27 08:39:04 Loading updated app package /home/credo/.config/obsidian/obsidian-1.11.7.asar
2026-02-27 08:39:05 Checking for update using Github
2026-02-27 08:39:07 Success.
2026-02-27 08:39:07 Latest version is 1.11.7
2026-02-27 08:39:07 App is up to date.
2026-02-27 09:39:05 Checking for update using Github
2026-02-27 09:39:05 Failed to check for update using Github (net::ERR_NAME_NOT_RESOLVED)
2026-02-27 09:39:05 Checking for update using obsidian.md
2026-02-27 09:39:05 Failed to check for update using obsidian.md (net::ERR_NAME_NOT_RESOLVED)
2026-02-27 10:39:05 Checking for update using Github
2026-02-27 10:39:05 Failed to check for update using Github (net::ERR_NAME_NOT_RESOLVED)
2026-02-27 10:39:05 Checking for update using obsidian.md
2026-02-27 10:39:05 Failed to check for update using obsidian.md (net::ERR_NAME_NOT_RESOLVED)
2026-02-27 10:56:27 Loading updated app package /home/credo/.config/obsidian/obsidian-1.11.7.asar
2026-02-27 10:56:28 Checking for update using Github
2026-02-27 10:56:28 Failed to check for update using Github (net::ERR_NAME_NOT_RESOLVED)
2026-02-27 10:56:28 Checking for update using obsidian.md
2026-02-27 10:56:28 Failed to check for update using obsidian.md (net::ERR_NAME_NOT_RESOLVED)
2026-02-27 22:30:24 Loading updated app package /home/credo/.config/obsidian/obsidian-1.11.7.asar
2026-02-27 22:30:24 Checking for update using Github
2026-02-27 22:30:24 Success.
2026-02-27 22:30:24 Latest version is 1.12.4
2026-02-27 22:30:24 Downloading update from https://github.com/obsidianmd/obsidian-releases/releases/download/v1.12.4/obsidian-1.12.4.asar.gz
2026-02-27 22:30:31 Loading updated app package /home/credo/.config/obsidian/obsidian-1.11.7.asar
2026-02-27 22:30:31 Checking for update using Github
2026-02-27 22:30:31 Success.
2026-02-27 22:30:31 Latest version is 1.12.4
2026-02-27 22:30:31 Downloading update from https://github.com/obsidianmd/obsidian-releases/releases/download/v1.12.4/obsidian-1.12.4.asar.gz
2026-03-01 13:44:42 Loading updated app package /home/credo/.config/obsidian/obsidian-1.11.7.asar
2026-03-01 13:44:43 Checking for update using Github
2026-03-01 13:44:48 Success.
2026-03-01 13:44:48 Latest version is 1.12.4
2026-03-01 13:44:48 Downloading update from https://github.com/obsidianmd/obsidian-releases/releases/download/v1.12.4/obsidian-1.12.4.asar.gz
2026-03-01 13:44:55 Loading updated app package /home/credo/.config/obsidian/obsidian-1.11.7.asar
2026-03-01 13:44:56 Checking for update using Github
2026-03-01 13:45:26 Verifying hash & signature. Size= 8322418
2026-03-01 13:45:26 Saving file
2026-03-01 13:45:26 Update complete.
2026-03-01 20:25:14 Checking for update using Github
2026-03-01 20:25:14 Success.
2026-03-01 20:25:14 Latest version is 1.12.4
2026-03-01 20:25:14 An update is already downloaded.
2026-03-01 22:49:57 Checking for update using Github
2026-03-01 22:49:57 Success.
2026-03-01 22:49:57 Latest version is 1.12.4
2026-03-01 22:49:57 An update is already downloaded.
2026-03-02 12:01:15 Loading updated app package /home/credo/.config/obsidian/obsidian-1.12.4.asar
2026-03-02 12:01:16 Checking for update using Github
2026-03-02 12:01:18 Success.
2026-03-02 12:01:18 Latest version is 1.12.4
2026-03-02 12:01:18 App is up to date.
2026-03-02 12:03:48 Loaded main app package /usr/lib/obsidian/obsidian.asar
2026-03-02 12:03:48 Checking for update using Github
2026-03-02 12:03:48 Success.
2026-03-02 12:03:48 Latest version is 1.12.4
2026-03-02 12:03:48 App is up to date.
2026-03-02 19:51:50 Loaded main app package /usr/lib/obsidian/obsidian.asar
2026-03-02 19:51:50 Checking for update using Github
2026-03-02 19:51:53 Success.
2026-03-02 19:51:53 Latest version is 1.12.4
2026-03-02 19:51:53 App is up to date.
2026-03-02 20:51:50 Checking for update using Github
2026-03-02 20:51:50 Success.
2026-03-02 20:51:50 Latest version is 1.12.4
2026-03-02 20:51:50 App is up to date.
2026-03-02 23:04:56 Checking for update using Github
2026-03-02 23:04:56 Success.
2026-03-02 23:04:56 Latest version is 1.12.4
2026-03-02 23:04:56 App is up to date.
2026-03-03 12:04:05 Loaded main app package /usr/lib/obsidian/obsidian.asar
2026-03-03 12:04:05 Checking for update using Github
2026-03-03 12:04:06 Success.
2026-03-03 12:04:06 Latest version is 1.12.4
2026-03-03 12:04:06 App is up to date.
2026-03-03 13:19:13 Checking for update using Github
2026-03-03 13:19:13 Success.
2026-03-03 13:19:13 Latest version is 1.12.4
2026-03-03 13:19:13 App is up to date.
2026-03-04 09:26:33 Loaded main app package /usr/lib/obsidian/obsidian.asar
2026-03-04 09:26:34 Checking for update using Github
2026-03-04 09:26:34 Success.
2026-03-04 09:26:34 Latest version is 1.12.4
2026-03-04 09:26:34 App is up to date.
2026-03-04 10:26:33 Checking for update using Github
2026-03-04 10:26:34 Success.
2026-03-04 10:26:34 Latest version is 1.12.4
2026-03-04 10:26:34 App is up to date.
2026-03-04 11:26:33 Checking for update using Github
2026-03-04 11:26:34 Success.
2026-03-04 11:26:34 Latest version is 1.12.4
2026-03-04 11:26:34 App is up to date.
2026-03-04 12:26:33 Checking for update using Github
2026-03-04 12:26:34 Success.
2026-03-04 12:26:34 Latest version is 1.12.4
2026-03-04 12:26:34 App is up to date.
2026-03-04 13:26:34 Checking for update using Github
2026-03-04 13:26:34 Success.
2026-03-04 13:26:34 Latest version is 1.12.4
2026-03-04 13:26:34 App is up to date.
2026-03-04 14:26:34 Checking for update using Github
2026-03-04 14:26:34 Success.
2026-03-04 14:26:34 Latest version is 1.12.4
2026-03-04 14:26:34 App is up to date.
2026-03-04 18:28:11 Checking for update using Github
2026-03-04 18:28:11 Success.
2026-03-04 18:28:11 Latest version is 1.12.4
2026-03-04 18:28:11 App is up to date.
2026-03-04 19:28:11 Checking for update using Github
2026-03-04 19:28:11 Success.
2026-03-04 19:28:11 Latest version is 1.12.4
2026-03-04 19:28:11 App is up to date.
2026-03-04 20:28:11 Checking for update using Github
2026-03-04 20:28:11 Success.
2026-03-04 20:28:11 Latest version is 1.12.4
2026-03-04 20:28:11 App is up to date.
2026-03-04 21:52:56 Checking for update using Github
2026-03-04 21:52:59 Success.
2026-03-04 21:52:59 Latest version is 1.12.4
2026-03-04 21:52:59 App is up to date.
2026-03-04 22:39:48 Loaded main app package /usr/lib/obsidian/obsidian.asar
2026-03-04 22:39:49 Checking for update using Github
2026-03-04 22:39:49 Success.
2026-03-04 22:39:49 Latest version is 1.12.4
2026-03-04 22:39:49 App is up to date.
2026-03-04 22:40:04 Loaded main app package /usr/lib/obsidian/obsidian.asar
2026-03-04 22:40:39 Loaded main app package /usr/lib/obsidian/obsidian.asar
2026-03-04 22:40:47 Loaded main app package /usr/lib/obsidian/obsidian.asar
2026-03-04 22:41:04 Loaded main app package /usr/lib/obsidian/obsidian.asar
2026-03-04 22:41:35 Loaded main app package /usr/lib/obsidian/obsidian.asar
2026-03-04 23:39:48 Checking for update using Github
2026-03-04 23:39:48 Success.
2026-03-04 23:39:48 Latest version is 1.12.4
2026-03-04 23:39:48 App is up to date.
2026-03-05 00:39:48 Checking for update using Github
2026-03-05 00:39:49 Success.
2026-03-05 00:39:49 Latest version is 1.12.4
2026-03-05 00:39:49 App is up to date.
2026-03-05 01:39:48 Checking for update using Github
2026-03-05 01:39:49 Success.
2026-03-05 01:39:49 Latest version is 1.12.4
2026-03-05 01:39:49 App is up to date.
2026-03-05 02:39:48 Checking for update using Github
2026-03-05 02:39:49 Success.
2026-03-05 02:39:49 Latest version is 1.12.4
2026-03-05 02:39:49 App is up to date.
2026-03-05 03:39:49 Checking for update using Github
2026-03-05 03:39:49 Success.
2026-03-05 03:39:49 Latest version is 1.12.4
2026-03-05 03:39:49 App is up to date.
2026-03-05 04:39:49 Checking for update using Github
2026-03-05 04:39:49 Success.
2026-03-05 04:39:49 Latest version is 1.12.4
2026-03-05 04:39:49 App is up to date.
2026-03-05 05:39:49 Checking for update using Github
2026-03-05 05:39:49 Success.
2026-03-05 05:39:49 Latest version is 1.12.4
2026-03-05 05:39:49 App is up to date.
2026-03-05 07:47:35 Checking for update using Github
2026-03-05 07:47:41 Success.
2026-03-05 07:47:41 Latest version is 1.12.4
2026-03-05 07:47:41 App is up to date.
2026-03-05 08:59:48 Checking for update using Github
2026-03-05 08:59:50 Success.
2026-03-05 08:59:50 Latest version is 1.12.4
2026-03-05 08:59:50 App is up to date.
2026-03-05 17:55:41 Loaded main app package /usr/lib/obsidian/obsidian.asar
2026-03-05 17:55:41 Checking for update using Github
2026-03-05 17:55:42 Failed to check for update using Github (net::ERR_CERT_COMMON_NAME_INVALID)
2026-03-05 17:55:42 Checking for update using obsidian.md
2026-03-05 17:55:43 Failed to check for update using obsidian.md (net::ERR_CERT_COMMON_NAME_INVALID)
2026-03-05 19:54:07 Checking for update using Github
2026-03-05 19:54:09 Success.
2026-03-05 19:54:09 Latest version is 1.12.4
2026-03-05 19:54:09 App is up to date.
2026-03-05 20:54:07 Checking for update using Github
2026-03-05 20:54:13 Success.
2026-03-05 20:54:13 Latest version is 1.12.4
2026-03-05 20:54:13 App is up to date.
2026-03-05 22:00:10 Checking for update using Github
2026-03-05 22:00:13 Success.
2026-03-05 22:00:13 Latest version is 1.12.4
2026-03-05 22:00:13 App is up to date.
2026-03-05 23:00:10 Checking for update using Github
2026-03-05 23:00:11 Success.
2026-03-05 23:00:11 Latest version is 1.12.4
2026-03-05 23:00:11 App is up to date.
2026-03-06 00:00:10 Checking for update using Github
2026-03-06 00:00:11 Success.
2026-03-06 00:00:11 Latest version is 1.12.4
2026-03-06 00:00:11 App is up to date.
2026-03-06 07:37:34 Loaded main app package /usr/lib/obsidian/obsidian.asar
2026-03-06 07:37:34 Checking for update using Github
2026-03-06 07:37:35 Success.
2026-03-06 07:37:35 Latest version is 1.12.4
2026-03-06 07:37:35 App is up to date.
2026-03-06 08:37:34 Checking for update using Github
2026-03-06 08:37:36 Success.
2026-03-06 08:37:36 Latest version is 1.12.4
2026-03-06 08:37:36 App is up to date.
2026-03-06 09:37:34 Checking for update using Github
2026-03-06 09:37:36 Success.
2026-03-06 09:37:36 Latest version is 1.12.4
2026-03-06 09:37:36 App is up to date.
2026-03-06 17:14:03 Checking for update using Github
2026-03-06 17:14:06 Success.
2026-03-06 17:14:06 Latest version is 1.12.4
2026-03-06 17:14:06 App is up to date.
2026-03-07 22:37:19 Loaded main app package /usr/lib/obsidian/obsidian.asar
2026-03-07 22:37:19 Checking for update using Github
2026-03-07 22:37:20 Success.
2026-03-07 22:37:20 Latest version is 1.12.4
2026-03-07 22:37:20 App is up to date.
2026-03-08 00:06:02 Checking for update using Github
2026-03-08 00:06:02 Success.
2026-03-08 00:06:02 Latest version is 1.12.4
2026-03-08 00:06:02 App is up to date.
2026-03-08 01:06:02 Checking for update using Github
2026-03-08 01:06:03 Success.
2026-03-08 01:06:03 Latest version is 1.12.4
2026-03-08 01:06:03 App is up to date.
2026-03-08 01:30:46 Loaded main app package /usr/lib/obsidian/obsidian.asar
2026-03-08 01:30:47 Checking for update using Github
2026-03-08 01:30:47 Success.
2026-03-08 01:30:47 Latest version is 1.12.4
2026-03-08 01:30:47 App is up to date.
2026-03-09 01:23:23 Loaded main app package /usr/lib/obsidian/obsidian.asar
2026-03-09 01:23:23 Checking for update using Github
2026-03-09 01:23:23 Success.
2026-03-09 01:23:23 Latest version is 1.12.4
2026-03-09 01:23:23 App is up to date.
2026-03-09 01:51:43 Loaded main app package /usr/lib/obsidian/obsidian.asar
2026-03-09 01:51:44 Checking for update using Github
2026-03-09 01:51:44 Success.
2026-03-09 01:51:44 Latest version is 1.12.4
2026-03-09 01:51:44 App is up to date.
2026-03-09 14:36:21 Loaded main app package /usr/lib/obsidian/obsidian.asar
2026-03-09 14:36:21 Checking for update using Github
2026-03-09 14:37:13 Failed to check for update using Github (net::ERR_NAME_NOT_RESOLVED)
2026-03-09 14:37:13 Checking for update using obsidian.md
2026-03-09 14:37:19 Failed to check for update using obsidian.md (net::ERR_NAME_NOT_RESOLVED)
2026-03-09 22:55:36 Checking for update using Github
2026-03-09 22:55:37 Success.
2026-03-09 22:55:37 Latest version is 1.12.4
2026-03-09 22:55:37 App is up to date.
2026-03-09 23:55:36 Checking for update using Github
2026-03-09 23:55:36 Success.
2026-03-09 23:55:36 Latest version is 1.12.4
2026-03-09 23:55:36 App is up to date.
2026-03-10 09:05:31 Checking for update using Github
2026-03-10 09:05:32 Success.
2026-03-10 09:05:32 Latest version is 1.12.4
2026-03-10 09:05:32 App is up to date.
2026-03-10 10:05:31 Checking for update using Github
2026-03-10 10:05:32 Success.
2026-03-10 10:05:32 Latest version is 1.12.4
2026-03-10 10:05:32 App is up to date.
2026-03-10 11:05:32 Checking for update using Github
2026-03-10 11:05:32 Success.
2026-03-10 11:05:32 Latest version is 1.12.4
2026-03-10 11:05:32 App is up to date.
2026-03-10 14:32:12 Checking for update using Github
2026-03-10 14:32:13 Success.
2026-03-10 14:32:13 Latest version is 1.12.4
2026-03-10 14:32:13 App is up to date.
2026-03-10 21:42:17 Loaded main app package /usr/lib/obsidian/obsidian.asar
2026-03-10 21:42:18 Checking for update using Github
2026-03-10 21:42:19 Success.
2026-03-10 21:42:19 Latest version is 1.12.4
2026-03-10 21:42:19 App is up to date.
2026-03-10 23:51:19 Checking for update using Github
2026-03-10 23:51:19 Success.
2026-03-10 23:51:19 Latest version is 1.12.4
2026-03-10 23:51:19 App is up to date.
2026-03-11 14:32:26 Loaded main app package /usr/lib/obsidian/obsidian.asar
2026-03-11 14:32:26 Checking for update using Github
2026-03-11 14:32:28 Success.
2026-03-11 14:32:28 Latest version is 1.12.4
2026-03-11 14:32:28 App is up to date.
2026-03-12 08:00:54 Loaded main app package /usr/lib/obsidian/obsidian.asar
2026-03-12 08:00:54 Checking for update using Github
2026-03-12 08:00:55 Success.
2026-03-12 08:00:55 Latest version is 1.12.4
2026-03-12 08:00:55 App is up to date.
2026-03-12 09:04:28 Checking for update using Github
2026-03-12 09:04:29 Success.
2026-03-12 09:04:29 Latest version is 1.12.4
2026-03-12 09:04:29 App is up to date.
2026-03-12 10:04:28 Checking for update using Github
2026-03-12 10:04:29 Success.
2026-03-12 10:04:29 Latest version is 1.12.4
2026-03-12 10:04:29 App is up to date.
2026-03-12 11:04:28 Checking for update using Github
2026-03-12 11:04:29 Success.
2026-03-12 11:04:29 Latest version is 1.12.4
2026-03-12 11:04:29 App is up to date.
2026-03-12 14:40:01 Loaded main app package /usr/lib/obsidian/obsidian.asar
2026-03-12 14:40:02 Checking for update using Github
2026-03-12 14:41:27 Failed to check for update using Github (net::ERR_ADDRESS_UNREACHABLE)
2026-03-12 14:41:27 Checking for update using obsidian.md
2026-03-12 14:41:34 Failed to check for update using obsidian.md (net::ERR_NETWORK_CHANGED)
2026-03-12 15:40:01 Checking for update using Github
2026-03-12 15:44:01 Failed to check for update using Github (net::ERR_TIMED_OUT)
2026-03-12 15:44:01 Checking for update using obsidian.md
2026-03-12 15:44:02 Failed to check for update using obsidian.md (net::ERR_DNS_NO_MATCHING_SUPPORTED_ALPN)
2026-03-12 16:40:01 Checking for update using Github
2026-03-12 16:44:02 Failed to check for update using Github (net::ERR_TIMED_OUT)
2026-03-12 16:44:02 Checking for update using obsidian.md
2026-03-12 16:44:02 Failed to check for update using obsidian.md (net::ERR_TIMED_OUT)
2026-03-13 07:52:48 Loaded main app package /usr/lib/obsidian/obsidian.asar
2026-03-13 07:52:49 Checking for update using Github
2026-03-13 07:52:49 Success.
2026-03-13 07:52:49 Latest version is 1.12.4
2026-03-13 07:52:49 App is up to date.
2026-03-13 08:52:48 Checking for update using Github
2026-03-13 08:52:49 Success.
2026-03-13 08:52:49 Latest version is 1.12.4
2026-03-13 08:52:49 App is up to date.
2026-03-13 10:40:33 Checking for update using Github
2026-03-13 10:40:34 Success.
2026-03-13 10:40:34 Latest version is 1.12.4
2026-03-13 10:40:34 App is up to date.
2026-03-13 11:46:02 Checking for update using Github
2026-03-13 11:46:02 Success.
2026-03-13 11:46:02 Latest version is 1.12.4
2026-03-13 11:46:02 App is up to date.
2026-03-13 16:39:37 Checking for update using Github
2026-03-13 16:39:39 Success.
2026-03-13 16:39:39 Latest version is 1.12.4
2026-03-13 16:39:39 App is up to date.
2026-03-14 08:51:26 Loaded main app package /usr/lib/obsidian/obsidian.asar
2026-03-14 08:51:26 Checking for update using Github
2026-03-14 08:51:27 Success.
2026-03-14 08:51:27 Latest version is 1.12.4
2026-03-14 08:51:27 App is up to date.
2026-03-14 09:51:26 Checking for update using Github
2026-03-14 09:51:26 Success.
2026-03-14 09:51:26 Latest version is 1.12.4
2026-03-14 09:51:26 App is up to date.
2026-03-14 10:51:26 Checking for update using Github
2026-03-14 10:51:26 Success.
2026-03-14 10:51:26 Latest version is 1.12.4
2026-03-14 10:51:26 App is up to date.
2026-03-14 11:51:26 Checking for update using Github
2026-03-14 11:51:26 Success.
2026-03-14 11:51:26 Latest version is 1.12.4
2026-03-14 11:51:26 App is up to date.
2026-03-14 12:51:26 Checking for update using Github
2026-03-14 12:51:26 Success.
2026-03-14 12:51:26 Latest version is 1.12.4
2026-03-14 12:51:26 App is up to date.
2026-03-14 13:51:26 Checking for update using Github
2026-03-14 13:51:32 Success.
2026-03-14 13:51:32 Latest version is 1.12.4
2026-03-14 13:51:32 App is up to date.
2026-03-14 14:58:22 Checking for update using Github
2026-03-14 14:58:22 Success.
2026-03-14 14:58:22 Latest version is 1.12.4
2026-03-14 14:58:22 App is up to date.
2026-03-14 22:33:49 Checking for update using Github
2026-03-14 22:33:49 Success.
2026-03-14 22:33:49 Latest version is 1.12.4
2026-03-14 22:33:49 App is up to date.
2026-03-15 02:45:01 Loaded main app package /usr/lib/obsidian/obsidian.asar
2026-03-15 02:45:01 Checking for update using Github
2026-03-15 02:45:02 Success.
2026-03-15 02:45:02 Latest version is 1.12.4
2026-03-15 02:45:02 App is up to date.
2026-03-16 09:22:31 Loaded main app package /usr/lib/obsidian/obsidian.asar
2026-03-16 09:22:31 Checking for update using Github
2026-03-16 09:22:32 Success.
2026-03-16 09:22:32 Latest version is 1.12.4
2026-03-16 09:22:32 App is up to date.
2026-03-16 14:56:29 Loaded main app package /usr/lib/obsidian/obsidian.asar
2026-03-16 14:56:30 Checking for update using Github
2026-03-16 14:56:38 Success.
2026-03-16 14:56:38 Latest version is 1.12.4
2026-03-16 14:56:38 App is up to date.
2026-03-16 15:56:30 Checking for update using Github
2026-03-16 15:56:32 Success.
2026-03-16 15:56:32 Latest version is 1.12.4
2026-03-16 15:56:32 App is up to date.
2026-03-16 16:56:30 Checking for update using Github
2026-03-16 16:56:31 Success.
2026-03-16 16:56:31 Latest version is 1.12.4
2026-03-16 16:56:31 App is up to date.
2026-03-16 17:56:30 Checking for update using Github
2026-03-16 17:56:38 Success.
2026-03-16 17:56:38 Latest version is 1.12.4
2026-03-16 17:56:38 App is up to date.
2026-03-17 00:19:45 Checking for update using Github
2026-03-17 00:19:46 Success.
2026-03-17 00:19:46 Latest version is 1.12.4
2026-03-17 00:19:46 App is up to date.
2026-03-17 09:44:37 Loaded main app package /usr/lib/obsidian/obsidian.asar
2026-03-17 09:44:37 Checking for update using Github
2026-03-17 09:44:40 Success.
2026-03-17 09:44:40 Latest version is 1.12.4
2026-03-17 09:44:40 App is up to date.
2026-03-17 10:44:37 Checking for update using Github
2026-03-17 10:44:37 Success.
2026-03-17 10:44:37 Latest version is 1.12.4
2026-03-17 10:44:37 App is up to date.
2026-03-17 11:44:37 Checking for update using Github
2026-03-17 11:44:37 Success.
2026-03-17 11:44:37 Latest version is 1.12.4
2026-03-17 11:44:37 App is up to date.
2026-03-17 13:16:48 Checking for update using Github
2026-03-17 13:16:56 Success.
2026-03-17 13:16:56 Latest version is 1.12.4
2026-03-17 13:16:56 App is up to date.
2026-03-17 14:16:48 Checking for update using Github
2026-03-17 14:16:51 Success.
2026-03-17 14:16:51 Latest version is 1.12.4
2026-03-17 14:16:51 App is up to date.
2026-03-17 15:16:48 Checking for update using Github
2026-03-17 15:16:48 Failed to check for update using Github (net::ERR_NAME_NOT_RESOLVED)
2026-03-17 15:16:48 Checking for update using obsidian.md
2026-03-17 15:16:48 Failed to check for update using obsidian.md (net::ERR_NAME_NOT_RESOLVED)
2026-03-17 16:16:48 Checking for update using Github
2026-03-17 16:16:49 Success.
2026-03-17 16:16:49 Latest version is 1.12.4
2026-03-17 16:16:49 App is up to date.
2026-03-17 18:27:14 Checking for update using Github
2026-03-17 18:27:14 Failed to check for update using Github (net::ERR_NAME_NOT_RESOLVED)
2026-03-17 18:27:14 Checking for update using obsidian.md
2026-03-17 18:27:14 Failed to check for update using obsidian.md (net::ERR_NAME_NOT_RESOLVED)
2026-03-18 10:29:47 Loaded main app package /usr/lib/obsidian/obsidian.asar
2026-03-18 10:29:48 Checking for update using Github
2026-03-18 10:29:49 Success.
2026-03-18 10:29:49 Latest version is 1.12.4
2026-03-18 10:29:49 App is up to date.
2026-03-18 12:33:36 Loaded main app package /usr/lib/obsidian/obsidian.asar
2026-03-18 12:33:37 Checking for update using Github
2026-03-18 12:33:40 Success.
2026-03-18 12:33:40 Latest version is 1.12.4
2026-03-18 12:33:40 App is up to date.
2026-03-18 13:33:37 Checking for update using Github
2026-03-18 13:37:46 Failed to check for update using Github (net::ERR_TIMED_OUT)
2026-03-18 13:37:46 Checking for update using obsidian.md
2026-03-18 13:38:54 Failed to check for update using obsidian.md (net::ERR_NETWORK_CHANGED)
2026-03-18 14:33:37 Checking for update using Github
2026-03-18 14:33:38 Success.
2026-03-18 14:33:38 Latest version is 1.12.4
2026-03-18 14:33:38 App is up to date.
2026-03-18 15:33:37 Checking for update using Github
2026-03-18 15:33:53 Success.
2026-03-18 15:33:53 Latest version is 1.12.4
2026-03-18 15:33:53 App is up to date.
2026-03-18 16:33:37 Checking for update using Github
2026-03-18 16:33:48 Success.
2026-03-18 16:33:48 Latest version is 1.12.4
2026-03-18 16:33:48 App is up to date.
2026-03-18 18:24:36 Checking for update using Github
2026-03-18 18:24:48 Success.
2026-03-18 18:24:48 Latest version is 1.12.4
2026-03-18 18:24:48 App is up to date.
2026-03-18 18:31:42 Loaded main app package /usr/lib/obsidian/obsidian.asar
2026-03-18 18:31:43 Checking for update using Github
2026-03-18 18:34:01 Success.
2026-03-18 18:34:01 Latest version is 1.12.4
2026-03-18 18:34:01 App is up to date.
2026-03-19 14:48:43 Loaded main app package /usr/lib/obsidian/obsidian.asar
2026-03-19 14:48:49 Checking for update using Github
2026-03-19 14:48:51 Success.
2026-03-19 14:48:51 Latest version is 1.12.4
2026-03-19 14:48:51 App is up to date.
2026-03-19 15:48:43 Checking for update using Github
2026-03-19 15:48:46 Success.
2026-03-19 15:48:46 Latest version is 1.12.4
2026-03-19 15:48:46 App is up to date.
2026-03-19 18:13:28 Loaded main app package /usr/lib/obsidian/obsidian.asar
2026-03-19 18:13:28 Checking for update using Github
2026-03-19 18:13:48 Failed to check for update using Github (net::ERR_ADDRESS_UNREACHABLE)
2026-03-19 18:13:48 Checking for update using obsidian.md
2026-03-19 18:13:51 Failed to check for update using obsidian.md (net::ERR_NAME_NOT_RESOLVED)
2026-03-19 18:30:29 Loaded main app package /usr/lib/obsidian/obsidian.asar
2026-03-19 18:30:29 Checking for update using Github
2026-03-19 18:30:30 Success.
2026-03-19 18:30:30 Latest version is 1.12.4
2026-03-19 18:30:30 App is up to date.
2026-03-20 14:13:59 Loaded main app package /usr/lib/obsidian/obsidian.asar
2026-03-20 14:13:59 Checking for update using Github
2026-03-20 14:14:01 Success.
2026-03-20 14:14:01 Latest version is 1.12.4
2026-03-20 14:14:01 App is up to date.
2026-03-20 15:13:59 Checking for update using Github
2026-03-20 15:13:59 Success.
2026-03-20 15:13:59 Latest version is 1.12.4
2026-03-20 15:13:59 App is up to date.
2026-03-20 20:05:06 Checking for update using Github
2026-03-20 20:05:06 Success.
2026-03-20 20:05:06 Latest version is 1.12.4
2026-03-20 20:05:06 App is up to date.
2026-03-21 10:25:02 Loaded main app package /usr/lib/obsidian/obsidian.asar
2026-03-21 10:25:03 Checking for update using Github
2026-03-21 10:25:06 Success.
2026-03-21 10:25:06 Latest version is 1.12.4
2026-03-21 10:25:06 App is up to date.
2026-03-21 10:48:58 Loaded main app package /usr/lib/obsidian/obsidian.asar
2026-03-21 10:48:58 Checking for update using Github
2026-03-21 10:49:00 Success.
2026-03-21 10:49:00 Latest version is 1.12.4
2026-03-21 10:49:00 App is up to date.
2026-03-21 11:48:58 Checking for update using Github
2026-03-21 11:49:06 Success.
2026-03-21 11:49:06 Latest version is 1.12.4
2026-03-21 11:49:06 App is up to date.
2026-03-21 16:50:04 Loaded main app package /usr/lib/obsidian/obsidian.asar
2026-03-21 16:50:04 Checking for update using Github
2026-03-21 16:50:04 Success.
2026-03-21 16:50:04 Latest version is 1.12.4
2026-03-21 16:50:04 App is up to date.
2026-03-21 17:50:04 Checking for update using Github
2026-03-21 17:50:09 Success.
2026-03-21 17:50:09 Latest version is 1.12.4
2026-03-21 17:50:09 App is up to date.
2026-03-21 20:20:49 Checking for update using Github
2026-03-21 20:20:49 Success.
2026-03-21 20:20:49 Latest version is 1.12.4
2026-03-21 20:20:49 App is up to date.
2026-03-22 14:44:04 Loaded main app package /usr/lib/obsidian/obsidian.asar
2026-03-22 14:44:04 Checking for update using Github
2026-03-22 14:44:05 Success.
2026-03-22 14:44:05 Latest version is 1.12.4
2026-03-22 14:44:05 App is up to date.
2026-03-22 16:29:39 Checking for update using Github
2026-03-22 16:29:39 Success.
2026-03-22 16:29:39 Latest version is 1.12.4
2026-03-22 16:29:39 App is up to date.
2026-03-22 17:33:05 Loaded main app package /usr/lib/obsidian/obsidian.asar
2026-03-22 17:33:05 Checking for update using Github
2026-03-22 17:33:05 Success.
2026-03-22 17:33:05 Latest version is 1.12.4
2026-03-22 17:33:05 App is up to date.
2026-03-22 19:12:38 Loaded main app package /usr/lib/obsidian/obsidian.asar
2026-03-22 19:12:38 Checking for update using Github
2026-03-22 19:12:38 Success.
2026-03-22 19:12:38 Latest version is 1.12.4
2026-03-22 19:12:38 App is up to date.
2026-03-22 20:51:45 Loaded main app package /usr/lib/obsidian/obsidian.asar
2026-03-22 20:51:45 Checking for update using Github
2026-03-22 20:51:45 Success.
2026-03-22 20:51:45 Latest version is 1.12.4
2026-03-22 20:51:45 App is up to date.
2026-03-22 22:08:55 Checking for update using Github
2026-03-22 22:08:56 Success.
2026-03-22 22:08:56 Latest version is 1.12.4
2026-03-22 22:08:56 App is up to date.
2026-03-22 23:08:55 Checking for update using Github
2026-03-22 23:08:55 Success.
2026-03-22 23:08:55 Latest version is 1.12.4
2026-03-22 23:08:55 App is up to date.
2026-03-23 12:43:18 Loaded main app package /usr/lib/obsidian/obsidian.asar
2026-03-23 12:43:18 Checking for update using Github
2026-03-23 12:43:19 Success.
2026-03-23 12:43:19 Latest version is 1.12.4
2026-03-23 12:43:19 App is up to date.
2026-03-23 13:43:18 Checking for update using Github
2026-03-23 13:43:19 Success.
2026-03-23 13:43:19 Latest version is 1.12.4
2026-03-23 13:43:19 App is up to date.
2026-03-23 14:43:18 Checking for update using Github
2026-03-23 14:43:21 Success.
2026-03-23 14:43:21 Latest version is 1.12.4
2026-03-23 14:43:21 App is up to date.
2026-03-23 15:43:18 Checking for update using Github
2026-03-23 15:43:20 Success.
2026-03-23 15:43:20 Latest version is 1.12.4
2026-03-23 15:43:20 App is up to date.
2026-03-23 15:49:51 Loaded main app package /usr/lib/obsidian/obsidian.asar
2026-03-23 15:49:52 Checking for update using Github
2026-03-23 15:49:58 Success.
2026-03-23 15:49:58 Latest version is 1.12.4
2026-03-23 15:49:58 App is up to date.
2026-03-23 16:49:51 Checking for update using Github
2026-03-23 16:49:55 Success.
2026-03-23 16:49:55 Latest version is 1.12.7
2026-03-23 16:49:55 Downloading update from https://github.com/obsidianmd/obsidian-releases/releases/download/v1.12.7/obsidian-1.12.7.asar.gz
2026-03-23 16:50:31 Verifying hash & signature. Size= 8323080
2026-03-23 16:50:31 Saving file
2026-03-23 16:50:31 Update complete.
2026-03-23 17:07:17 Loaded updated app package /home/credo/.config/obsidian/obsidian-1.12.7.asar
2026-03-23 17:07:17 Checking for update using Github
2026-03-23 17:07:20 Success.
2026-03-23 17:07:20 Latest version is 1.12.7
2026-03-23 17:07:20 App is up to date.
2026-03-23 18:07:17 Checking for update using Github
2026-03-23 18:07:19 Success.
2026-03-23 18:07:19 Latest version is 1.12.7
2026-03-23 18:07:19 App is up to date.
2026-03-23 20:16:52 Checking for update using Github
2026-03-23 20:16:53 Success.
2026-03-23 20:16:53 Latest version is 1.12.7
2026-03-23 20:16:53 App is up to date.
2026-03-23 21:16:53 Checking for update using Github
2026-03-23 21:16:53 Success.
2026-03-23 21:16:53 Latest version is 1.12.7
2026-03-23 21:16:53 App is up to date.
2026-03-23 22:57:42 Loaded updated app package /home/credo/.config/obsidian/obsidian-1.12.7.asar
2026-03-23 22:57:43 Checking for update using Github
2026-03-23 22:57:43 Success.
2026-03-23 22:57:43 Latest version is 1.12.7
2026-03-23 22:57:43 App is up to date.
2026-03-24 14:26:06 Loaded main app package /usr/lib/obsidian/obsidian.asar
2026-03-24 14:26:07 Checking for update using Github
2026-03-24 14:26:10 Success.
2026-03-24 14:26:10 Latest version is 1.12.7
2026-03-24 14:26:10 App is up to date.
2026-03-24 14:54:02 Loaded main app package /usr/lib/obsidian/obsidian.asar
2026-03-24 14:54:03 Checking for update using Github
2026-03-24 14:54:03 Success.
2026-03-24 14:54:03 Latest version is 1.12.7
2026-03-24 14:54:03 App is up to date.
2026-03-24 15:54:02 Checking for update using Github
2026-03-24 15:54:04 Success.
2026-03-24 15:54:04 Latest version is 1.12.7
2026-03-24 15:54:04 App is up to date.
2026-03-24 16:54:02 Checking for update using Github
2026-03-24 16:54:05 Success.
2026-03-24 16:54:05 Latest version is 1.12.7
2026-03-24 16:54:05 App is up to date.
2026-03-24 17:45:57 Loaded main app package /usr/lib/obsidian/obsidian.asar
2026-03-24 17:45:58 Checking for update using Github
2026-03-24 17:46:04 Success.
2026-03-24 17:46:04 Latest version is 1.12.7
2026-03-24 17:46:04 App is up to date.
2026-03-24 18:45:57 Checking for update using Github
2026-03-24 18:45:59 Success.
2026-03-24 18:45:59 Latest version is 1.12.7
2026-03-24 18:45:59 App is up to date.
2026-03-25 11:17:32 Loaded main app package /usr/lib/obsidian/obsidian.asar
2026-03-25 11:17:33 Checking for update using Github
2026-03-25 11:17:33 Failed to check for update using Github (net::ERR_NAME_NOT_RESOLVED)
2026-03-25 11:17:33 Checking for update using obsidian.md
2026-03-25 11:17:33 Failed to check for update using obsidian.md (net::ERR_NAME_NOT_RESOLVED)
2026-03-25 12:29:37 Checking for update using Github
2026-03-25 12:29:40 Success.
2026-03-25 12:29:40 Latest version is 1.12.7
2026-03-25 12:29:40 App is up to date.
2026-03-25 13:29:37 Checking for update using Github
2026-03-25 13:29:43 Success.
2026-03-25 13:29:43 Latest version is 1.12.7
2026-03-25 13:29:43 App is up to date.
2026-03-25 14:29:37 Checking for update using Github
2026-03-25 14:29:47 Success.
2026-03-25 14:29:47 Latest version is 1.12.7
2026-03-25 14:29:47 App is up to date.
2026-03-25 15:29:37 Checking for update using Github
2026-03-25 15:29:37 Success.
2026-03-25 15:29:37 Latest version is 1.12.7
2026-03-25 15:29:37 App is up to date.
2026-03-25 16:29:37 Checking for update using Github
2026-03-25 16:29:38 Success.
2026-03-25 16:29:38 Latest version is 1.12.7
2026-03-25 16:29:38 App is up to date.
2026-03-25 17:29:37 Checking for update using Github
2026-03-25 17:29:40 Success.
2026-03-25 17:29:40 Latest version is 1.12.7
2026-03-25 17:29:40 App is up to date.
2026-03-25 17:31:15 Loaded main app package /usr/lib/obsidian/obsidian.asar
2026-03-25 17:31:16 Checking for update using Github
2026-03-25 17:31:16 Success.
2026-03-25 17:31:16 Latest version is 1.12.7
2026-03-25 17:31:16 App is up to date.
2026-03-25 17:31:46 Loaded main app package /usr/lib/obsidian/obsidian.asar
2026-03-25 17:31:47 Checking for update using Github
2026-03-25 17:31:47 Success.
2026-03-25 17:31:47 Latest version is 1.12.7
2026-03-25 17:31:47 App is up to date.
2026-03-25 18:31:46 Checking for update using Github
2026-03-25 18:31:48 Success.
2026-03-25 18:31:48 Latest version is 1.12.7
2026-03-25 18:31:48 App is up to date.
2026-03-26 11:25:05 Loaded main app package /usr/lib/obsidian/obsidian.asar
2026-03-26 11:25:06 Checking for update using Github
2026-03-26 11:25:06 Success.
2026-03-26 11:25:06 Latest version is 1.12.7
2026-03-26 11:25:06 App is up to date.
2026-03-26 15:35:29 Loaded main app package /usr/lib/obsidian/obsidian.asar
2026-03-26 15:35:30 Checking for update using Github
2026-03-26 15:35:30 Success.
2026-03-26 15:35:30 Latest version is 1.12.7
2026-03-26 15:35:30 App is up to date.
2026-03-26 16:35:29 Checking for update using Github
2026-03-26 16:35:30 Success.
2026-03-26 16:35:30 Latest version is 1.12.7
2026-03-26 16:35:30 App is up to date.
2026-03-26 17:12:46 Loaded main app package /usr/lib/obsidian/obsidian.asar
2026-03-26 17:12:46 Checking for update using Github
2026-03-26 17:12:48 Success.
2026-03-26 17:12:48 Latest version is 1.12.7
2026-03-26 17:12:48 App is up to date.
2026-03-26 17:19:06 Loaded main app package /usr/lib/obsidian/obsidian.asar
2026-03-26 17:19:06 Checking for update using Github
2026-03-26 17:19:07 Success.
2026-03-26 17:19:07 Latest version is 1.12.7
2026-03-26 17:19:07 App is up to date.
2026-03-26 17:19:49 Loaded main app package /usr/lib/obsidian/obsidian.asar
2026-03-26 17:19:49 Checking for update using Github
2026-03-26 17:19:49 Success.
2026-03-26 17:19:49 Latest version is 1.12.7
2026-03-26 17:19:49 App is up to date.
2026-03-26 18:19:49 Checking for update using Github
2026-03-26 18:19:51 Success.
2026-03-26 18:19:51 Latest version is 1.12.7
2026-03-26 18:19:51 App is up to date.
2026-03-27 00:22:32 Loaded main app package /usr/lib/obsidian/obsidian.asar
2026-03-27 00:22:32 Checking for update using Github
2026-03-27 10:30:45 Loaded main app package /usr/lib/obsidian/obsidian.asar
2026-03-27 10:30:45 Checking for update using Github
2026-03-27 10:30:51 Success.
2026-03-27 10:30:51 Latest version is 1.12.7
2026-03-27 10:30:51 App is up to date.
2026-03-27 11:30:45 Checking for update using Github
2026-03-27 11:30:46 Success.
2026-03-27 11:30:46 Latest version is 1.12.7
2026-03-27 11:30:46 App is up to date.
2026-03-27 15:00:57 Loaded main app package /usr/lib/obsidian/obsidian.asar
2026-03-27 15:00:57 Checking for update using Github
2026-03-27 15:00:59 Success.
2026-03-27 15:00:59 Latest version is 1.12.7
2026-03-27 15:00:59 App is up to date.
2026-03-27 16:00:57 Checking for update using Github
2026-03-27 16:00:58 Success.
2026-03-27 16:00:58 Latest version is 1.12.7
2026-03-27 16:00:58 App is up to date.
2026-03-27 17:00:57 Checking for update using Github
2026-03-27 17:00:58 Success.
2026-03-27 17:00:58 Latest version is 1.12.7
2026-03-27 17:00:58 App is up to date.
2026-03-27 18:00:57 Checking for update using Github
2026-03-27 18:00:57 Failed to check for update using Github (net::ERR_NAME_NOT_RESOLVED)
2026-03-27 18:00:57 Checking for update using obsidian.md
2026-03-27 18:00:57 Failed to check for update using obsidian.md (net::ERR_NAME_NOT_RESOLVED)
2026-03-27 19:35:41 Checking for update using Github
2026-03-27 19:35:41 Failed to check for update using Github (net::ERR_NAME_NOT_RESOLVED)
2026-03-27 19:35:41 Checking for update using obsidian.md
2026-03-27 19:35:41 Failed to check for update using obsidian.md (net::ERR_NAME_NOT_RESOLVED)
2026-03-28 07:50:21 Loaded main app package /usr/lib/obsidian/obsidian.asar
2026-03-28 07:50:22 Checking for update using Github
2026-03-28 07:51:13 Failed to check for update using Github (net::ERR_TIMED_OUT)
2026-03-28 07:51:13 Checking for update using obsidian.md
2026-03-28 07:51:26 Failed to check for update using obsidian.md (net::ERR_TIMED_OUT)
2026-03-28 08:50:22 Checking for update using Github
2026-03-28 08:50:33 Success.
2026-03-28 08:50:33 Latest version is 1.12.7
2026-03-28 08:50:33 App is up to date.
2026-03-28 10:08:25 Checking for update using Github
2026-03-28 10:08:32 Success.
2026-03-28 10:08:32 Latest version is 1.12.7
2026-03-28 10:08:32 App is up to date.
2026-03-28 11:08:24 Checking for update using Github
2026-03-28 11:08:25 Success.
2026-03-28 11:08:25 Latest version is 1.12.7
2026-03-28 11:08:25 App is up to date.
2026-03-28 17:11:06 Loaded main app package /usr/lib/obsidian/obsidian.asar
2026-03-28 17:11:06 Checking for update using Github
2026-03-28 17:11:07 Success.
2026-03-28 17:11:07 Latest version is 1.12.7
2026-03-28 17:11:07 App is up to date.
2026-03-29 09:56:11 Loaded main app package /usr/lib/obsidian/obsidian.asar
2026-03-29 09:56:11 Checking for update using Github
2026-03-29 09:56:16 Success.
2026-03-29 09:56:16 Latest version is 1.12.7
2026-03-29 09:56:16 App is up to date.
2026-03-29 09:56:29 Loaded main app package /usr/lib/obsidian/obsidian.asar
2026-03-29 12:54:04 Loaded main app package /usr/lib/obsidian/obsidian.asar
2026-03-29 12:54:04 Checking for update using Github
2026-03-29 12:54:04 Success.
2026-03-29 12:54:04 Latest version is 1.12.7
2026-03-29 12:54:04 App is up to date.
2026-03-29 13:54:05 Checking for update using Github
2026-03-29 13:54:05 Success.
2026-03-29 13:54:05 Latest version is 1.12.7
2026-03-29 13:54:05 App is up to date.
2026-03-29 15:05:51 Checking for update using Github
2026-03-29 15:05:52 Success.
2026-03-29 15:05:52 Latest version is 1.12.7
2026-03-29 15:05:52 App is up to date.
2026-03-29 17:59:07 Checking for update using Github
2026-03-29 17:59:07 Success.
2026-03-29 17:59:07 Latest version is 1.12.7
2026-03-29 17:59:07 App is up to date.
2026-03-29 18:59:07 Checking for update using Github
2026-03-29 18:59:07 Success.
2026-03-29 18:59:07 Latest version is 1.12.7
2026-03-29 18:59:07 App is up to date.
2026-03-29 20:26:11 Checking for update using Github
2026-03-29 20:26:11 Success.
2026-03-29 20:26:11 Latest version is 1.12.7
2026-03-29 20:26:11 App is up to date.
2026-03-29 21:36:57 Checking for update using Github
2026-03-29 21:36:57 Success.
2026-03-29 21:36:57 Latest version is 1.12.7
2026-03-29 21:36:57 App is up to date.
2026-03-29 22:36:57 Checking for update using Github
2026-03-29 22:36:57 Success.
2026-03-29 22:36:57 Latest version is 1.12.7
2026-03-29 22:36:57 App is up to date.
2026-03-30 12:51:04 Loaded main app package /usr/lib/obsidian/obsidian.asar
2026-03-30 12:51:04 Checking for update using Github
2026-03-30 12:51:05 Success.
2026-03-30 12:51:05 Latest version is 1.12.7
2026-03-30 12:51:05 App is up to date.
2026-03-30 13:51:04 Checking for update using Github
2026-03-30 13:51:05 Success.
2026-03-30 13:51:05 Latest version is 1.12.7
2026-03-30 13:51:05 App is up to date.
2026-03-30 14:51:04 Checking for update using Github
2026-03-30 14:51:05 Success.
2026-03-30 14:51:05 Latest version is 1.12.7
2026-03-30 14:51:05 App is up to date.
2026-03-30 15:51:04 Checking for update using Github
2026-03-30 15:51:05 Success.
2026-03-30 15:51:05 Latest version is 1.12.7
2026-03-30 15:51:05 App is up to date.
2026-03-30 16:51:05 Checking for update using Github
2026-03-30 16:51:05 Success.
2026-03-30 16:51:05 Latest version is 1.12.7
2026-03-30 16:51:05 App is up to date.
2026-03-30 17:51:05 Checking for update using Github
2026-03-30 17:51:06 Success.
2026-03-30 17:51:06 Latest version is 1.12.7
2026-03-30 17:51:06 App is up to date.
2026-03-30 18:51:05 Checking for update using Github
2026-03-30 18:51:06 Success.
2026-03-30 18:51:06 Latest version is 1.12.7
2026-03-30 18:51:06 App is up to date.
2026-03-31 14:48:53 Loaded main app package /usr/lib/obsidian/obsidian.asar
2026-03-31 14:48:54 Checking for update using Github
2026-03-31 14:48:57 Success.
2026-03-31 14:48:57 Latest version is 1.12.7
2026-03-31 14:48:57 App is up to date.
2026-03-31 15:48:53 Checking for update using Github
2026-03-31 15:48:54 Success.
2026-03-31 15:48:54 Latest version is 1.12.7
2026-03-31 15:48:54 App is up to date.
2026-03-31 17:19:23 Checking for update using Github
2026-03-31 17:19:24 Success.
2026-03-31 17:19:24 Latest version is 1.12.7
2026-03-31 17:19:24 App is up to date.
2026-03-31 18:19:23 Checking for update using Github
2026-03-31 18:19:24 Success.
2026-03-31 18:19:24 Latest version is 1.12.7
2026-03-31 18:19:24 App is up to date.
2026-03-31 21:36:03 Checking for update using Github
2026-03-31 21:36:04 Success.
2026-03-31 21:36:04 Latest version is 1.12.7
2026-03-31 21:36:04 App is up to date.
2026-03-31 22:48:28 Checking for update using Github
2026-03-31 22:48:34 Success.
2026-03-31 22:48:34 Latest version is 1.12.7
2026-03-31 22:48:34 App is up to date.
2026-04-01 08:27:54 Loaded main app package /usr/lib/obsidian/obsidian.asar
2026-04-01 08:27:54 Checking for update using Github
2026-04-01 08:28:28 Success.
2026-04-01 08:28:28 Latest version is 1.12.7
2026-04-01 08:28:28 App is up to date.
2026-04-01 09:51:14 Checking for update using Github
2026-04-01 09:51:15 Success.
2026-04-01 09:51:15 Latest version is 1.12.7
2026-04-01 09:51:15 App is up to date.
2026-04-01 10:51:14 Checking for update using Github
2026-04-01 10:51:20 Success.
2026-04-01 10:51:20 Latest version is 1.12.7
2026-04-01 10:51:20 App is up to date.
2026-04-01 12:42:48 Checking for update using Github
2026-04-01 12:42:50 Success.
2026-04-01 12:42:50 Latest version is 1.12.7
2026-04-01 12:42:50 App is up to date.
2026-04-01 13:42:49 Checking for update using Github
2026-04-01 13:42:50 Success.
2026-04-01 13:42:50 Latest version is 1.12.7
2026-04-01 13:42:50 App is up to date.
2026-04-01 14:42:49 Checking for update using Github
2026-04-01 14:42:51 Success.
2026-04-01 14:42:51 Latest version is 1.12.7
2026-04-01 14:42:51 App is up to date.
2026-04-01 15:42:49 Checking for update using Github
2026-04-01 15:42:50 Success.
2026-04-01 15:42:50 Latest version is 1.12.7
2026-04-01 15:42:50 App is up to date.
2026-04-01 16:43:54 Checking for update using Github
2026-04-01 16:43:55 Success.
2026-04-01 16:43:55 Latest version is 1.12.7
2026-04-01 16:43:55 App is up to date.
2026-04-01 17:46:40 Loaded main app package /usr/lib/obsidian/obsidian.asar
2026-04-01 17:46:40 Checking for update using Github
2026-04-01 17:47:30 Failed to check for update using Github (net::ERR_NETWORK_CHANGED)
2026-04-01 17:47:30 Checking for update using obsidian.md
2026-04-01 17:47:36 Failed to check for update using obsidian.md (Unexpected end of JSON input)
2026-04-01 18:46:40 Checking for update using Github
2026-04-01 18:46:41 Success.
2026-04-01 18:46:41 Latest version is 1.12.7
2026-04-01 18:46:41 App is up to date.
2026-04-01 21:58:45 Checking for update using Github
2026-04-01 21:58:50 Success.
2026-04-01 21:58:50 Latest version is 1.12.7
2026-04-01 21:58:50 App is up to date.
2026-04-01 23:18:34 Checking for update using Github
2026-04-01 23:18:35 Success.
2026-04-01 23:18:35 Latest version is 1.12.7
2026-04-01 23:18:35 App is up to date.
2026-04-02 13:38:29 Loaded main app package /usr/lib/obsidian/obsidian.asar
2026-04-02 13:38:29 Checking for update using Github
2026-04-02 13:38:30 Success.
2026-04-02 13:38:30 Latest version is 1.12.7
2026-04-02 13:38:30 App is up to date.
2026-04-02 14:38:29 Checking for update using Github
2026-04-02 14:38:37 Success.
2026-04-02 14:38:37 Latest version is 1.12.7
2026-04-02 14:38:37 App is up to date.
2026-04-06 11:11:52 Loaded main app package /usr/lib/obsidian/obsidian.asar
2026-04-06 11:11:53 Checking for update using Github
2026-04-06 11:11:53 Success.
2026-04-06 11:11:53 Latest version is 1.12.7
2026-04-06 11:11:53 App is up to date.
2026-04-06 12:11:52 Checking for update using Github
2026-04-06 12:11:54 Success.
2026-04-06 12:11:54 Latest version is 1.12.7
2026-04-06 12:11:54 App is up to date.
2026-04-06 13:11:52 Checking for update using Github
2026-04-06 13:11:53 Success.
2026-04-06 13:11:53 Latest version is 1.12.7
2026-04-06 13:11:53 App is up to date.
2026-04-06 14:19:11 Checking for update using Github
2026-04-06 14:19:12 Success.
2026-04-06 14:19:12 Latest version is 1.12.7
2026-04-06 14:19:12 App is up to date.
2026-04-06 16:12:16 Checking for update using Github
2026-04-06 16:12:16 Success.
2026-04-06 16:12:16 Latest version is 1.12.7
2026-04-06 16:12:16 App is up to date.
2026-04-06 17:12:16 Checking for update using Github
2026-04-06 17:12:16 Success.
2026-04-06 17:12:16 Latest version is 1.12.7
2026-04-06 17:12:16 App is up to date.
2026-04-06 18:12:16 Checking for update using Github
2026-04-06 18:12:18 Success.
2026-04-06 18:12:18 Latest version is 1.12.7
2026-04-06 18:12:18 App is up to date.
2026-04-07 23:33:14 Loaded main app package /usr/lib/obsidian/obsidian.asar
2026-04-07 23:33:14 Checking for update using Github
2026-04-07 23:33:14 Success.
2026-04-07 23:33:14 Latest version is 1.12.7
2026-04-07 23:33:14 App is up to date.
2026-04-08 00:33:22 Checking for update using Github
2026-04-08 00:33:24 Success.
2026-04-08 00:33:24 Latest version is 1.12.7
2026-04-08 00:33:24 App is up to date.
2026-04-08 01:33:22 Checking for update using Github
2026-04-08 01:33:22 Success.
2026-04-08 01:33:22 Latest version is 1.12.7
2026-04-08 01:33:22 App is up to date.
2026-04-10 09:51:41 Loaded main app package /usr/lib/obsidian/obsidian.asar
2026-04-10 09:51:41 Checking for update using Github
2026-04-10 09:51:42 Success.
2026-04-10 09:51:42 Latest version is 1.12.7
2026-04-10 09:51:42 App is up to date.
2026-04-10 09:56:02 Loaded main app package /usr/lib/obsidian/obsidian.asar
2026-04-10 09:56:02 Checking for update using Github
2026-04-10 09:56:02 Success.
2026-04-10 09:56:02 Latest version is 1.12.7
2026-04-10 09:56:02 App is up to date.
2026-04-10 10:56:01 Checking for update using Github
2026-04-10 10:56:02 Success.
2026-04-10 10:56:02 Latest version is 1.12.7
2026-04-10 10:56:02 App is up to date.
2026-04-10 16:31:01 Loaded main app package /usr/lib/obsidian/obsidian.asar
2026-04-10 16:31:01 Checking for update using Github
2026-04-10 16:31:04 Success.
2026-04-10 16:31:04 Latest version is 1.12.7
2026-04-10 16:31:04 App is up to date.
2026-04-16 08:50:44 Loaded main app package /usr/lib/obsidian/obsidian.asar
2026-04-16 08:50:53 Checking for update using Github
2026-04-16 08:50:53 Success.
2026-04-16 08:50:53 Latest version is 1.12.7
2026-04-16 08:50:53 App is up to date.
2026-04-16 09:50:43 Checking for update using Github
2026-04-16 09:50:44 Success.
2026-04-16 09:50:44 Latest version is 1.12.7
2026-04-16 09:50:44 App is up to date.
2026-04-18 17:27:23 Loaded main app package /usr/lib/obsidian/obsidian.asar
2026-04-18 17:27:23 Checking for update using Github
2026-04-18 17:27:27 Success.
2026-04-18 17:27:27 Latest version is 1.12.7
2026-04-18 17:27:27 App is up to date.
2026-04-18 18:30:13 Checking for update using Github
2026-04-18 18:30:13 Success.
2026-04-18 18:30:13 Latest version is 1.12.7
2026-04-18 18:30:13 App is up to date.
2026-04-19 11:40:33 Loaded main app package /usr/lib/obsidian/obsidian.asar
2026-04-19 11:40:34 Checking for update using Github
2026-04-19 11:40:38 Success.
2026-04-19 11:40:38 Latest version is 1.12.7
2026-04-19 11:40:38 App is up to date.
2026-04-19 12:40:33 Checking for update using Github
2026-04-19 12:40:34 Success.
2026-04-19 12:40:34 Latest version is 1.12.7
2026-04-19 12:40:34 App is up to date.
2026-04-19 13:40:33 Checking for update using Github
2026-04-19 13:40:34 Success.
2026-04-19 13:40:34 Latest version is 1.12.7
2026-04-19 13:40:34 App is up to date.
2026-04-19 14:47:55 Checking for update using Github
2026-04-19 14:47:56 Success.
2026-04-19 14:47:56 Latest version is 1.12.7
2026-04-19 14:47:56 App is up to date.
2026-04-19 20:58:12 Checking for update using Github
2026-04-19 20:58:13 Success.
2026-04-19 20:58:13 Latest version is 1.12.7
2026-04-19 20:58:13 App is up to date.
2026-04-19 22:04:54 Checking for update using Github
2026-04-19 22:04:55 Success.
2026-04-19 22:04:55 Latest version is 1.12.7
2026-04-19 22:04:55 App is up to date.
2026-04-20 12:12:51 Loaded main app package /usr/lib/obsidian/obsidian.asar
2026-04-20 12:12:51 Checking for update using Github
2026-04-20 12:12:51 Failed to check for update using Github (net::ERR_NAME_NOT_RESOLVED)
2026-04-20 12:12:51 Checking for update using obsidian.md
2026-04-20 12:12:51 Failed to check for update using obsidian.md (net::ERR_NAME_NOT_RESOLVED)
2026-04-20 13:12:51 Checking for update using Github
2026-04-20 13:12:52 Success.
2026-04-20 13:12:52 Latest version is 1.12.7
2026-04-20 13:12:52 App is up to date.
2026-04-20 14:12:52 Checking for update using Github
2026-04-20 14:12:59 Success.
2026-04-20 14:12:59 Latest version is 1.12.7
2026-04-20 14:12:59 App is up to date.
2026-04-20 15:12:52 Checking for update using Github
2026-04-20 15:12:54 Success.
2026-04-20 15:12:54 Latest version is 1.12.7
2026-04-20 15:12:54 App is up to date.
2026-04-20 16:12:52 Checking for update using Github
2026-04-20 16:12:52 Failed to check for update using Github (net::ERR_NAME_NOT_RESOLVED)
2026-04-20 16:12:52 Checking for update using obsidian.md
2026-04-20 16:12:52 Failed to check for update using obsidian.md (net::ERR_NAME_NOT_RESOLVED)
2026-04-20 17:12:52 Checking for update using Github
2026-04-20 17:12:52 Failed to check for update using Github (net::ERR_NAME_NOT_RESOLVED)
2026-04-20 17:12:52 Checking for update using obsidian.md
2026-04-20 17:12:52 Failed to check for update using obsidian.md (net::ERR_NAME_NOT_RESOLVED)
2026-04-20 18:12:52 Checking for update using Github
2026-04-20 18:12:52 Failed to check for update using Github (net::ERR_NAME_NOT_RESOLVED)
2026-04-20 18:12:52 Checking for update using obsidian.md
2026-04-20 18:12:52 Failed to check for update using obsidian.md (net::ERR_NAME_NOT_RESOLVED)
2026-04-20 20:26:15 Checking for update using Github
2026-04-20 20:26:15 Success.
2026-04-20 20:26:15 Latest version is 1.12.7
2026-04-20 20:26:15 App is up to date.
2026-04-20 22:14:54 Checking for update using Github
2026-04-20 22:14:55 Success.
2026-04-20 22:14:55 Latest version is 1.12.7
2026-04-20 22:14:55 App is up to date.
2026-04-20 23:14:55 Checking for update using Github
2026-04-20 23:14:55 Success.
2026-04-20 23:14:55 Latest version is 1.12.7
2026-04-20 23:14:55 App is up to date.
2026-04-21 12:37:55 Loaded main app package /usr/lib/obsidian/obsidian.asar
2026-04-21 12:37:56 Checking for update using Github
2026-04-21 12:37:57 Success.
2026-04-21 12:37:57 Latest version is 1.12.7
2026-04-21 12:37:57 App is up to date.
2026-04-21 12:53:34 Loaded main app package /usr/lib/obsidian/obsidian.asar
2026-04-21 12:53:35 Checking for update using Github
2026-04-21 12:53:36 Success.
2026-04-21 12:53:36 Latest version is 1.12.7
2026-04-21 12:53:36 App is up to date.
2026-04-21 13:53:34 Checking for update using Github
2026-04-21 13:53:37 Success.
2026-04-21 13:53:37 Latest version is 1.12.7
2026-04-21 13:53:37 App is up to date.
2026-04-21 15:46:06 Checking for update using Github
2026-04-21 15:46:11 Success.
2026-04-21 15:46:11 Latest version is 1.12.7
2026-04-21 15:46:11 App is up to date.
2026-04-21 17:25:37 Checking for update using Github
2026-04-21 17:25:38 Success.
2026-04-21 17:25:38 Latest version is 1.12.7
2026-04-21 17:25:38 App is up to date.
2026-04-21 18:25:38 Checking for update using Github
2026-04-21 18:25:39 Success.
2026-04-21 18:25:39 Latest version is 1.12.7
2026-04-21 18:25:39 App is up to date.
2026-04-21 20:22:42 Checking for update using Github
2026-04-21 20:22:42 Failed to check for update using Github (net::ERR_NAME_NOT_RESOLVED)
2026-04-21 20:22:42 Checking for update using obsidian.md
2026-04-21 20:22:42 Failed to check for update using obsidian.md (net::ERR_NAME_NOT_RESOLVED)
2026-04-21 21:22:42 Checking for update using Github
2026-04-21 21:22:43 Success.
2026-04-21 21:22:43 Latest version is 1.12.7
2026-04-21 21:22:43 App is up to date.
2026-04-21 22:22:42 Checking for update using Github
2026-04-21 22:22:43 Success.
2026-04-21 22:22:43 Latest version is 1.12.7
2026-04-21 22:22:43 App is up to date.
2026-04-22 10:39:47 Loaded main app package /usr/lib/obsidian/obsidian.asar
2026-04-22 10:39:47 Checking for update using Github
2026-04-22 10:39:47 Failed to check for update using Github (net::ERR_NAME_NOT_RESOLVED)
2026-04-22 10:39:47 Checking for update using obsidian.md
2026-04-22 10:39:47 Failed to check for update using obsidian.md (net::ERR_NAME_NOT_RESOLVED)
2026-04-22 11:39:47 Checking for update using Github
2026-04-22 11:39:48 Success.
2026-04-22 11:39:48 Latest version is 1.12.7
2026-04-22 11:39:48 App is up to date.
2026-04-22 12:15:04 Loaded main app package /usr/lib/obsidian/obsidian.asar
2026-04-22 12:15:04 Checking for update using Github
2026-04-22 12:15:04 Failed to check for update using Github (net::ERR_NAME_NOT_RESOLVED)
2026-04-22 12:15:04 Checking for update using obsidian.md
2026-04-22 12:15:04 Failed to check for update using obsidian.md (net::ERR_NAME_NOT_RESOLVED)
2026-04-22 13:25:26 Checking for update using Github
2026-04-22 13:25:33 Success.
2026-04-22 13:25:33 Latest version is 1.12.7
2026-04-22 13:25:33 App is up to date.
2026-04-22 14:25:26 Checking for update using Github
2026-04-22 14:25:28 Success.
2026-04-22 14:25:28 Latest version is 1.12.7
2026-04-22 14:25:28 App is up to date.
2026-04-22 15:06:05 Loaded main app package /usr/lib/obsidian/obsidian.asar
2026-04-22 15:06:05 Checking for update using Github
2026-04-22 15:06:07 Success.
2026-04-22 15:06:07 Latest version is 1.12.7
2026-04-22 15:06:07 App is up to date.
2026-04-22 16:06:05 Checking for update using Github
2026-04-22 16:06:06 Success.
2026-04-22 16:06:06 Latest version is 1.12.7
2026-04-22 16:06:06 App is up to date.
2026-04-22 17:27:55 Checking for update using Github
2026-04-22 17:27:56 Success.
2026-04-22 17:27:56 Latest version is 1.12.7
2026-04-22 17:27:56 App is up to date.
2026-04-22 18:27:55 Checking for update using Github
2026-04-22 18:27:55 Success.
2026-04-22 18:27:55 Latest version is 1.12.7
2026-04-22 18:27:55 App is up to date.
2026-04-22 20:20:28 Checking for update using Github
2026-04-22 20:20:31 Success.
2026-04-22 20:20:31 Latest version is 1.12.7
2026-04-22 20:20:31 App is up to date.
2026-04-22 21:20:28 Checking for update using Github
2026-04-22 21:20:29 Success.
2026-04-22 21:20:29 Latest version is 1.12.7
2026-04-22 21:20:29 App is up to date.
2026-04-22 21:57:29 Loaded main app package /usr/lib/obsidian/obsidian.asar
2026-04-22 21:57:29 Checking for update using Github
2026-04-22 21:57:34 Success.
2026-04-22 21:57:34 Latest version is 1.12.7
2026-04-22 21:57:34 App is up to date.
2026-04-22 22:57:29 Checking for update using Github
2026-04-22 22:57:29 Success.
2026-04-22 22:57:29 Latest version is 1.12.7
2026-04-22 22:57:29 App is up to date.
2026-04-23 00:01:16 Checking for update using Github
2026-04-23 00:01:16 Success.
2026-04-23 00:01:16 Latest version is 1.12.7
2026-04-23 00:01:16 App is up to date.
2026-04-23 09:39:40 Loaded main app package /usr/lib/obsidian/obsidian.asar
2026-04-23 09:39:41 Checking for update using Github
2026-04-23 09:39:41 Success.
2026-04-23 09:39:41 Latest version is 1.12.7
2026-04-23 09:39:41 App is up to date.
2026-04-23 10:39:40 Checking for update using Github
2026-04-23 10:39:40 Success.
2026-04-23 10:39:40 Latest version is 1.12.7
2026-04-23 10:39:40 App is up to date.
2026-04-23 11:39:40 Checking for update using Github
2026-04-23 11:39:41 Success.
2026-04-23 11:39:41 Latest version is 1.12.7
2026-04-23 11:39:41 App is up to date.
2026-04-23 13:14:11 Checking for update using Github
2026-04-23 13:14:13 Success.
2026-04-23 13:14:13 Latest version is 1.12.7
2026-04-23 13:14:13 App is up to date.
2026-04-23 14:14:11 Checking for update using Github
2026-04-23 14:18:11 Failed to check for update using Github (net::ERR_TIMED_OUT)
2026-04-23 14:18:11 Checking for update using obsidian.md
2026-04-23 14:18:11 Failed to check for update using obsidian.md (net::ERR_DNS_NO_MATCHING_SUPPORTED_ALPN)
2026-04-23 15:14:11 Checking for update using Github
2026-04-23 15:14:12 Success.
2026-04-23 15:14:12 Latest version is 1.12.7
2026-04-23 15:14:12 App is up to date.
2026-04-23 16:04:19 Loaded main app package /usr/lib/obsidian/obsidian.asar
2026-04-23 16:04:20 Checking for update using Github
2026-04-23 16:04:20 Success.
2026-04-23 16:04:20 Latest version is 1.12.7
2026-04-23 16:04:20 App is up to date.
2026-04-23 16:54:34 Loaded main app package /usr/lib/obsidian/obsidian.asar
2026-04-23 16:54:35 Checking for update using Github
2026-04-23 16:54:38 Success.
2026-04-23 16:54:38 Latest version is 1.12.7
2026-04-23 16:54:38 App is up to date.
2026-04-23 17:54:34 Checking for update using Github
2026-04-23 17:54:36 Success.
2026-04-23 17:54:36 Latest version is 1.12.7
2026-04-23 17:54:36 App is up to date.
2026-04-23 18:54:34 Checking for update using Github
2026-04-23 18:54:35 Success.
2026-04-23 18:54:35 Latest version is 1.12.7
2026-04-23 18:54:35 App is up to date.
2026-04-24 09:26:47 Loaded main app package /usr/lib/obsidian/obsidian.asar
2026-04-24 09:26:48 Checking for update using Github
2026-04-24 09:26:48 Failed to check for update using Github (net::ERR_NAME_NOT_RESOLVED)
2026-04-24 09:26:48 Checking for update using obsidian.md
2026-04-24 09:26:48 Failed to check for update using obsidian.md (net::ERR_NAME_NOT_RESOLVED)
2026-04-24 12:50:44 Loaded main app package /usr/lib/obsidian/obsidian.asar
2026-04-24 12:50:45 Checking for update using Github
2026-04-24 12:54:45 Failed to check for update using Github (net::ERR_TIMED_OUT)
2026-04-24 12:54:45 Checking for update using obsidian.md
2026-04-24 12:54:45 Failed to check for update using obsidian.md (net::ERR_DNS_NO_MATCHING_SUPPORTED_ALPN)
2026-04-24 13:50:44 Checking for update using Github
2026-04-24 13:53:15 Failed to check for update using Github (net::ERR_ADDRESS_UNREACHABLE)
2026-04-24 13:53:15 Checking for update using obsidian.md
2026-04-24 13:54:44 Failed to check for update using obsidian.md (net::ERR_TIMED_OUT)
2026-04-24 14:50:44 Checking for update using Github
2026-04-24 14:54:45 Failed to check for update using Github (net::ERR_TIMED_OUT)
2026-04-24 14:54:45 Checking for update using obsidian.md
2026-04-24 14:54:45 Failed to check for update using obsidian.md (net::ERR_TIMED_OUT)
2026-04-24 15:50:44 Checking for update using Github
2026-04-24 15:50:46 Success.
2026-04-24 15:50:46 Latest version is 1.12.7
2026-04-24 15:50:46 App is up to date.
2026-04-24 17:35:35 Checking for update using Github
2026-04-24 17:35:36 Success.
2026-04-24 17:35:36 Latest version is 1.12.7
2026-04-24 17:35:36 App is up to date.
2026-04-24 18:35:35 Checking for update using Github
2026-04-24 18:35:37 Success.
2026-04-24 18:35:37 Latest version is 1.12.7
2026-04-24 18:35:37 App is up to date.
2026-04-25 00:53:15 Checking for update using Github
2026-04-25 00:53:16 Success.
2026-04-25 00:53:16 Latest version is 1.12.7
2026-04-25 00:53:16 App is up to date.
2026-04-25 01:53:15 Checking for update using Github
2026-04-25 01:53:15 Success.
2026-04-25 01:53:15 Latest version is 1.12.7
2026-04-25 01:53:15 App is up to date.
2026-04-25 02:53:15 Checking for update using Github
2026-04-25 02:53:15 Success.
2026-04-25 02:53:15 Latest version is 1.12.7
2026-04-25 02:53:15 App is up to date.
2026-04-25 08:03:29 Loaded main app package /usr/lib/obsidian/obsidian.asar
2026-04-25 08:03:30 Checking for update using Github
2026-04-25 08:03:31 Success.
2026-04-25 08:03:31 Latest version is 1.12.7
2026-04-25 08:03:31 App is up to date.
2026-04-25 09:03:29 Checking for update using Github
2026-04-25 09:03:30 Success.
2026-04-25 09:03:30 Latest version is 1.12.7
2026-04-25 09:03:30 App is up to date.
2026-04-25 10:16:28 Checking for update using Github
2026-04-25 10:16:29 Success.
2026-04-25 10:16:29 Latest version is 1.12.7
2026-04-25 10:16:29 App is up to date.
2026-04-28 12:46:28 Loaded main app package /usr/lib/obsidian/obsidian.asar
2026-04-28 12:46:28 Checking for update using Github
2026-04-28 12:46:29 Failed to check for update using Github (net::ERR_NAME_NOT_RESOLVED)
2026-04-28 12:46:29 Checking for update using obsidian.md
2026-04-28 12:46:29 Failed to check for update using obsidian.md (net::ERR_NAME_NOT_RESOLVED)
2026-04-28 13:46:28 Checking for update using Github
2026-04-28 13:46:28 Failed to check for update using Github (net::ERR_NAME_NOT_RESOLVED)
2026-04-28 13:46:28 Checking for update using obsidian.md
2026-04-28 13:46:28 Failed to check for update using obsidian.md (net::ERR_NAME_NOT_RESOLVED)
2026-04-28 14:46:28 Checking for update using Github
2026-04-28 14:46:28 Failed to check for update using Github (net::ERR_NAME_NOT_RESOLVED)
2026-04-28 14:46:28 Checking for update using obsidian.md
2026-04-28 14:46:28 Failed to check for update using obsidian.md (net::ERR_NAME_NOT_RESOLVED)
2026-04-28 15:46:28 Checking for update using Github
2026-04-28 15:46:29 Success.
2026-04-28 15:46:29 Latest version is 1.12.7
2026-04-28 15:46:29 App is up to date.
2026-04-28 16:46:29 Checking for update using Github
2026-04-28 16:46:29 Failed to check for update using Github (net::ERR_NAME_NOT_RESOLVED)
2026-04-28 16:46:29 Checking for update using obsidian.md
2026-04-28 16:46:29 Failed to check for update using obsidian.md (net::ERR_NAME_NOT_RESOLVED)
2026-04-28 22:21:03 Checking for update using Github
2026-04-28 22:21:03 Success.
2026-04-28 22:21:03 Latest version is 1.12.7
2026-04-28 22:21:03 App is up to date.
2026-04-29 12:40:57 Loaded main app package /usr/lib/obsidian/obsidian.asar
2026-04-29 12:40:57 Checking for update using Github
2026-04-29 12:40:58 Success.
2026-04-29 12:40:58 Latest version is 1.12.7
2026-04-29 12:40:58 App is up to date.
2026-04-29 13:40:58 Checking for update using Github
2026-04-29 13:40:59 Success.
2026-04-29 13:40:59 Latest version is 1.12.7
2026-04-29 13:40:59 App is up to date.
2026-04-29 14:40:58 Checking for update using Github
2026-04-29 14:40:59 Success.
2026-04-29 14:40:59 Latest version is 1.12.7
2026-04-29 14:40:59 App is up to date.
2026-04-29 15:40:58 Checking for update using Github
2026-04-29 15:41:00 Success.
2026-04-29 15:41:00 Latest version is 1.12.7
2026-04-29 15:41:00 App is up to date.
2026-04-29 16:40:58 Checking for update using Github
2026-04-29 16:40:59 Success.
2026-04-29 16:40:59 Latest version is 1.12.7
2026-04-29 16:40:59 App is up to date.
2026-04-29 17:40:58 Checking for update using Github
2026-04-29 17:40:59 Success.
2026-04-29 17:40:59 Latest version is 1.12.7
2026-04-29 17:40:59 App is up to date.
2026-04-29 22:34:04 Loaded main app package /usr/lib/obsidian/obsidian.asar
2026-04-29 22:34:05 Checking for update using Github
2026-04-29 22:34:05 Success.
2026-04-29 22:34:05 Latest version is 1.12.7
2026-04-29 22:34:05 App is up to date.
2026-04-30 12:52:55 Loaded main app package /usr/lib/obsidian/obsidian.asar
2026-04-30 12:52:56 Checking for update using Github
2026-04-30 12:53:15 Success.
2026-04-30 12:53:15 Latest version is 1.12.7
2026-04-30 12:53:15 App is up to date.
2026-04-30 13:52:56 Checking for update using Github
2026-04-30 13:52:57 Success.
2026-04-30 13:52:57 Latest version is 1.12.7
2026-04-30 13:52:57 App is up to date.
2026-04-30 14:52:56 Checking for update using Github
2026-04-30 14:52:57 Success.
2026-04-30 14:52:57 Latest version is 1.12.7
2026-04-30 14:52:57 App is up to date.
2026-04-30 15:52:56 Checking for update using Github
2026-04-30 15:52:59 Success.
2026-04-30 15:52:59 Latest version is 1.12.7
2026-04-30 15:52:59 App is up to date.
2026-04-30 16:52:56 Checking for update using Github
2026-04-30 16:52:56 Failed to check for update using Github (net::ERR_NAME_NOT_RESOLVED)
2026-04-30 16:52:56 Checking for update using obsidian.md
2026-04-30 16:52:56 Failed to check for update using obsidian.md (net::ERR_NAME_NOT_RESOLVED)
2026-04-30 17:41:45 Loaded main app package /usr/lib/obsidian/obsidian.asar
2026-04-30 17:41:45 Checking for update using Github
2026-04-30 17:43:37 Failed to check for update using Github (net::ERR_NAME_NOT_RESOLVED)
2026-04-30 17:43:37 Checking for update using obsidian.md
2026-04-30 17:45:26 Failed to check for update using obsidian.md (net::ERR_NAME_NOT_RESOLVED)
2026-04-30 18:15:55 Loaded main app package /usr/lib/obsidian/obsidian.asar
2026-04-30 18:15:56 Checking for update using Github
2026-04-30 18:15:56 Success.
2026-04-30 18:15:56 Latest version is 1.12.7
2026-04-30 18:15:56 App is up to date.
2026-05-02 07:42:34 Loaded main app package /usr/lib/obsidian/obsidian.asar
2026-05-02 07:42:34 Checking for update using Github
2026-05-02 07:42:39 Success.
2026-05-02 07:42:39 Latest version is 1.12.7
2026-05-02 07:42:39 App is up to date.
2026-05-02 08:42:34 Checking for update using Github
2026-05-02 08:42:35 Success.
2026-05-02 08:42:35 Latest version is 1.12.7
2026-05-02 08:42:35 App is up to date.
2026-05-02 09:42:34 Checking for update using Github
2026-05-02 09:42:35 Success.
2026-05-02 09:42:35 Latest version is 1.12.7
2026-05-02 09:42:35 App is up to date.
2026-05-02 10:42:34 Checking for update using Github
2026-05-02 10:42:35 Success.
2026-05-02 10:42:35 Latest version is 1.12.7
2026-05-02 10:42:35 App is up to date.
2026-05-02 11:42:34 Checking for update using Github
2026-05-02 11:42:35 Success.
2026-05-02 11:42:35 Latest version is 1.12.7
2026-05-02 11:42:35 App is up to date.
2026-05-02 18:56:59 Checking for update using Github
2026-05-02 18:56:59 Success.
2026-05-02 18:56:59 Latest version is 1.12.7
2026-05-02 18:56:59 App is up to date.
2026-05-02 20:48:30 Loaded main app package /usr/lib/obsidian/obsidian.asar
2026-05-02 20:48:30 Checking for update using Github
2026-05-02 20:48:31 Success.
2026-05-02 20:48:31 Latest version is 1.12.7
2026-05-02 20:48:31 App is up to date.
2026-05-02 22:31:24 Checking for update using Github
2026-05-02 22:31:25 Success.
2026-05-02 22:31:25 Latest version is 1.12.7
2026-05-02 22:31:25 App is up to date.
2026-05-04 08:01:22 Loaded main app package /usr/lib/obsidian/obsidian.asar
2026-05-04 08:01:22 Checking for update using Github
2026-05-04 08:01:26 Success.
2026-05-04 08:01:26 Latest version is 1.12.7
2026-05-04 08:01:26 App is up to date.
2026-05-04 09:19:46 Loaded main app package /usr/lib/obsidian/obsidian.asar
2026-05-04 09:19:46 Checking for update using Github
2026-05-04 09:19:59 Success.
2026-05-04 09:19:59 Latest version is 1.12.7
2026-05-04 09:19:59 App is up to date.
2026-05-04 10:30:39 Checking for update using Github
2026-05-04 10:30:39 Failed to check for update using Github (net::ERR_NAME_NOT_RESOLVED)
2026-05-04 10:30:39 Checking for update using obsidian.md
2026-05-04 10:30:39 Failed to check for update using obsidian.md (net::ERR_NAME_NOT_RESOLVED)
2026-05-04 11:30:42 Checking for update using Github
2026-05-04 11:30:46 Success.
2026-05-04 11:30:46 Latest version is 1.12.7
2026-05-04 11:30:46 App is up to date.
2026-05-04 12:24:15 Loaded main app package /usr/lib/obsidian/obsidian.asar
2026-05-04 12:24:15 Checking for update using Github
2026-05-04 12:24:17 Success.
2026-05-04 12:24:17 Latest version is 1.12.7
2026-05-04 12:24:17 App is up to date.
2026-05-04 13:24:15 Checking for update using Github
2026-05-04 13:24:26 Success.
2026-05-04 13:24:26 Latest version is 1.12.7
2026-05-04 13:24:26 App is up to date.
2026-05-04 14:24:15 Checking for update using Github
2026-05-04 14:24:20 Success.
2026-05-04 14:24:20 Latest version is 1.12.7
2026-05-04 14:24:20 App is up to date.
2026-05-04 15:24:15 Checking for update using Github
2026-05-04 15:24:22 Success.
2026-05-04 15:24:22 Latest version is 1.12.7
2026-05-04 15:24:22 App is up to date.
2026-05-04 16:24:15 Checking for update using Github
2026-05-04 16:24:23 Success.
2026-05-04 16:24:23 Latest version is 1.12.7
2026-05-04 16:24:23 App is up to date.
2026-05-04 17:24:16 Checking for update using Github
2026-05-04 17:24:17 Success.
2026-05-04 17:24:17 Latest version is 1.12.7
2026-05-04 17:24:17 App is up to date.
2026-05-04 18:24:16 Checking for update using Github
2026-05-04 18:24:19 Success.
2026-05-04 18:24:19 Latest version is 1.12.7
2026-05-04 18:24:19 App is up to date.
2026-05-04 20:45:35 Checking for update using Github
2026-05-04 20:45:36 Success.
2026-05-04 20:45:36 Latest version is 1.12.7
2026-05-04 20:45:36 App is up to date.
2026-05-04 21:45:35 Checking for update using Github
2026-05-04 21:45:44 Success.
2026-05-04 21:45:44 Latest version is 1.12.7
2026-05-04 21:45:44 App is up to date.
2026-05-04 22:45:35 Checking for update using Github
2026-05-04 22:45:36 Success.
2026-05-04 22:45:36 Latest version is 1.12.7
2026-05-04 22:45:36 App is up to date.
2026-05-04 23:45:35 Checking for update using Github
2026-05-04 23:45:36 Success.
2026-05-04 23:45:36 Latest version is 1.12.7
2026-05-04 23:45:36 App is up to date.
2026-05-05 00:45:35 Checking for update using Github
2026-05-05 00:45:37 Success.
2026-05-05 00:45:37 Latest version is 1.12.7
2026-05-05 00:45:37 App is up to date.
2026-05-05 07:42:23 Checking for update using Github
2026-05-05 07:42:24 Success.
2026-05-05 07:42:24 Latest version is 1.12.7
2026-05-05 07:42:24 App is up to date.
2026-05-05 08:42:23 Checking for update using Github
2026-05-05 08:42:24 Success.
2026-05-05 08:42:24 Latest version is 1.12.7
2026-05-05 08:42:24 App is up to date.
2026-05-05 09:58:27 Checking for update using Github
2026-05-05 09:58:27 Success.
2026-05-05 09:58:27 Latest version is 1.12.7
2026-05-05 09:58:27 App is up to date.
2026-05-05 10:58:27 Checking for update using Github
2026-05-05 10:58:28 Success.
2026-05-05 10:58:28 Latest version is 1.12.7
2026-05-05 10:58:28 App is up to date.
2026-05-05 16:00:07 Checking for update using Github
2026-05-05 16:02:26 Success.
2026-05-05 16:02:26 Latest version is 1.12.7
2026-05-05 16:02:26 App is up to date.
2026-05-05 17:39:13 Checking for update using Github
2026-05-05 17:39:16 Success.
2026-05-05 17:39:16 Latest version is 1.12.7
2026-05-05 17:39:16 App is up to date.
2026-05-05 18:39:16 Checking for update using Github
2026-05-05 18:39:16 Success.
2026-05-05 18:39:16 Latest version is 1.12.7
2026-05-05 18:39:16 App is up to date.
2026-05-06 09:08:26 Loaded main app package /usr/lib/obsidian/obsidian.asar
2026-05-06 09:08:26 Checking for update using Github
2026-05-06 09:08:27 Success.
2026-05-06 09:08:27 Latest version is 1.12.7
2026-05-06 09:08:27 App is up to date.
2026-05-06 10:08:26 Checking for update using Github
2026-05-06 10:08:28 Success.
2026-05-06 10:08:28 Latest version is 1.12.7
2026-05-06 10:08:28 App is up to date.
2026-05-06 11:09:16 Loaded main app package /usr/lib/obsidian/obsidian.asar
2026-05-06 11:09:16 Checking for update using Github
2026-05-06 11:09:18 Success.
2026-05-06 11:09:18 Latest version is 1.12.7
2026-05-06 11:09:18 App is up to date.
2026-05-06 12:22:47 Checking for update using Github
2026-05-06 12:22:48 Success.
2026-05-06 12:22:48 Latest version is 1.12.7
2026-05-06 12:22:48 App is up to date.
2026-05-06 13:22:47 Checking for update using Github
2026-05-06 13:22:47 Failed to check for update using Github (net::ERR_NAME_NOT_RESOLVED)
2026-05-06 13:22:47 Checking for update using obsidian.md
2026-05-06 13:22:47 Failed to check for update using obsidian.md (net::ERR_NAME_NOT_RESOLVED)
2026-05-06 14:22:47 Checking for update using Github
2026-05-06 14:22:47 Success.
2026-05-06 14:22:47 Latest version is 1.12.7
2026-05-06 14:22:47 App is up to date.
2026-05-06 15:22:44 Checking for update using Github
2026-05-06 15:22:45 Success.
2026-05-06 15:22:45 Latest version is 1.12.7
2026-05-06 15:22:45 App is up to date.
2026-05-06 16:22:44 Checking for update using Github
2026-05-06 16:22:45 Success.
2026-05-06 16:22:45 Latest version is 1.12.7
2026-05-06 16:22:45 App is up to date.
2026-05-06 17:22:44 Checking for update using Github
2026-05-06 17:22:44 Failed to check for update using Github (net::ERR_NAME_NOT_RESOLVED)
2026-05-06 17:22:44 Checking for update using obsidian.md
2026-05-06 17:22:44 Failed to check for update using obsidian.md (net::ERR_NAME_NOT_RESOLVED)
2026-05-06 18:22:44 Checking for update using Github
2026-05-06 18:22:45 Success.
2026-05-06 18:22:45 Latest version is 1.12.7
2026-05-06 18:22:45 App is up to date.
2026-05-06 22:34:02 Checking for update using Github
2026-05-06 22:34:02 Success.
2026-05-06 22:34:02 Latest version is 1.12.7
2026-05-06 22:34:02 App is up to date.
2026-05-06 23:34:03 Checking for update using Github
2026-05-06 23:34:04 Success.
2026-05-06 23:34:04 Latest version is 1.12.7
2026-05-06 23:34:04 App is up to date.
2026-05-07 00:34:03 Checking for update using Github
2026-05-07 00:34:03 Success.
2026-05-07 00:34:03 Latest version is 1.12.7
2026-05-07 00:34:03 App is up to date.
2026-05-07 09:51:39 Checking for update using Github
2026-05-07 09:51:39 Success.
2026-05-07 09:51:39 Latest version is 1.12.7
2026-05-07 09:51:39 App is up to date.
2026-05-07 11:33:05 Loaded main app package /usr/lib/obsidian/obsidian.asar
2026-05-07 11:33:05 Checking for update using Github
2026-05-07 11:33:05 Success.
2026-05-07 11:33:05 Latest version is 1.12.7
2026-05-07 11:33:05 App is up to date.
2026-05-07 15:37:28 Loaded main app package /usr/lib/obsidian/obsidian.asar
2026-05-07 15:37:28 Checking for update using Github
2026-05-07 15:37:29 Success.
2026-05-07 15:37:29 Latest version is 1.12.7
2026-05-07 15:37:29 App is up to date.
2026-05-07 16:37:28 Checking for update using Github
2026-05-07 16:37:29 Success.
2026-05-07 16:37:29 Latest version is 1.12.7
2026-05-07 16:37:29 App is up to date.
2026-05-07 17:43:11 Checking for update using Github
2026-05-07 17:43:12 Success.
2026-05-07 17:43:12 Latest version is 1.12.7
2026-05-07 17:43:12 App is up to date.
2026-05-07 18:16:29 Loaded main app package /usr/lib/obsidian/obsidian.asar
2026-05-07 18:16:29 Checking for update using Github
2026-05-07 18:16:30 Success.
2026-05-07 18:16:30 Latest version is 1.12.7
2026-05-07 18:16:30 App is up to date.
2026-05-07 22:09:06 Checking for update using Github
2026-05-07 22:09:07 Success.
2026-05-07 22:09:07 Latest version is 1.12.7
2026-05-07 22:09:07 App is up to date.
2026-05-07 23:27:47 Checking for update using Github
2026-05-07 23:27:47 Success.
2026-05-07 23:27:47 Latest version is 1.12.7
2026-05-07 23:27:47 App is up to date.
2026-05-08 13:21:58 Loaded main app package /usr/lib/obsidian/obsidian.asar
2026-05-08 13:21:59 Checking for update using Github
2026-05-08 13:21:59 Failed to check for update using Github (net::ERR_NAME_NOT_RESOLVED)
2026-05-08 13:21:59 Checking for update using obsidian.md
2026-05-08 13:21:59 Failed to check for update using obsidian.md (net::ERR_NAME_NOT_RESOLVED)
2026-05-08 14:21:58 Checking for update using Github
2026-05-08 14:21:59 Success.
2026-05-08 14:21:59 Latest version is 1.12.7
2026-05-08 14:21:59 App is up to date.
2026-05-08 15:28:05 Checking for update using Github
2026-05-08 15:28:05 Success.
2026-05-08 15:28:05 Latest version is 1.12.7
2026-05-08 15:28:05 App is up to date.
2026-05-08 16:28:05 Checking for update using Github
2026-05-08 16:28:06 Success.
2026-05-08 16:28:06 Latest version is 1.12.7
2026-05-08 16:28:06 App is up to date.
2026-05-08 17:28:05 Checking for update using Github
2026-05-08 17:28:05 Success.
2026-05-08 17:28:05 Latest version is 1.12.7
2026-05-08 17:28:05 App is up to date.
2026-05-08 18:28:05 Checking for update using Github
2026-05-08 18:28:06 Success.
2026-05-08 18:28:06 Latest version is 1.12.7
2026-05-08 18:28:06 App is up to date.
2026-05-08 20:57:17 Checking for update using Github
2026-05-08 20:57:17 Success.
2026-05-08 20:57:17 Latest version is 1.12.7
2026-05-08 20:57:17 App is up to date.
2026-05-08 21:57:17 Checking for update using Github
2026-05-08 21:57:17 Success.
2026-05-08 21:57:17 Latest version is 1.12.7
2026-05-08 21:57:17 App is up to date.
2026-05-08 22:57:17 Checking for update using Github
2026-05-08 22:57:18 Success.
2026-05-08 22:57:18 Latest version is 1.12.7
2026-05-08 22:57:18 App is up to date.
2026-05-08 23:57:17 Checking for update using Github
2026-05-08 23:57:18 Success.
2026-05-08 23:57:18 Latest version is 1.12.7
2026-05-08 23:57:18 App is up to date.
2026-05-09 01:21:57 Checking for update using Github
2026-05-09 01:21:57 Success.
2026-05-09 01:21:57 Latest version is 1.12.7
2026-05-09 01:21:57 App is up to date.
2026-05-09 03:39:36 Checking for update using Github
2026-05-09 03:39:36 Success.
2026-05-09 03:39:36 Latest version is 1.12.7
2026-05-09 03:39:36 App is up to date.
2026-05-09 04:39:36 Checking for update using Github
2026-05-09 04:39:37 Success.
2026-05-09 04:39:37 Latest version is 1.12.7
2026-05-09 04:39:37 App is up to date.
2026-05-09 06:00:10 Checking for update using Github
2026-05-09 06:00:11 Success.
2026-05-09 06:00:11 Latest version is 1.12.7
2026-05-09 06:00:11 App is up to date.
2026-05-09 08:23:59 Checking for update using Github
2026-05-09 08:24:00 Success.
2026-05-09 08:24:00 Latest version is 1.12.7
2026-05-09 08:24:00 App is up to date.
2026-05-09 09:23:59 Checking for update using Github
2026-05-09 09:24:00 Success.
2026-05-09 09:24:00 Latest version is 1.12.7
2026-05-09 09:24:00 App is up to date.
2026-05-09 10:30:30 Loaded main app package /usr/lib/obsidian/obsidian.asar
2026-05-09 10:30:31 Checking for update using Github
2026-05-09 10:30:32 Success.
2026-05-09 10:30:32 Latest version is 1.12.7
2026-05-09 10:30:32 App is up to date.
2026-05-09 10:51:51 Loaded main app package /usr/lib/obsidian/obsidian.asar
2026-05-09 10:51:51 Checking for update using Github
2026-05-09 10:51:52 Success.
2026-05-09 10:51:52 Latest version is 1.12.7
2026-05-09 10:51:52 App is up to date.
2026-05-09 11:51:51 Checking for update using Github
2026-05-09 11:51:52 Success.
2026-05-09 11:51:52 Latest version is 1.12.7
2026-05-09 11:51:52 App is up to date.
2026-05-09 20:00:19 Checking for update using Github
2026-05-09 20:00:19 Success.
2026-05-09 20:00:19 Latest version is 1.12.7
2026-05-09 20:00:19 App is up to date.
2026-05-09 21:00:19 Checking for update using Github
2026-05-09 21:00:20 Success.
2026-05-09 21:00:20 Latest version is 1.12.7
2026-05-09 21:00:20 App is up to date.
2026-05-10 18:33:48 Loaded main app package /usr/lib/obsidian/obsidian.asar
2026-05-10 18:33:49 Checking for update using Github
2026-05-10 18:33:50 Success.
2026-05-10 18:33:50 Latest version is 1.12.7
2026-05-10 18:33:50 App is up to date.
2026-05-10 19:33:48 Checking for update using Github
2026-05-10 19:33:49 Success.
2026-05-10 19:33:49 Latest version is 1.12.7
2026-05-10 19:33:49 App is up to date.
2026-05-10 20:33:48 Checking for update using Github
2026-05-10 20:33:53 Success.
2026-05-10 20:33:53 Latest version is 1.12.7
2026-05-10 20:33:53 App is up to date.
2026-05-10 21:48:25 Checking for update using Github
2026-05-10 21:48:26 Success.
2026-05-10 21:48:26 Latest version is 1.12.7
2026-05-10 21:48:26 App is up to date.
2026-05-10 22:48:26 Checking for update using Github
2026-05-10 22:48:26 Success.
2026-05-10 22:48:26 Latest version is 1.12.7
2026-05-10 22:48:26 App is up to date.
2026-05-11 07:30:54 Loaded main app package /usr/lib/obsidian/obsidian.asar
2026-05-11 07:30:54 Checking for update using Github
2026-05-11 07:30:55 Success.
2026-05-11 07:30:55 Latest version is 1.12.7
2026-05-11 07:30:55 App is up to date.
2026-05-11 08:30:54 Checking for update using Github
2026-05-11 08:30:57 Success.
2026-05-11 08:30:57 Latest version is 1.12.7
2026-05-11 08:30:57 App is up to date.
2026-05-11 09:30:54 Checking for update using Github
2026-05-11 09:30:55 Success.
2026-05-11 09:30:55 Latest version is 1.12.7
2026-05-11 09:30:55 App is up to date.
2026-05-11 10:30:54 Checking for update using Github
2026-05-11 10:30:55 Success.
2026-05-11 10:30:55 Latest version is 1.12.7
2026-05-11 10:30:55 App is up to date.
2026-05-11 12:44:59 Checking for update using Github
2026-05-11 12:45:00 Success.
2026-05-11 12:45:00 Latest version is 1.12.7
2026-05-11 12:45:00 App is up to date.
2026-05-11 13:44:59 Checking for update using Github
2026-05-11 13:45:00 Success.
2026-05-11 13:45:00 Latest version is 1.12.7
2026-05-11 13:45:00 App is up to date.
2026-05-11 14:44:59 Checking for update using Github
2026-05-11 14:45:06 Failed to check for update using Github (net::ERR_NAME_NOT_RESOLVED)
2026-05-11 14:45:06 Checking for update using obsidian.md
2026-05-11 14:45:06 Failed to check for update using obsidian.md (net::ERR_NAME_NOT_RESOLVED)
2026-05-11 15:44:59 Checking for update using Github
2026-05-11 15:45:00 Success.
2026-05-11 15:45:00 Latest version is 1.12.7
2026-05-11 15:45:00 App is up to date.
2026-05-11 16:45:00 Checking for update using Github
2026-05-11 16:45:00 Success.
2026-05-11 16:45:00 Latest version is 1.12.7
2026-05-11 16:45:00 App is up to date.
2026-05-11 17:45:00 Checking for update using Github
2026-05-11 17:45:00 Success.
2026-05-11 17:45:00 Latest version is 1.12.7
2026-05-11 17:45:00 App is up to date.
2026-05-11 18:45:00 Checking for update using Github
2026-05-11 18:45:01 Success.
2026-05-11 18:45:01 Latest version is 1.12.7
2026-05-11 18:45:01 App is up to date.
2026-05-11 21:32:55 Checking for update using Github
2026-05-11 21:32:56 Success.
2026-05-11 21:32:56 Latest version is 1.12.7
2026-05-11 21:32:56 App is up to date.
2026-05-11 22:32:55 Checking for update using Github
2026-05-11 22:32:55 Success.
2026-05-11 22:32:55 Latest version is 1.12.7
2026-05-11 22:32:55 App is up to date.
2026-05-11 23:55:05 Checking for update using Github
2026-05-11 23:55:05 Success.
2026-05-11 23:55:05 Latest version is 1.12.7
2026-05-11 23:55:05 App is up to date.
2026-05-12 07:29:10 Loaded main app package /usr/lib/obsidian/obsidian.asar
2026-05-12 07:29:11 Checking for update using Github
2026-05-12 07:29:11 Success.
2026-05-12 07:29:11 Latest version is 1.12.7
2026-05-12 07:29:11 App is up to date.
2026-05-12 08:29:10 Checking for update using Github
2026-05-12 08:29:11 Success.
2026-05-12 08:29:11 Latest version is 1.12.7
2026-05-12 08:29:11 App is up to date.
2026-05-12 09:29:10 Checking for update using Github
2026-05-12 09:29:10 Success.
2026-05-12 09:29:10 Latest version is 1.12.7
2026-05-12 09:29:10 App is up to date.
2026-05-12 10:42:15 Checking for update using Github
2026-05-12 10:42:16 Success.
2026-05-12 10:42:16 Latest version is 1.12.7
2026-05-12 10:42:16 App is up to date.
2026-05-12 11:42:15 Checking for update using Github
2026-05-12 11:42:17 Failed to check for update using Github (net::ERR_NETWORK_IO_SUSPENDED)
2026-05-12 11:42:17 Checking for update using obsidian.md
2026-05-12 11:42:17 Failed to check for update using obsidian.md (net::ERR_NETWORK_CHANGED)
2026-05-12 15:51:01 Checking for update using Github
2026-05-12 15:51:09 Success.
2026-05-12 15:51:09 Latest version is 1.12.7
2026-05-12 15:51:09 App is up to date.
2026-05-12 16:51:01 Checking for update using Github
2026-05-12 16:51:03 Success.
2026-05-12 16:51:03 Latest version is 1.12.7
2026-05-12 16:51:03 App is up to date.
2026-05-12 17:51:01 Checking for update using Github
2026-05-12 17:51:02 Success.
2026-05-12 17:51:02 Latest version is 1.12.7
2026-05-12 17:51:02 App is up to date.
2026-05-12 18:51:02 Checking for update using Github
2026-05-12 18:51:03 Success.
2026-05-12 18:51:03 Latest version is 1.12.7
2026-05-12 18:51:03 App is up to date.
2026-05-13 10:52:44 Loaded main app package /usr/lib/obsidian/obsidian.asar
2026-05-13 10:52:44 Checking for update using Github
2026-05-13 10:52:46 Success.
2026-05-13 10:52:46 Latest version is 1.12.7
2026-05-13 10:52:46 App is up to date.
2026-05-13 13:07:29 Loaded main app package /usr/lib/obsidian/obsidian.asar
2026-05-13 13:07:30 Checking for update using Github
2026-05-13 13:08:15 Failed to check for update using Github (net::ERR_TIMED_OUT)
2026-05-13 13:08:15 Checking for update using obsidian.md
2026-05-13 13:09:08 Failed to check for update using obsidian.md (net::ERR_TIMED_OUT)
2026-05-13 14:07:29 Checking for update using Github
2026-05-13 14:07:57 Success.
2026-05-13 14:07:57 Latest version is 1.12.7
2026-05-13 14:07:57 App is up to date.
2026-05-13 15:07:29 Checking for update using Github
2026-05-13 15:07:35 Success.
2026-05-13 15:07:35 Latest version is 1.12.7
2026-05-13 15:07:35 App is up to date.
2026-05-13 16:07:29 Checking for update using Github
2026-05-13 16:07:30 Success.
2026-05-13 16:07:30 Latest version is 1.12.7
2026-05-13 16:07:30 App is up to date.
2026-05-13 17:07:30 Checking for update using Github
2026-05-13 17:10:31 Failed to check for update using Github (net::ERR_ADDRESS_UNREACHABLE)
2026-05-13 17:10:31 Checking for update using obsidian.md
2026-05-13 17:10:55 Failed to check for update using obsidian.md (net::ERR_NAME_NOT_RESOLVED)
2026-05-13 18:07:30 Checking for update using Github
2026-05-13 18:07:33 Success.
2026-05-13 18:07:33 Latest version is 1.12.7
2026-05-13 18:07:33 App is up to date.
2026-05-13 20:01:41 Checking for update using Github
2026-05-13 20:01:42 Success.
2026-05-13 20:01:42 Latest version is 1.12.7
2026-05-13 20:01:42 App is up to date.
2026-05-13 21:01:41 Checking for update using Github
2026-05-13 21:01:41 Success.
2026-05-13 21:01:41 Latest version is 1.12.7
2026-05-13 21:01:41 App is up to date.
2026-05-13 22:01:41 Checking for update using Github
2026-05-13 22:01:41 Success.
2026-05-13 22:01:41 Latest version is 1.12.7
2026-05-13 22:01:41 App is up to date.
2026-05-13 23:01:41 Checking for update using Github
2026-05-13 23:01:41 Success.
2026-05-13 23:01:41 Latest version is 1.12.7
2026-05-13 23:01:41 App is up to date.
2026-05-14 00:01:41 Checking for update using Github
2026-05-14 00:01:41 Success.
2026-05-14 00:01:41 Latest version is 1.12.7
2026-05-14 00:01:41 App is up to date.
2026-05-14 11:08:20 Loaded main app package /usr/lib/obsidian/obsidian.asar
2026-05-14 11:08:20 Checking for update using Github
2026-05-14 11:08:29 Success.
2026-05-14 11:08:29 Latest version is 1.12.7
2026-05-14 11:08:29 App is up to date.
2026-05-14 21:12:34 Loaded main app package /usr/lib/obsidian/obsidian.asar
2026-05-14 21:12:34 Checking for update using Github
2026-05-14 21:12:34 Success.
2026-05-14 21:12:34 Latest version is 1.12.7
2026-05-14 21:12:34 App is up to date.
2026-05-14 22:12:35 Checking for update using Github
2026-05-14 22:12:35 Success.
2026-05-14 22:12:35 Latest version is 1.12.7
2026-05-14 22:12:35 App is up to date.
2026-05-14 23:25:14 Loaded main app package /usr/lib/obsidian/obsidian.asar
2026-05-14 23:25:14 Checking for update using Github
2026-05-14 23:25:15 Success.
2026-05-14 23:25:15 Latest version is 1.12.7
2026-05-14 23:25:15 App is up to date.
2026-05-15 01:20:46 Checking for update using Github
2026-05-15 01:20:47 Success.
2026-05-15 01:20:47 Latest version is 1.12.7
2026-05-15 01:20:47 App is up to date.
2026-05-15 06:56:58 Loaded main app package /usr/lib/obsidian/obsidian.asar
2026-05-15 06:56:58 Checking for update using Github
2026-05-15 06:56:59 Success.
2026-05-15 06:56:59 Latest version is 1.12.7
2026-05-15 06:56:59 App is up to date.
2026-05-15 07:56:58 Checking for update using Github
2026-05-15 07:56:58 Success.
2026-05-15 07:56:58 Latest version is 1.12.7
2026-05-15 07:56:58 App is up to date.
2026-05-15 08:56:58 Checking for update using Github
2026-05-15 08:56:58 Success.
2026-05-15 08:56:58 Latest version is 1.12.7
2026-05-15 08:56:58 App is up to date.
2026-05-15 09:56:58 Checking for update using Github
2026-05-15 09:56:58 Success.
2026-05-15 09:56:58 Latest version is 1.12.7
2026-05-15 09:56:58 App is up to date.
2026-05-15 10:56:58 Checking for update using Github
2026-05-15 10:56:58 Success.
2026-05-15 10:56:58 Latest version is 1.12.7
2026-05-15 10:56:58 App is up to date.
2026-05-15 14:29:18 Checking for update using Github
2026-05-15 14:29:40 Failed to check for update using Github (net::ERR_CONNECTION_RESET)
2026-05-15 14:29:40 Checking for update using obsidian.md
2026-05-15 14:30:01 Failed to check for update using obsidian.md (net::ERR_CONNECTION_RESET)
2026-05-15 15:30:45 Checking for update using Github
2026-05-15 15:30:46 Success.
2026-05-15 15:30:46 Latest version is 1.12.7
2026-05-15 15:30:46 App is up to date.
2026-05-15 16:30:45 Checking for update using Github
2026-05-15 16:30:47 Success.
2026-05-15 16:30:47 Latest version is 1.12.7
2026-05-15 16:30:47 App is up to date.
2026-05-15 17:30:45 Checking for update using Github
2026-05-15 17:30:46 Success.
2026-05-15 17:30:46 Latest version is 1.12.7
2026-05-15 17:30:46 App is up to date.
2026-05-15 18:30:45 Checking for update using Github
2026-05-15 18:30:46 Success.
2026-05-15 18:30:46 Latest version is 1.12.7
2026-05-15 18:30:46 App is up to date.
2026-05-15 20:20:39 Checking for update using Github
2026-05-15 20:20:45 Success.
2026-05-15 20:20:45 Latest version is 1.12.7
2026-05-15 20:20:45 App is up to date.
2026-05-15 21:20:40 Checking for update using Github
2026-05-15 21:20:50 Success.
2026-05-15 21:20:50 Latest version is 1.12.7
2026-05-15 21:20:50 App is up to date.
2026-05-15 23:54:26 Loaded main app package /usr/lib/obsidian/obsidian.asar
2026-05-15 23:54:26 Checking for update using Github
2026-05-15 23:54:26 Success.
2026-05-15 23:54:26 Latest version is 1.12.7
2026-05-15 23:54:26 App is up to date.
2026-05-16 00:54:26 Checking for update using Github
2026-05-16 00:54:26 Success.
2026-05-16 00:54:26 Latest version is 1.12.7
2026-05-16 00:54:26 App is up to date.
2026-05-16 01:54:26 Checking for update using Github
2026-05-16 01:54:26 Success.
2026-05-16 01:54:26 Latest version is 1.12.7
2026-05-16 01:54:26 App is up to date.
2026-05-16 08:06:21 Checking for update using Github
2026-05-16 08:06:23 Success.
2026-05-16 08:06:23 Latest version is 1.12.7
2026-05-16 08:06:23 App is up to date.
2026-05-16 09:06:21 Checking for update using Github
2026-05-16 09:06:22 Success.
2026-05-16 09:06:22 Latest version is 1.12.7
2026-05-16 09:06:22 App is up to date.
2026-05-16 10:11:56 Checking for update using Github
2026-05-16 10:11:57 Success.
2026-05-16 10:11:57 Latest version is 1.12.7
2026-05-16 10:11:57 App is up to date.
2026-05-16 11:11:56 Checking for update using Github
2026-05-16 11:11:57 Success.
2026-05-16 11:11:57 Latest version is 1.12.7
2026-05-16 11:11:57 App is up to date.
2026-05-16 12:53:03 Checking for update using Github
2026-05-16 12:53:04 Success.
2026-05-16 12:53:04 Latest version is 1.12.7
2026-05-16 12:53:04 App is up to date.
2026-05-17 17:39:27 Loaded main app package /usr/lib/obsidian/obsidian.asar
2026-05-17 17:39:27 Checking for update using Github
2026-05-17 17:39:28 Success.
2026-05-17 17:39:28 Latest version is 1.12.7
2026-05-17 17:39:28 App is up to date.
2026-05-17 20:26:28 Loaded main app package /usr/lib/obsidian/obsidian.asar
2026-05-17 20:26:28 Checking for update using Github
2026-05-17 20:26:34 Success.
2026-05-17 20:26:34 Latest version is 1.12.7
2026-05-17 20:26:34 App is up to date.
2026-05-17 21:45:02 Checking for update using Github
2026-05-17 21:45:03 Success.
2026-05-17 21:45:03 Latest version is 1.12.7
2026-05-17 21:45:03 App is up to date.
2026-05-18 12:34:38 Loaded main app package /usr/lib/obsidian/obsidian.asar
2026-05-18 12:34:38 Checking for update using Github
2026-05-18 12:34:42 Success.
2026-05-18 12:34:42 Latest version is 1.12.7
2026-05-18 12:34:42 App is up to date.
2026-05-18 13:34:37 Checking for update using Github
2026-05-18 13:34:39 Success.
2026-05-18 13:34:39 Latest version is 1.12.7
2026-05-18 13:34:39 App is up to date.
2026-05-18 14:34:39 Checking for update using Github
2026-05-18 14:34:40 Success.
2026-05-18 14:34:40 Latest version is 1.12.7
2026-05-18 14:34:40 App is up to date.
2026-05-18 15:34:39 Checking for update using Github
2026-05-18 15:34:40 Success.
2026-05-18 15:34:40 Latest version is 1.12.7
2026-05-18 15:34:40 App is up to date.
2026-05-18 17:17:46 Loaded main app package /usr/lib/obsidian/obsidian.asar
2026-05-18 17:17:47 Checking for update using Github
2026-05-18 17:17:49 Success.
2026-05-18 17:17:49 Latest version is 1.12.7
2026-05-18 17:17:49 App is up to date.
2026-05-18 18:17:46 Checking for update using Github
2026-05-18 18:17:49 Success.
2026-05-18 18:17:49 Latest version is 1.12.7
2026-05-18 18:17:49 App is up to date.
2026-05-18 22:49:18 Checking for update using Github
2026-05-18 22:49:19 Success.
2026-05-18 22:49:19 Latest version is 1.12.7
2026-05-18 22:49:19 App is up to date.
2026-05-19 10:09:26 Loaded main app package /usr/lib/obsidian/obsidian.asar
2026-05-19 10:09:27 Checking for update using Github
2026-05-19 10:09:27 Success.
2026-05-19 10:09:27 Latest version is 1.12.7
2026-05-19 10:09:27 App is up to date.
2026-05-19 12:21:07 Checking for update using Github
2026-05-19 12:21:07 Failed to check for update using Github (net::ERR_INTERNET_DISCONNECTED)
2026-05-19 12:21:07 Checking for update using obsidian.md
2026-05-19 12:21:07 Failed to check for update using obsidian.md (net::ERR_INTERNET_DISCONNECTED)
2026-05-20 12:25:03 Loaded main app package /usr/lib/obsidian/obsidian.asar
2026-05-20 12:25:04 Checking for update using Github
2026-05-20 12:25:05 Success.
2026-05-20 12:25:05 Latest version is 1.12.7
2026-05-20 12:25:05 App is up to date.
2026-05-20 13:25:05 Checking for update using Github
2026-05-20 13:25:06 Success.
2026-05-20 13:25:06 Latest version is 1.12.7
2026-05-20 13:25:06 App is up to date.
2026-05-20 14:25:05 Checking for update using Github
2026-05-20 14:25:07 Success.
2026-05-20 14:25:07 Latest version is 1.12.7
2026-05-20 14:25:07 App is up to date.
2026-05-20 15:25:05 Checking for update using Github
2026-05-20 15:25:08 Success.
2026-05-20 15:25:08 Latest version is 1.12.7
2026-05-20 15:25:08 App is up to date.
2026-05-20 16:25:07 Checking for update using Github
2026-05-20 16:25:10 Success.
2026-05-20 16:25:10 Latest version is 1.12.7
2026-05-20 16:25:10 App is up to date.
2026-05-20 17:25:07 Checking for update using Github
2026-05-20 17:25:08 Success.
2026-05-20 17:25:08 Latest version is 1.12.7
2026-05-20 17:25:08 App is up to date.
2026-05-20 18:25:07 Checking for update using Github
2026-05-20 18:25:08 Success.
2026-05-20 18:25:08 Latest version is 1.12.7
2026-05-20 18:25:08 App is up to date.
2026-05-20 22:02:53 Loaded main app package /usr/lib/obsidian/obsidian.asar
2026-05-20 22:02:53 Checking for update using Github
2026-05-20 22:02:54 Success.
2026-05-20 22:02:54 Latest version is 1.12.7
2026-05-20 22:02:54 App is up to date.
2026-05-21 07:57:45 Loaded main app package /usr/lib/obsidian/obsidian.asar
2026-05-21 07:57:45 Checking for update using Github
2026-05-21 07:57:47 Success.
2026-05-21 07:57:47 Latest version is 1.12.7
2026-05-21 07:57:47 App is up to date.
2026-05-21 08:57:46 Checking for update using Github
2026-05-21 08:57:47 Success.
2026-05-21 08:57:47 Latest version is 1.12.7
2026-05-21 08:57:47 App is up to date.
2026-05-21 09:57:46 Checking for update using Github
2026-05-21 09:57:46 Success.
2026-05-21 09:57:46 Latest version is 1.12.7
2026-05-21 09:57:46 App is up to date.
2026-05-21 10:57:46 Checking for update using Github
2026-05-21 10:57:51 Success.
2026-05-21 10:57:51 Latest version is 1.12.7
2026-05-21 10:57:51 App is up to date.
2026-05-21 15:20:21 Loaded main app package /usr/lib/obsidian/obsidian.asar
2026-05-21 15:20:21 Checking for update using Github
2026-05-21 15:20:22 Failed to check for update using Github (net::ERR_NAME_NOT_RESOLVED)
2026-05-21 15:20:22 Checking for update using obsidian.md
2026-05-21 15:20:22 Failed to check for update using obsidian.md (net::ERR_NAME_NOT_RESOLVED)
2026-05-21 16:20:21 Checking for update using Github
2026-05-21 16:20:21 Success.
2026-05-21 16:20:21 Latest version is 1.12.7
2026-05-21 16:20:21 App is up to date.
2026-05-21 17:20:21 Checking for update using Github
2026-05-21 17:20:22 Success.
2026-05-21 17:20:22 Latest version is 1.12.7
2026-05-21 17:20:22 App is up to date.
2026-05-21 18:20:21 Checking for update using Github
2026-05-21 18:20:23 Success.
2026-05-21 18:20:23 Latest version is 1.12.7
2026-05-21 18:20:23 App is up to date.
2026-05-21 21:11:18 Loaded main app package /usr/lib/obsidian/obsidian.asar
2026-05-21 21:11:19 Checking for update using Github
2026-05-21 21:11:20 Failed to check for update using Github (net::ERR_NETWORK_CHANGED)
2026-05-21 21:11:20 Checking for update using obsidian.md
2026-05-21 21:11:25 Failed to check for update using obsidian.md (Unexpected end of JSON input)
2026-05-22 10:30:02 Loaded main app package /usr/lib/obsidian/obsidian.asar
2026-05-22 10:30:03 Checking for update using Github
2026-05-22 10:30:04 Success.
2026-05-22 10:30:04 Latest version is 1.12.7
2026-05-22 10:30:04 App is up to date.
2026-05-22 11:30:02 Checking for update using Github
2026-05-22 11:30:16 Success.
2026-05-22 11:30:16 Latest version is 1.12.7
2026-05-22 11:30:16 App is up to date.
2026-05-22 12:45:31 Checking for update using Github
2026-05-22 12:45:32 Success.
2026-05-22 12:45:32 Latest version is 1.12.7
2026-05-22 12:45:32 App is up to date.
2026-05-22 13:45:31 Checking for update using Github
2026-05-22 13:45:32 Success.
2026-05-22 13:45:32 Latest version is 1.12.7
2026-05-22 13:45:32 App is up to date.
2026-05-22 13:58:40 Loaded main app package /usr/lib/obsidian/obsidian.asar
2026-05-22 13:58:40 Checking for update using Github
2026-05-22 13:58:41 Success.
2026-05-22 13:58:41 Latest version is 1.12.7
2026-05-22 13:58:41 App is up to date.
2026-05-22 14:34:29 Loaded main app package /usr/lib/obsidian/obsidian.asar
2026-05-22 14:34:30 Checking for update using Github
2026-05-22 14:34:31 Success.
2026-05-22 14:34:31 Latest version is 1.12.7
2026-05-22 14:34:31 App is up to date.
2026-05-22 17:43:21 Loaded main app package /usr/lib/obsidian/obsidian.asar
2026-05-22 17:43:22 Checking for update using Github
2026-05-22 17:43:23 Success.
2026-05-22 17:43:23 Latest version is 1.12.7
2026-05-22 17:43:23 App is up to date.
2026-05-22 18:43:21 Checking for update using Github
2026-05-22 18:43:22 Success.
2026-05-22 18:43:22 Latest version is 1.12.7
2026-05-22 18:43:22 App is up to date.
2026-05-22 20:45:43 Checking for update using Github
2026-05-22 20:45:48 Success.
2026-05-22 20:45:48 Latest version is 1.12.7
2026-05-22 20:45:48 App is up to date.
2026-05-22 22:26:34 Checking for update using Github
2026-05-22 22:26:35 Success.
2026-05-22 22:26:35 Latest version is 1.12.7
2026-05-22 22:26:35 App is up to date.
2026-05-22 23:26:34 Checking for update using Github
2026-05-22 23:26:36 Success.
2026-05-22 23:26:36 Latest version is 1.12.7
2026-05-22 23:26:36 App is up to date.
2026-05-23 00:26:34 Checking for update using Github
2026-05-23 00:26:36 Success.
2026-05-23 00:26:36 Latest version is 1.12.7
2026-05-23 00:26:36 App is up to date.
2026-05-23 01:26:34 Checking for update using Github
2026-05-23 01:26:35 Success.
2026-05-23 01:26:35 Latest version is 1.12.7
2026-05-23 01:26:35 App is up to date.
2026-05-23 02:26:34 Checking for update using Github
2026-05-23 02:26:35 Success.
2026-05-23 02:26:35 Latest version is 1.12.7
2026-05-23 02:26:35 App is up to date.
2026-05-23 03:26:34 Checking for update using Github
2026-05-23 03:26:35 Success.
2026-05-23 03:26:35 Latest version is 1.12.7
2026-05-23 03:26:35 App is up to date.
2026-05-23 07:29:27 Loaded main app package /usr/lib/obsidian/obsidian.asar
2026-05-23 07:29:27 Checking for update using Github
2026-05-23 07:29:39 Success.
2026-05-23 07:29:39 Latest version is 1.12.7
2026-05-23 07:29:39 App is up to date.
2026-05-23 08:29:27 Checking for update using Github
2026-05-23 08:29:31 Success.
2026-05-23 08:29:31 Latest version is 1.12.7
2026-05-23 08:29:31 App is up to date.
2026-05-23 09:29:27 Checking for update using Github
2026-05-23 09:29:28 Success.
2026-05-23 09:29:28 Latest version is 1.12.7
2026-05-23 09:29:28 App is up to date.
2026-05-23 11:06:48 Checking for update using Github
2026-05-23 11:10:49 Failed to check for update using Github (net::ERR_TIMED_OUT)
2026-05-23 11:10:49 Checking for update using obsidian.md
2026-05-23 11:10:49 Failed to check for update using obsidian.md (net::ERR_DNS_NO_MATCHING_SUPPORTED_ALPN)
2026-05-25 15:01:51 Loaded main app package /usr/lib/obsidian/obsidian.asar
2026-05-25 15:01:51 Checking for update using Github
2026-05-25 15:01:51 Success.
2026-05-25 15:01:51 Latest version is 1.12.7
2026-05-25 15:01:51 App is up to date.
2026-05-25 16:01:51 Checking for update using Github
2026-05-25 16:01:54 Success.
2026-05-25 16:01:54 Latest version is 1.12.7
2026-05-25 16:01:54 App is up to date.
2026-05-25 17:01:51 Checking for update using Github
2026-05-25 17:01:51 Success.
2026-05-25 17:01:51 Latest version is 1.12.7
2026-05-25 17:01:51 App is up to date.
2026-05-25 20:17:23 Checking for update using Github
2026-05-25 20:17:37 Success.
2026-05-25 20:17:37 Latest version is 1.12.7
2026-05-25 20:17:37 App is up to date.
2026-05-25 21:31:43 Checking for update using Github
2026-05-25 21:31:43 Success.
2026-05-25 21:31:43 Latest version is 1.12.7
2026-05-25 21:31:43 App is up to date.
2026-05-25 22:31:44 Checking for update using Github
2026-05-25 22:31:45 Success.
2026-05-25 22:31:45 Latest version is 1.12.7
2026-05-25 22:31:45 App is up to date.
2026-05-26 12:43:19 Loaded main app package /usr/lib/obsidian/obsidian.asar
2026-05-26 12:43:20 Checking for update using Github
2026-05-26 12:43:31 Success.
2026-05-26 12:43:31 Latest version is 1.12.7
2026-05-26 12:43:31 App is up to date.
2026-05-26 13:43:20 Checking for update using Github
2026-05-26 13:43:22 Success.
2026-05-26 13:43:22 Latest version is 1.12.7
2026-05-26 13:43:22 App is up to date.
2026-05-26 14:43:20 Checking for update using Github
2026-05-26 14:43:21 Success.
2026-05-26 14:43:21 Latest version is 1.12.7
2026-05-26 14:43:21 App is up to date.
2026-05-26 15:43:20 Checking for update using Github
2026-05-26 15:43:23 Success.
2026-05-26 15:43:23 Latest version is 1.12.7
2026-05-26 15:43:23 App is up to date.
2026-05-26 16:43:20 Checking for update using Github
2026-05-26 16:43:21 Success.
2026-05-26 16:43:21 Latest version is 1.12.7
2026-05-26 16:43:21 App is up to date.
2026-05-26 18:53:17 Loaded main app package /usr/lib/obsidian/obsidian.asar
2026-05-26 18:53:17 Checking for update using Github
2026-05-26 18:53:19 Success.
2026-05-26 18:53:19 Latest version is 1.12.7
2026-05-26 18:53:19 App is up to date.
2026-05-28 10:26:03 Loaded main app package /usr/lib/obsidian/obsidian.asar
2026-05-28 10:26:04 Checking for update using Github
2026-05-28 10:26:04 Success.
2026-05-28 10:26:04 Latest version is 1.12.7
2026-05-28 10:26:04 App is up to date.
2026-05-28 11:26:03 Checking for update using Github
2026-05-28 11:26:03 Success.
2026-05-28 11:26:03 Latest version is 1.12.7
2026-05-28 11:26:03 App is up to date.
2026-05-28 15:33:59 Checking for update using Github
2026-05-28 15:33:59 Success.
2026-05-28 15:33:59 Latest version is 1.12.7
2026-05-28 15:33:59 App is up to date.
2026-05-28 16:33:59 Checking for update using Github
2026-05-28 16:34:04 Success.
2026-05-28 16:34:04 Latest version is 1.12.7
2026-05-28 16:34:04 App is up to date.
2026-05-28 17:33:59 Checking for update using Github
2026-05-28 17:34:01 Success.
2026-05-28 17:34:01 Latest version is 1.12.7
2026-05-28 17:34:01 App is up to date.
2026-05-28 18:33:59 Checking for update using Github
2026-05-28 18:34:01 Success.
2026-05-28 18:34:01 Latest version is 1.12.7
2026-05-28 18:34:01 App is up to date.
2026-05-29 10:21:32 Loaded main app package /usr/lib/obsidian/obsidian.asar
2026-05-29 10:21:32 Checking for update using Github
2026-05-29 10:21:44 Success.
2026-05-29 10:21:44 Latest version is 1.12.7
2026-05-29 10:21:44 App is up to date.
2026-05-29 11:21:31 Checking for update using Github
2026-05-29 11:25:37 Failed to check for update using Github (net::ERR_TIMED_OUT)
2026-05-29 11:25:37 Checking for update using obsidian.md
2026-05-29 11:26:34 Failed to check for update using obsidian.md (net::ERR_NAME_NOT_RESOLVED)
2026-05-29 12:39:08 Checking for update using Github
2026-05-29 12:39:09 Success.
2026-05-29 12:39:09 Latest version is 1.12.7
2026-05-29 12:39:09 App is up to date.
2026-05-29 13:39:09 Checking for update using Github
2026-05-29 13:39:10 Success.
2026-05-29 13:39:10 Latest version is 1.12.7
2026-05-29 13:39:10 App is up to date.
2026-05-30 08:26:45 Loaded main app package /usr/lib/obsidian/obsidian.asar
2026-05-30 08:26:45 Checking for update using Github
2026-05-30 08:26:46 Success.
2026-05-30 08:26:46 Latest version is 1.12.7
2026-05-30 08:26:46 App is up to date.
2026-05-30 09:26:44 Checking for update using Github
2026-05-30 09:26:45 Success.
2026-05-30 09:26:45 Latest version is 1.12.7
2026-05-30 09:26:45 App is up to date.
2026-05-30 10:49:00 Checking for update using Github
2026-05-30 10:49:01 Success.
2026-05-30 10:49:01 Latest version is 1.12.7
2026-05-30 10:49:01 App is up to date.
2026-05-30 11:49:00 Checking for update using Github
2026-05-30 11:49:01 Success.
2026-05-30 11:49:01 Latest version is 1.12.7
2026-05-30 11:49:01 App is up to date.
2026-05-30 13:09:03 Loaded main app package /usr/lib/obsidian/obsidian.asar
2026-05-30 13:09:03 Checking for update using Github
2026-05-30 13:09:04 Failed to check for update using Github (net::ERR_INTERNET_DISCONNECTED)
2026-05-30 13:09:04 Checking for update using obsidian.md
2026-05-30 13:09:04 Failed to check for update using obsidian.md (net::ERR_INTERNET_DISCONNECTED)
2026-05-31 16:09:11 Loaded main app package /usr/lib/obsidian/obsidian.asar
2026-05-31 16:09:11 Checking for update using Github
2026-05-31 16:09:12 Success.
2026-05-31 16:09:12 Latest version is 1.12.7
2026-05-31 16:09:12 App is up to date.
2026-05-31 17:14:03 Checking for update using Github
2026-05-31 17:14:03 Success.
2026-05-31 17:14:03 Latest version is 1.12.7
2026-05-31 17:14:03 App is up to date.
2026-05-31 22:02:51 Checking for update using Github
2026-05-31 22:02:52 Success.
2026-05-31 22:02:52 Latest version is 1.12.7
2026-05-31 22:02:52 App is up to date.
2026-05-31 23:02:52 Checking for update using Github
2026-05-31 23:02:52 Success.
2026-05-31 23:02:52 Latest version is 1.12.7
2026-05-31 23:02:52 App is up to date.
2026-06-01 00:23:38 Checking for update using Github
2026-06-01 00:23:46 Success.
2026-06-01 00:23:46 Latest version is 1.12.7
2026-06-01 00:23:46 App is up to date.
2026-06-01 15:06:25 Loaded main app package /usr/lib/obsidian/obsidian.asar
2026-06-01 15:06:25 Checking for update using Github
2026-06-01 15:06:26 Failed to check for update using Github (net::ERR_NAME_NOT_RESOLVED)
2026-06-01 15:06:26 Checking for update using obsidian.md
2026-06-01 15:06:26 Failed to check for update using obsidian.md (net::ERR_NAME_NOT_RESOLVED)
2026-06-01 14:06:25 Checking for update using Github
2026-06-01 14:07:29 Failed to check for update using Github (net::ERR_TIMED_OUT)
2026-06-01 14:07:29 Checking for update using obsidian.md
2026-06-01 14:08:06 Failed to check for update using obsidian.md (net::ERR_CONNECTION_CLOSED)
2026-06-01 15:06:25 Checking for update using Github
2026-06-01 15:06:25 Success.
2026-06-01 15:06:25 Latest version is 1.12.7
2026-06-01 15:06:25 App is up to date.
2026-06-01 15:18:32 Loaded main app package /usr/lib/obsidian/obsidian.asar
2026-06-01 15:18:33 Checking for update using Github
2026-06-01 15:18:33 Success.
2026-06-01 15:18:33 Latest version is 1.12.7
2026-06-01 15:18:33 App is up to date.
2026-06-01 16:18:32 Checking for update using Github
2026-06-01 16:18:34 Success.
2026-06-01 16:18:34 Latest version is 1.12.7
2026-06-01 16:18:34 App is up to date.
2026-06-01 17:35:17 Checking for update using Github
2026-06-01 17:35:19 Success.
2026-06-01 17:35:19 Latest version is 1.12.7
2026-06-01 17:35:19 App is up to date.
2026-06-01 18:35:17 Checking for update using Github
2026-06-01 18:35:20 Success.
2026-06-01 18:35:20 Latest version is 1.12.7
2026-06-01 18:35:20 App is up to date.
2026-06-01 21:06:45 Checking for update using Github
2026-06-01 21:06:45 Success.
2026-06-01 21:06:45 Latest version is 1.12.7
2026-06-01 21:06:45 App is up to date.
2026-06-01 22:06:45 Checking for update using Github
2026-06-01 22:06:46 Success.
2026-06-01 22:06:46 Latest version is 1.12.7
2026-06-01 22:06:46 App is up to date.
2026-06-01 23:43:18 Checking for update using Github
2026-06-01 23:43:18 Success.
2026-06-01 23:43:18 Latest version is 1.12.7
2026-06-01 23:43:18 App is up to date.
2026-06-02 00:43:18 Checking for update using Github
2026-06-02 00:43:18 Success.
2026-06-02 00:43:18 Latest version is 1.12.7
2026-06-02 00:43:18 App is up to date.
2026-06-02 01:43:18 Checking for update using Github
2026-06-02 01:43:18 Success.
2026-06-02 01:43:18 Latest version is 1.12.7
2026-06-02 01:43:18 App is up to date.
2026-06-02 04:31:42 Checking for update using Github
2026-06-02 04:31:43 Success.
2026-06-02 04:31:43 Latest version is 1.12.7
2026-06-02 04:31:43 App is up to date.
2026-06-02 08:49:53 Checking for update using Github
2026-06-02 08:49:54 Success.
2026-06-02 08:49:54 Latest version is 1.12.7
2026-06-02 08:49:54 App is up to date.
2026-06-02 09:49:53 Checking for update using Github
2026-06-02 09:49:55 Success.
2026-06-02 09:49:55 Latest version is 1.12.7
2026-06-02 09:49:55 App is up to date.
2026-06-02 10:49:53 Checking for update using Github
2026-06-02 10:49:54 Success.
2026-06-02 10:49:54 Latest version is 1.12.7
2026-06-02 10:49:54 App is up to date.
2026-06-02 12:25:12 Checking for update using Github
2026-06-02 12:25:29 Failed to check for update using Github (net::ERR_NETWORK_CHANGED)
2026-06-02 12:25:29 Checking for update using obsidian.md
2026-06-02 12:25:29 Failed to check for update using obsidian.md (net::ERR_INTERNET_DISCONNECTED)
2026-06-02 13:46:36 Loaded main app package /usr/lib/obsidian/obsidian.asar
2026-06-02 13:46:36 Checking for update using Github
2026-06-02 13:46:37 Success.
2026-06-02 13:46:37 Latest version is 1.12.7
2026-06-02 13:46:37 App is up to date.
2026-06-02 15:40:46 Checking for update using Github
2026-06-02 15:40:46 Success.
2026-06-02 15:40:46 Latest version is 1.12.7
2026-06-02 15:40:46 App is up to date.
2026-06-02 16:40:46 Checking for update using Github
2026-06-02 16:40:47 Success.
2026-06-02 16:40:47 Latest version is 1.12.7
2026-06-02 16:40:47 App is up to date.
2026-06-02 17:40:46 Checking for update using Github
2026-06-02 17:40:52 Success.
2026-06-02 17:40:52 Latest version is 1.12.7
2026-06-02 17:40:52 App is up to date.
2026-06-02 18:40:47 Checking for update using Github
2026-06-02 18:40:48 Success.
2026-06-02 18:40:48 Latest version is 1.12.7
2026-06-02 18:40:48 App is up to date.
2026-06-03 09:14:34 Loaded main app package /usr/lib/obsidian/obsidian.asar
2026-06-03 09:14:34 Checking for update using Github
2026-06-03 09:14:34 Success.
2026-06-03 09:14:34 Latest version is 1.12.7
2026-06-03 09:14:34 App is up to date.
2026-06-03 10:14:34 Checking for update using Github
2026-06-03 10:14:34 Success.
2026-06-03 10:14:34 Latest version is 1.12.7
2026-06-03 10:14:34 App is up to date.
2026-06-03 11:14:34 Checking for update using Github
2026-06-03 11:14:34 Success.
2026-06-03 11:14:34 Latest version is 1.12.7
2026-06-03 11:14:34 App is up to date.
2026-06-03 13:31:32 Checking for update using Github
2026-06-03 13:31:33 Success.
2026-06-03 13:31:33 Latest version is 1.12.7
2026-06-03 13:31:33 App is up to date.
2026-06-03 14:31:32 Checking for update using Github
2026-06-03 14:35:32 Failed to check for update using Github (net::ERR_TIMED_OUT)
2026-06-03 14:35:32 Checking for update using obsidian.md
2026-06-03 14:35:32 Failed to check for update using obsidian.md (net::ERR_TIMED_OUT)
2026-06-03 15:31:32 Checking for update using Github
2026-06-03 15:31:33 Success.
2026-06-03 15:31:33 Latest version is 1.12.7
2026-06-03 15:31:33 App is up to date.
2026-06-03 16:16:55 Loaded main app package /usr/lib/obsidian/obsidian.asar
2026-06-03 16:16:55 Checking for update using Github
2026-06-03 16:16:56 Success.
2026-06-03 16:16:56 Latest version is 1.12.7
2026-06-03 16:16:56 App is up to date.
2026-06-03 17:16:55 Checking for update using Github
2026-06-03 17:16:55 Success.
2026-06-03 17:16:55 Latest version is 1.12.7
2026-06-03 17:16:55 App is up to date.
2026-06-03 18:16:55 Checking for update using Github
2026-06-03 18:16:55 Success.
2026-06-03 18:16:55 Latest version is 1.12.7
2026-06-03 18:16:55 App is up to date.
2026-06-03 20:50:51 Checking for update using Github
2026-06-03 20:50:52 Success.
2026-06-03 20:50:52 Latest version is 1.12.7
2026-06-03 20:50:52 App is up to date.
2026-06-03 21:50:52 Checking for update using Github
2026-06-03 21:50:52 Success.
2026-06-03 21:50:52 Latest version is 1.12.7
2026-06-03 21:50:52 App is up to date.
2026-06-03 23:26:05 Checking for update using Github
2026-06-03 23:26:05 Success.
2026-06-03 23:26:05 Latest version is 1.12.7
2026-06-03 23:26:05 App is up to date.
2026-06-04 00:26:05 Checking for update using Github
2026-06-04 00:26:13 Success.
2026-06-04 00:26:13 Latest version is 1.12.7
2026-06-04 00:26:13 App is up to date.
2026-06-04 07:19:19 Loaded main app package /usr/lib/obsidian/obsidian.asar
2026-06-04 07:19:19 Checking for update using Github
2026-06-04 07:19:24 Success.
2026-06-04 07:19:24 Latest version is 1.12.7
2026-06-04 07:19:24 App is up to date.
2026-06-04 08:19:20 Checking for update using Github
2026-06-04 08:19:20 Success.
2026-06-04 08:19:20 Latest version is 1.12.7
2026-06-04 08:19:20 App is up to date.
2026-06-04 10:44:29 Checking for update using Github
2026-06-04 10:44:41 Success.
2026-06-04 10:44:41 Latest version is 1.12.7
2026-06-04 10:44:41 App is up to date.
2026-06-04 11:44:29 Checking for update using Github
2026-06-04 11:44:29 Success.
2026-06-04 11:44:29 Latest version is 1.12.7
2026-06-04 11:44:29 App is up to date.
2026-06-04 15:33:33 Checking for update using Github
2026-06-04 15:33:34 Success.
2026-06-04 15:33:34 Latest version is 1.12.7
2026-06-04 15:33:34 App is up to date.
2026-06-04 16:33:33 Checking for update using Github
2026-06-04 16:33:34 Success.
2026-06-04 16:33:34 Latest version is 1.12.7
2026-06-04 16:33:34 App is up to date.
2026-06-04 17:33:33 Checking for update using Github
2026-06-04 17:33:39 Success.
2026-06-04 17:33:39 Latest version is 1.12.7
2026-06-04 17:33:39 App is up to date.
2026-06-04 18:33:33 Checking for update using Github
2026-06-04 18:33:34 Success.
2026-06-04 18:33:34 Latest version is 1.12.7
2026-06-04 18:33:34 App is up to date.
2026-06-05 06:02:50 Loaded main app package /usr/lib/obsidian/obsidian.asar
2026-06-05 06:02:50 Checking for update using Github
2026-06-05 06:02:53 Success.
2026-06-05 06:02:53 Latest version is 1.12.7
2026-06-05 06:02:53 App is up to date.
2026-06-05 07:02:50 Checking for update using Github
2026-06-05 07:02:52 Success.
2026-06-05 07:02:52 Latest version is 1.12.7
2026-06-05 07:02:52 App is up to date.
2026-06-05 08:02:50 Checking for update using Github
2026-06-05 08:02:51 Success.
2026-06-05 08:02:51 Latest version is 1.12.7
2026-06-05 08:02:51 App is up to date.
2026-06-05 09:43:11 Checking for update using Github
2026-06-05 09:43:12 Success.
2026-06-05 09:43:12 Latest version is 1.12.7
2026-06-05 09:43:12 App is up to date.
2026-06-05 10:46:24 Checking for update using Github
2026-06-05 10:46:25 Success.
2026-06-05 10:46:25 Latest version is 1.12.7
2026-06-05 10:46:25 App is up to date.
2026-06-05 13:20:07 Checking for update using Github
2026-06-05 13:24:07 Failed to check for update using Github (net::ERR_TIMED_OUT)
2026-06-05 13:24:07 Checking for update using obsidian.md
2026-06-05 13:24:07 Failed to check for update using obsidian.md (net::ERR_TIMED_OUT)
2026-06-05 14:43:20 Checking for update using Github
2026-06-05 14:43:23 Success.
2026-06-05 14:43:23 Latest version is 1.12.7
2026-06-05 14:43:23 App is up to date.
2026-06-05 17:58:34 Checking for update using Github
2026-06-05 17:58:34 Success.
2026-06-05 17:58:34 Latest version is 1.12.7
2026-06-05 17:58:34 App is up to date.
2026-06-05 20:47:04 Checking for update using Github
2026-06-05 20:47:04 Success.
2026-06-05 20:47:04 Latest version is 1.12.7
2026-06-05 20:47:04 App is up to date.
2026-06-06 01:00:08 Loaded main app package /usr/lib/obsidian/obsidian.asar
2026-06-06 01:00:08 Checking for update using Github
2026-06-06 01:00:09 Success.
2026-06-06 01:00:09 Latest version is 1.12.7
2026-06-06 01:00:09 App is up to date.
2026-06-06 07:03:18 Checking for update using Github
2026-06-06 07:03:18 Success.
2026-06-06 07:03:18 Latest version is 1.12.7
2026-06-06 07:03:18 App is up to date.
2026-06-06 08:53:46 Checking for update using Github
2026-06-06 08:53:48 Success.
2026-06-06 08:53:48 Latest version is 1.12.7
2026-06-06 08:53:48 App is up to date.
2026-06-06 09:53:47 Checking for update using Github
2026-06-06 09:53:48 Success.
2026-06-06 09:53:48 Latest version is 1.12.7
2026-06-06 09:53:48 App is up to date.
2026-06-06 10:53:47 Checking for update using Github
2026-06-06 10:53:54 Success.
2026-06-06 10:53:54 Latest version is 1.12.7
2026-06-06 10:53:54 App is up to date.
2026-06-06 11:53:47 Checking for update using Github
2026-06-06 11:53:47 Success.
2026-06-06 11:53:47 Latest version is 1.12.7
2026-06-06 11:53:47 App is up to date.
2026-06-06 18:39:41 Loaded main app package /usr/lib/obsidian/obsidian.asar
2026-06-06 18:39:42 Checking for update using Github
2026-06-06 18:39:42 Success.
2026-06-06 18:39:42 Latest version is 1.12.7
2026-06-06 18:39:42 App is up to date.
2026-06-06 19:39:41 Checking for update using Github
2026-06-06 19:39:48 Success.
2026-06-06 19:39:48 Latest version is 1.12.7
2026-06-06 19:39:48 App is up to date.
2026-06-06 23:26:10 Checking for update using Github
2026-06-06 23:26:10 Success.
2026-06-06 23:26:10 Latest version is 1.12.7
2026-06-06 23:26:10 App is up to date.
2026-06-07 00:26:10 Checking for update using Github
2026-06-07 00:26:11 Success.
2026-06-07 00:26:11 Latest version is 1.12.7
2026-06-07 00:26:11 App is up to date.
2026-06-07 01:26:10 Checking for update using Github
2026-06-07 01:26:10 Success.
2026-06-07 01:26:10 Latest version is 1.12.7
2026-06-07 01:26:10 App is up to date.
2026-06-07 02:26:10 Checking for update using Github
2026-06-07 02:26:16 Success.
2026-06-07 02:26:16 Latest version is 1.12.7
2026-06-07 02:26:16 App is up to date.
2026-06-07 20:26:50 Loaded main app package /usr/lib/obsidian/obsidian.asar
2026-06-07 20:26:51 Checking for update using Github
2026-06-08 15:07:34 Loaded main app package /usr/lib/obsidian/obsidian.asar
2026-06-08 15:07:34 Checking for update using Github
2026-06-08 15:07:36 Success.
2026-06-08 15:07:36 Latest version is 1.12.7
2026-06-08 15:07:36 App is up to date.
2026-06-08 16:07:34 Checking for update using Github
2026-06-08 16:07:35 Success.
2026-06-08 16:07:35 Latest version is 1.12.7
2026-06-08 16:07:35 App is up to date.
2026-06-08 17:07:34 Checking for update using Github
2026-06-08 17:07:36 Success.
2026-06-08 17:07:36 Latest version is 1.12.7
2026-06-08 17:07:36 App is up to date.
2026-06-08 18:07:34 Checking for update using Github
2026-06-08 18:07:35 Success.
2026-06-08 18:07:35 Latest version is 1.12.7
2026-06-08 18:07:35 App is up to date.
2026-06-08 20:51:48 Checking for update using Github
2026-06-08 20:51:48 Success.
2026-06-08 20:51:48 Latest version is 1.12.7
2026-06-08 20:51:48 App is up to date.
2026-06-08 21:51:49 Checking for update using Github
2026-06-08 21:51:49 Success.
2026-06-08 21:51:49 Latest version is 1.12.7
2026-06-08 21:51:49 App is up to date.
2026-06-08 22:51:49 Checking for update using Github
2026-06-08 22:51:49 Success.
2026-06-08 22:51:49 Latest version is 1.12.7
2026-06-08 22:51:49 App is up to date.
2026-06-08 23:33:55 Loaded main app package /usr/lib/obsidian/obsidian.asar
2026-06-08 23:33:55 Checking for update using Github
2026-06-08 23:33:56 Success.
2026-06-08 23:33:56 Latest version is 1.12.7
2026-06-08 23:33:56 App is up to date.
2026-06-09 10:54:53 Loaded main app package /usr/lib/obsidian/obsidian.asar
2026-06-09 10:54:54 Checking for update using Github
2026-06-09 10:54:56 Success.
2026-06-09 10:54:56 Latest version is 1.12.7
2026-06-09 10:54:56 App is up to date.
2026-06-09 11:54:53 Checking for update using Github
2026-06-09 11:54:55 Success.
2026-06-09 11:54:55 Latest version is 1.12.7
2026-06-09 11:54:55 App is up to date.
2026-06-09 15:28:18 Loaded main app package /usr/lib/obsidian/obsidian.asar
2026-06-09 15:28:18 Checking for update using Github
2026-06-09 15:28:18 Failed to check for update using Github (net::ERR_INTERNET_DISCONNECTED)
2026-06-09 15:28:18 Checking for update using obsidian.md
2026-06-09 15:28:19 Failed to check for update using obsidian.md (net::ERR_INTERNET_DISCONNECTED)
2026-06-09 17:22:27 Loaded main app package /usr/lib/obsidian/obsidian.asar
2026-06-09 17:22:27 Checking for update using Github
2026-06-09 17:22:29 Success.
2026-06-09 17:22:29 Latest version is 1.12.7
2026-06-09 17:22:29 App is up to date.
2026-06-09 18:22:27 Checking for update using Github
2026-06-09 18:22:27 Success.
2026-06-09 18:22:27 Latest version is 1.12.7
2026-06-09 18:22:27 App is up to date.
2026-06-09 20:59:48 Checking for update using Github
2026-06-09 20:59:48 Success.
2026-06-09 20:59:48 Latest version is 1.12.7
2026-06-09 20:59:48 App is up to date.
2026-06-09 21:59:52 Checking for update using Github
2026-06-09 21:59:52 Success.
2026-06-09 21:59:52 Latest version is 1.12.7
2026-06-09 21:59:52 App is up to date.
2026-06-09 22:59:53 Checking for update using Github
2026-06-09 22:59:53 Success.
2026-06-09 22:59:53 Latest version is 1.12.7
2026-06-09 22:59:53 App is up to date.
2026-06-10 08:51:01 Checking for update using Github
2026-06-10 08:51:01 Success.
2026-06-10 08:51:01 Latest version is 1.12.7
2026-06-10 08:51:01 App is up to date.
2026-06-10 10:23:38 Loaded main app package /usr/lib/obsidian/obsidian.asar
2026-06-10 10:23:38 Checking for update using Github
2026-06-10 10:23:39 Success.
2026-06-10 10:23:39 Latest version is 1.12.7
2026-06-10 10:23:39 App is up to date.
2026-06-12 18:12:15 Loaded main app package /usr/lib/obsidian/obsidian.asar
2026-06-12 18:12:15 Checking for update using Github
2026-06-12 18:12:16 Success.
2026-06-12 18:12:16 Latest version is 1.12.7
2026-06-12 18:12:16 App is up to date.
2026-06-12 19:12:15 Checking for update using Github
2026-06-12 19:12:21 Success.
2026-06-12 19:12:21 Latest version is 1.12.7
2026-06-12 19:12:21 App is up to date.
2026-06-12 20:12:15 Checking for update using Github
2026-06-12 20:12:21 Success.
2026-06-12 20:12:21 Latest version is 1.12.7
2026-06-12 20:12:21 App is up to date.
2026-06-12 21:12:15 Checking for update using Github
2026-06-12 21:12:22 Success.
2026-06-12 21:12:22 Latest version is 1.12.7
2026-06-12 21:12:22 App is up to date.
2026-06-12 22:12:15 Checking for update using Github
2026-06-12 22:12:21 Success.
2026-06-12 22:12:21 Latest version is 1.12.7
2026-06-12 22:12:21 App is up to date.
2026-06-12 23:12:15 Checking for update using Github
2026-06-12 23:12:15 Success.
2026-06-12 23:12:15 Latest version is 1.12.7
2026-06-12 23:12:15 App is up to date.
2026-06-13 00:12:15 Checking for update using Github
2026-06-13 00:12:16 Success.
2026-06-13 00:12:16 Latest version is 1.12.7
2026-06-13 00:12:16 App is up to date.
2026-06-13 00:25:13 Loaded main app package /usr/lib/obsidian/obsidian.asar
2026-06-13 00:25:13 Checking for update using Github
2026-06-13 00:25:14 Success.
2026-06-13 00:25:14 Latest version is 1.12.7
2026-06-13 00:25:14 App is up to date.
2026-06-13 12:27:14 Loaded main app package /usr/lib/obsidian/obsidian.asar
2026-06-13 12:27:14 Checking for update using Github
2026-06-13 12:28:27 Success.
2026-06-13 12:28:27 Latest version is 1.12.7
2026-06-13 12:28:27 App is up to date.
2026-06-13 13:27:13 Checking for update using Github
2026-06-13 13:27:15 Success.
2026-06-13 13:27:15 Latest version is 1.12.7
2026-06-13 13:27:15 App is up to date.
2026-06-13 16:00:03 Checking for update using Github
2026-06-13 16:00:03 Success.
2026-06-13 16:00:03 Latest version is 1.12.7
2026-06-13 16:00:03 App is up to date.
2026-06-14 13:52:22 Loaded main app package /usr/lib/obsidian/obsidian.asar
2026-06-14 13:52:22 Checking for update using Github
2026-06-14 13:52:25 Success.
2026-06-14 13:52:25 Latest version is 1.12.7
2026-06-14 13:52:25 App is up to date.
2026-06-14 14:52:21 Checking for update using Github
2026-06-14 14:52:22 Success.
2026-06-14 14:52:22 Latest version is 1.12.7
2026-06-14 14:52:22 App is up to date.
2026-06-14 16:06:46 Checking for update using Github
2026-06-14 16:06:47 Success.
2026-06-14 16:06:47 Latest version is 1.12.7
2026-06-14 16:06:47 App is up to date.
2026-06-14 20:08:13 Checking for update using Github
2026-06-14 20:08:14 Success.
2026-06-14 20:08:14 Latest version is 1.12.7
2026-06-14 20:08:14 App is up to date.
2026-06-14 21:08:13 Checking for update using Github
2026-06-14 21:08:14 Success.
2026-06-14 21:08:14 Latest version is 1.12.7
2026-06-14 21:08:14 App is up to date.
2026-06-14 22:42:57 Checking for update using Github
2026-06-14 22:42:58 Success.
2026-06-14 22:42:58 Latest version is 1.12.7
2026-06-14 22:42:58 App is up to date.
2026-06-14 23:42:57 Checking for update using Github
2026-06-14 23:42:57 Success.
2026-06-14 23:42:57 Latest version is 1.12.7
2026-06-14 23:42:57 App is up to date.
2026-06-15 08:08:39 Loaded main app package /usr/lib/obsidian/obsidian.asar
2026-06-15 08:08:40 Checking for update using Github
2026-06-15 08:08:40 Success.
2026-06-15 08:08:40 Latest version is 1.12.7
2026-06-15 08:08:40 App is up to date.
2026-06-15 12:21:20 Loaded main app package /usr/lib/obsidian/obsidian.asar
2026-06-15 12:21:21 Checking for update using Github
2026-06-15 12:21:21 Failed to check for update using Github (net::ERR_INTERNET_DISCONNECTED)
2026-06-15 12:21:21 Checking for update using obsidian.md
2026-06-15 12:21:21 Failed to check for update using obsidian.md (net::ERR_INTERNET_DISCONNECTED)
2026-06-15 14:51:35 Checking for update using Github
2026-06-15 14:52:10 Failed to check for update using Github (net::ERR_NETWORK_CHANGED)
2026-06-15 14:52:10 Checking for update using obsidian.md
2026-06-15 14:52:10 Failed to check for update using obsidian.md (net::ERR_INTERNET_DISCONNECTED)
2026-06-15 21:15:57 Loaded main app package /usr/lib/obsidian/obsidian.asar
2026-06-15 21:15:57 Checking for update using Github
2026-06-15 21:15:58 Success.
2026-06-15 21:15:58 Latest version is 1.12.7
2026-06-15 21:15:58 App is up to date.
2026-06-16 11:44:03 Loaded main app package /usr/lib/obsidian/obsidian.asar
2026-06-16 11:44:04 Checking for update using Github
2026-06-16 11:44:05 Success.
2026-06-16 11:44:05 Latest version is 1.12.7
2026-06-16 11:44:05 App is up to date.
2026-06-16 21:41:43 Loaded main app package /usr/lib/obsidian/obsidian.asar
2026-06-16 21:41:43 Checking for update using Github
2026-06-16 21:41:45 Success.
2026-06-16 21:41:45 Latest version is 1.12.7
2026-06-16 21:41:45 App is up to date.
2026-06-16 22:41:43 Checking for update using Github
2026-06-16 22:41:44 Success.
2026-06-16 22:41:44 Latest version is 1.12.7
2026-06-16 22:41:44 App is up to date.
2026-06-16 23:41:43 Checking for update using Github
2026-06-16 23:41:43 Success.
2026-06-16 23:41:43 Latest version is 1.12.7
2026-06-16 23:41:43 App is up to date.
2026-06-17 07:29:45 Checking for update using Github
2026-06-17 07:29:45 Success.
2026-06-17 07:29:45 Latest version is 1.12.7
2026-06-17 07:29:45 App is up to date.
2026-06-17 08:29:45 Checking for update using Github
2026-06-17 08:29:45 Success.
2026-06-17 08:29:45 Latest version is 1.12.7
2026-06-17 08:29:45 App is up to date.
2026-06-17 09:29:45 Checking for update using Github
2026-06-17 09:29:46 Success.
2026-06-17 09:29:46 Latest version is 1.12.7
2026-06-17 09:29:46 App is up to date.
2026-06-17 10:44:38 Checking for update using Github
2026-06-17 10:44:38 Success.
2026-06-17 10:44:38 Latest version is 1.12.7
2026-06-17 10:44:38 App is up to date.
2026-06-17 14:23:32 Checking for update using Github
2026-06-17 14:23:32 Failed to check for update using Github (net::ERR_INTERNET_DISCONNECTED)
2026-06-17 14:23:32 Checking for update using obsidian.md
2026-06-17 14:23:32 Failed to check for update using obsidian.md (net::ERR_INTERNET_DISCONNECTED)
2026-06-17 19:24:39 Checking for update using Github
2026-06-17 19:24:41 Success.
2026-06-17 19:24:41 Latest version is 1.12.7
2026-06-17 19:24:41 App is up to date.
2026-06-17 20:24:41 Checking for update using Github
2026-06-17 20:24:41 Success.
2026-06-17 20:24:41 Latest version is 1.12.7
2026-06-17 20:24:41 App is up to date.
2026-06-17 21:50:19 Loaded main app package /usr/lib/obsidian/obsidian.asar
2026-06-17 21:50:19 Checking for update using Github
2026-06-17 21:50:20 Success.
2026-06-17 21:50:20 Latest version is 1.12.7
2026-06-17 21:50:20 App is up to date.
2026-06-17 22:50:19 Checking for update using Github
2026-06-17 22:50:19 Success.
2026-06-17 22:50:19 Latest version is 1.12.7
2026-06-17 22:50:19 App is up to date.
2026-06-18 07:53:09 Checking for update using Github
2026-06-18 07:53:09 Success.
2026-06-18 07:53:09 Latest version is 1.12.7
2026-06-18 07:53:09 App is up to date.
2026-06-18 08:53:09 Checking for update using Github
2026-06-18 08:53:09 Success.
2026-06-18 08:53:09 Latest version is 1.12.7
2026-06-18 08:53:09 App is up to date.
2026-06-18 09:53:09 Checking for update using Github
2026-06-18 09:53:09 Success.
2026-06-18 09:53:09 Latest version is 1.12.7
2026-06-18 09:53:09 App is up to date.
2026-06-18 10:53:09 Checking for update using Github
2026-06-18 10:53:09 Success.
2026-06-18 10:53:09 Latest version is 1.12.7
2026-06-18 10:53:09 App is up to date.
2026-06-18 14:42:03 Checking for update using Github
2026-06-18 14:42:04 Success.
2026-06-18 14:42:04 Latest version is 1.12.7
2026-06-18 14:42:04 App is up to date.
2026-06-18 17:02:44 Checking for update using Github
2026-06-18 17:02:46 Success.
2026-06-18 17:02:46 Latest version is 1.12.7
2026-06-18 17:02:46 App is up to date.
2026-06-18 20:36:10 Checking for update using Github
2026-06-18 20:36:11 Success.
2026-06-18 20:36:11 Latest version is 1.12.7
2026-06-18 20:36:11 App is up to date.
2026-06-18 21:59:35 Checking for update using Github
2026-06-18 21:59:35 Success.
2026-06-18 21:59:35 Latest version is 1.12.7
2026-06-18 21:59:35 App is up to date.
2026-06-18 23:12:24 Checking for update using Github
2026-06-18 23:12:27 Success.
2026-06-18 23:12:27 Latest version is 1.12.7
2026-06-18 23:12:27 App is up to date.
2026-06-19 00:12:24 Checking for update using Github
2026-06-19 00:12:31 Success.
2026-06-19 00:12:31 Latest version is 1.12.7
2026-06-19 00:12:31 App is up to date.
2026-06-19 10:05:26 Loaded main app package /usr/lib/obsidian/obsidian.asar
2026-06-19 10:05:26 Checking for update using Github
2026-06-19 10:05:27 Success.
2026-06-19 10:05:27 Latest version is 1.12.7
2026-06-19 10:05:27 App is up to date.
2026-06-19 11:05:26 Checking for update using Github
2026-06-19 11:05:26 Success.
2026-06-19 11:05:26 Latest version is 1.12.7
2026-06-19 11:05:26 App is up to date.
2026-06-19 20:06:21 Loaded main app package /usr/lib/obsidian/obsidian.asar
2026-06-19 20:06:22 Checking for update using Github
2026-06-19 20:06:22 Failed to check for update using Github (net::ERR_INTERNET_DISCONNECTED)
2026-06-19 20:06:22 Checking for update using obsidian.md
2026-06-19 20:06:22 Failed to check for update using obsidian.md (net::ERR_INTERNET_DISCONNECTED)
2026-06-19 21:06:22 Checking for update using Github
2026-06-19 21:06:22 Success.
2026-06-19 21:06:22 Latest version is 1.12.7
2026-06-19 21:06:22 App is up to date.
2026-06-20 00:59:06 Checking for update using Github
2026-06-20 00:59:06 Success.
2026-06-20 00:59:06 Latest version is 1.12.7
2026-06-20 00:59:06 App is up to date.
2026-06-20 12:51:08 Checking for update using Github
2026-06-20 12:51:09 Success.
2026-06-20 12:51:09 Latest version is 1.12.7
2026-06-20 12:51:09 App is up to date.
2026-06-20 13:51:08 Checking for update using Github
2026-06-20 13:51:09 Success.
2026-06-20 13:51:09 Latest version is 1.12.7
2026-06-20 13:51:09 App is up to date.
2026-06-20 15:21:13 Checking for update using Github
2026-06-20 15:21:19 Success.
2026-06-20 15:21:19 Latest version is 1.12.7
2026-06-20 15:21:19 App is up to date.
2026-06-24 02:55:16 Loaded main app package /usr/lib/obsidian/obsidian.asar
2026-06-24 02:55:17 Checking for update using Github
2026-06-24 02:55:17 Success.
2026-06-24 02:55:17 Latest version is 1.12.7
2026-06-24 02:55:17 App is up to date.
2026-06-24 03:55:16 Checking for update using Github
2026-06-24 03:55:16 Success.
2026-06-24 03:55:16 Latest version is 1.12.7
2026-06-24 03:55:16 App is up to date.
2026-06-24 04:49:28 Loaded main app package /usr/lib/obsidian/obsidian.asar
2026-06-24 04:49:28 Checking for update using Github
2026-06-24 04:49:28 Success.
2026-06-24 04:49:28 Latest version is 1.12.7
2026-06-24 04:49:28 App is up to date.
2026-06-24 05:49:28 Checking for update using Github
2026-06-24 05:49:28 Success.
2026-06-24 05:49:28 Latest version is 1.12.7
2026-06-24 05:49:28 App is up to date.
2026-06-24 11:14:02 Checking for update using Github
2026-06-24 11:14:02 Success.
2026-06-24 11:14:02 Latest version is 1.12.7
2026-06-24 11:14:02 App is up to date.
2026-06-26 02:56:06 Loaded main app package /nix/store/bm09z1wrd5p7yp29iicf7pfr79vj54fc-obsidian-1.12.7/share/obsidian/obsidian.asar
2026-06-26 02:56:06 Checking for update using Github
2026-06-26 02:56:07 Success.
2026-06-26 02:56:07 Latest version is 1.12.7
2026-06-26 02:56:07 App is up to date.
2026-06-26 04:00:10 Loaded main app package /nix/store/bm09z1wrd5p7yp29iicf7pfr79vj54fc-obsidian-1.12.7/share/obsidian/obsidian.asar
2026-06-26 04:00:11 Checking for update using Github
2026-06-26 04:00:12 Success.
2026-06-26 04:00:12 Latest version is 1.12.7
2026-06-26 04:00:12 App is up to date.
2026-06-27 12:10:35 Loaded main app package /nix/store/bm09z1wrd5p7yp29iicf7pfr79vj54fc-obsidian-1.12.7/share/obsidian/obsidian.asar
2026-06-27 12:10:36 Checking for update using Github
2026-06-27 12:10:37 Success.
2026-06-27 12:10:37 Latest version is 1.12.7
2026-06-27 12:10:37 App is up to date.
2026-06-27 13:10:35 Checking for update using Github
2026-06-27 13:10:38 Success.
2026-06-27 13:10:38 Latest version is 1.12.7
2026-06-27 13:10:38 App is up to date.
2026-06-27 20:04:18 Loaded main app package /nix/store/bm09z1wrd5p7yp29iicf7pfr79vj54fc-obsidian-1.12.7/share/obsidian/obsidian.asar
2026-06-27 20:04:19 Checking for update using Github
2026-06-27 20:04:20 Success.
2026-06-27 20:04:20 Latest version is 1.12.7
2026-06-27 20:04:20 App is up to date.
2026-06-27 21:04:18 Checking for update using Github
2026-06-27 21:04:18 Success.
2026-06-27 21:04:18 Latest version is 1.12.7
2026-06-27 21:04:18 App is up to date.
2026-06-28 00:54:50 Loaded main app package /nix/store/bm09z1wrd5p7yp29iicf7pfr79vj54fc-obsidian-1.12.7/share/obsidian/obsidian.asar
2026-06-28 00:54:50 Checking for update using Github
2026-06-28 00:54:51 Success.
2026-06-28 00:54:51 Latest version is 1.12.7
2026-06-28 00:54:51 App is up to date.
2026-06-28 14:47:22 Loaded main app package /nix/store/bm09z1wrd5p7yp29iicf7pfr79vj54fc-obsidian-1.12.7/share/obsidian/obsidian.asar
2026-06-28 14:47:23 Checking for update using Github
2026-06-28 14:47:23 Failed to check for update using Github (net::ERR_INTERNET_DISCONNECTED)
2026-06-28 14:47:23 Checking for update using obsidian.md
2026-06-28 14:47:23 Failed to check for update using obsidian.md (net::ERR_INTERNET_DISCONNECTED)
2026-06-28 15:47:22 Checking for update using Github
2026-06-28 15:47:22 Success.
2026-06-28 15:47:22 Latest version is 1.12.7
2026-06-28 15:47:22 App is up to date.
2026-06-28 16:47:22 Checking for update using Github
2026-06-28 16:47:22 Success.
2026-06-28 16:47:22 Latest version is 1.12.7
2026-06-28 16:47:22 App is up to date.
2026-07-13 14:11:16 Loaded main app package /nix/store/izl58v0h1kp3zdawyhm08641vhybnh8s-obsidian-1.12.7/share/obsidian/obsidian.asar
2026-07-13 14:11:18 Checking for update using Github
2026-07-13 14:11:19 Success.
2026-07-13 14:11:19 Latest version is 1.12.7
2026-07-13 14:11:19 App is up to date.
2026-07-13 19:12:30 Loaded main app package /nix/store/izl58v0h1kp3zdawyhm08641vhybnh8s-obsidian-1.12.7/share/obsidian/obsidian.asar
2026-07-13 19:12:31 Checking for update using Github
2026-07-13 19:12:31 Success.
2026-07-13 19:12:31 Latest version is 1.12.7
2026-07-13 19:12:31 App is up to date.
2026-07-13 20:26:48 Checking for update using Github
2026-07-13 20:26:53 Success.
2026-07-13 20:26:53 Latest version is 1.12.7
2026-07-13 20:26:53 App is up to date.
2026-07-13 21:26:48 Checking for update using Github
2026-07-13 21:26:53 Success.
2026-07-13 21:26:53 Latest version is 1.12.7
2026-07-13 21:26:53 App is up to date.
2026-07-13 22:26:48 Checking for update using Github
2026-07-13 22:26:51 Success.
2026-07-13 22:26:51 Latest version is 1.12.7
2026-07-13 22:26:51 App is up to date.
2026-07-14 09:05:43 Loaded main app package /nix/store/izl58v0h1kp3zdawyhm08641vhybnh8s-obsidian-1.12.7/share/obsidian/obsidian.asar
2026-07-14 09:05:43 Checking for update using Github
2026-07-14 09:05:50 Success.
2026-07-14 09:05:50 Latest version is 1.12.7
2026-07-14 09:05:50 App is up to date.
2026-07-14 10:05:43 Checking for update using Github
2026-07-14 10:05:51 Success.
2026-07-14 10:05:51 Latest version is 1.12.7
2026-07-14 10:05:51 App is up to date.
2026-07-14 11:05:42 Checking for update using Github
2026-07-14 11:05:43 Success.
2026-07-14 11:05:43 Latest version is 1.12.7
2026-07-14 11:05:43 App is up to date.
2026-07-14 12:05:42 Checking for update using Github
2026-07-14 12:05:43 Success.
2026-07-14 12:05:43 Latest version is 1.12.7
2026-07-14 12:05:43 App is up to date.
2026-07-14 13:05:43 Checking for update using Github
2026-07-14 13:05:49 Success.
2026-07-14 13:05:49 Latest version is 1.12.7
2026-07-14 13:05:49 App is up to date.
2026-07-14 14:26:35 Checking for update using Github
2026-07-14 14:26:42 Success.
2026-07-14 14:26:42 Latest version is 1.12.7
2026-07-14 14:26:42 App is up to date.
2026-07-14 15:26:35 Checking for update using Github
2026-07-14 15:26:44 Success.
2026-07-14 15:26:44 Latest version is 1.12.7
2026-07-14 15:26:44 App is up to date.
2026-07-14 16:26:34 Checking for update using Github
2026-07-14 16:26:35 Success.
2026-07-14 16:26:35 Latest version is 1.12.7
2026-07-14 16:26:35 App is up to date.
2026-07-14 22:47:13 Checking for update using Github
2026-07-14 22:47:13 Success.
2026-07-14 22:47:13 Latest version is 1.12.7
2026-07-14 22:47:13 App is up to date.
2026-07-15 09:55:15 Loaded main app package /nix/store/izl58v0h1kp3zdawyhm08641vhybnh8s-obsidian-1.12.7/share/obsidian/obsidian.asar
2026-07-15 09:55:15 Checking for update using Github
2026-07-15 09:55:20 Success.
2026-07-15 09:55:20 Latest version is 1.12.7
2026-07-15 09:55:20 App is up to date.
2026-07-15 10:55:17 Checking for update using Github
2026-07-15 10:55:24 Success.
2026-07-15 10:55:24 Latest version is 1.12.7
2026-07-15 10:55:24 App is up to date.
2026-07-15 11:55:19 Checking for update using Github
2026-07-15 11:55:23 Success.
2026-07-15 11:55:23 Latest version is 1.12.7
2026-07-15 11:55:23 App is up to date.
2026-07-15 12:55:19 Checking for update using Github
2026-07-15 12:55:19 Success.
2026-07-15 12:55:19 Latest version is 1.12.7
2026-07-15 12:55:19 App is up to date.
2026-07-15 13:55:19 Checking for update using Github
2026-07-15 13:55:19 Success.
2026-07-15 13:55:19 Latest version is 1.12.7
2026-07-15 13:55:19 App is up to date.
2026-07-15 14:55:19 Checking for update using Github
2026-07-15 14:55:24 Success.
2026-07-15 14:55:24 Latest version is 1.12.7
2026-07-15 14:55:24 App is up to date.
2026-07-15 15:55:20 Checking for update using Github
2026-07-15 15:55:26 Success.
2026-07-15 15:55:26 Latest version is 1.12.7
2026-07-15 15:55:26 App is up to date.
2026-07-15 16:55:20 Checking for update using Github
2026-07-15 16:55:27 Success.
2026-07-15 16:55:27 Latest version is 1.12.7
2026-07-15 16:55:27 App is up to date.
2026-07-16 09:31:41 Loaded main app package /nix/store/izl58v0h1kp3zdawyhm08641vhybnh8s-obsidian-1.12.7/share/obsidian/obsidian.asar
2026-07-16 09:31:42 Checking for update using Github
2026-07-16 09:31:43 Success.
2026-07-16 09:31:43 Latest version is 1.12.7
2026-07-16 09:31:43 App is up to date.
2026-07-16 10:31:39 Checking for update using Github
2026-07-16 10:31:45 Success.
2026-07-16 10:31:45 Latest version is 1.12.7
2026-07-16 10:31:45 App is up to date.
2026-07-16 11:31:40 Checking for update using Github
2026-07-16 11:32:03 Success.
2026-07-16 11:32:03 Latest version is 1.12.7
2026-07-16 11:32:03 App is up to date.
2026-07-16 12:04:49 Loaded main app package /nix/store/izl58v0h1kp3zdawyhm08641vhybnh8s-obsidian-1.12.7/share/obsidian/obsidian.asar
2026-07-16 12:04:50 Checking for update using Github
2026-07-16 12:05:02 Success.
2026-07-16 12:05:02 Latest version is 1.12.7
2026-07-16 12:05:02 App is up to date.
2026-07-16 13:04:48 Checking for update using Github
2026-07-16 13:05:06 Success.
2026-07-16 13:05:06 Latest version is 1.12.7
2026-07-16 13:05:06 App is up to date.
2026-07-16 14:04:49 Checking for update using Github
2026-07-16 14:04:55 Success.
2026-07-16 14:04:55 Latest version is 1.12.7
2026-07-16 14:04:55 App is up to date.
2026-07-16 15:04:49 Checking for update using Github
2026-07-16 15:04:51 Success.
2026-07-16 15:04:51 Latest version is 1.12.7
2026-07-16 15:04:51 App is up to date.
2026-07-17 16:35:41 Loaded main app package /nix/store/izl58v0h1kp3zdawyhm08641vhybnh8s-obsidian-1.12.7/share/obsidian/obsidian.asar
2026-07-17 16:35:42 Checking for update using Github
2026-07-17 16:35:42 Success.
2026-07-17 16:35:42 Latest version is 1.12.7
2026-07-17 16:35:42 App is up to date.
2026-07-17 23:06:54 Checking for update using Github
2026-07-17 23:06:56 Success.
2026-07-17 23:06:56 Latest version is 1.12.7
2026-07-17 23:06:56 App is up to date.
2026-07-20 09:27:29 Loaded main app package /nix/store/izl58v0h1kp3zdawyhm08641vhybnh8s-obsidian-1.12.7/share/obsidian/obsidian.asar
2026-07-20 09:27:29 Checking for update using Github
2026-07-20 09:27:30 Success.
2026-07-20 09:27:30 Latest version is 1.12.7
2026-07-20 09:27:30 App is up to date.
2026-07-20 10:27:29 Checking for update using Github
2026-07-20 10:27:35 Success.
2026-07-20 10:27:35 Latest version is 1.12.7
2026-07-20 10:27:35 App is up to date.
2026-07-20 11:27:30 Checking for update using Github
2026-07-20 11:27:31 Success.
2026-07-20 11:27:31 Latest version is 1.12.7
2026-07-20 11:27:31 App is up to date.
2026-07-20 12:27:30 Checking for update using Github
2026-07-20 12:27:38 Success.
2026-07-20 12:27:38 Latest version is 1.12.7
2026-07-20 12:27:38 App is up to date.
2026-07-20 14:06:48 Checking for update using Github
2026-07-20 14:06:50 Success.
2026-07-20 14:06:50 Latest version is 1.12.7
2026-07-20 14:06:50 App is up to date.
2026-07-20 15:06:47 Checking for update using Github
2026-07-20 15:06:54 Success.
2026-07-20 15:06:54 Latest version is 1.12.7
2026-07-20 15:06:54 App is up to date.
2026-07-20 16:06:49 Checking for update using Github
2026-07-20 16:06:56 Success.
2026-07-20 16:06:56 Latest version is 1.12.7
2026-07-20 16:06:56 App is up to date.
2026-07-20 17:06:50 Checking for update using Github
2026-07-20 17:06:57 Success.
2026-07-20 17:06:57 Latest version is 1.12.7
2026-07-20 17:06:57 App is up to date.
2026-07-20 23:31:08 Checking for update using Github
2026-07-20 23:31:09 Success.
2026-07-20 23:31:09 Latest version is 1.12.7
2026-07-20 23:31:09 App is up to date.
2026-07-21 09:28:09 Loaded main app package /nix/store/izl58v0h1kp3zdawyhm08641vhybnh8s-obsidian-1.12.7/share/obsidian/obsidian.asar
2026-07-21 09:28:09 Checking for update using Github
2026-07-21 09:28:16 Success.
2026-07-21 09:28:16 Latest version is 1.12.7
2026-07-21 09:28:16 App is up to date.
2026-07-21 10:28:06 Checking for update using Github
2026-07-21 10:28:07 Success.
2026-07-21 10:28:07 Latest version is 1.12.7
2026-07-21 10:28:07 App is up to date.
2026-07-21 11:14:34 Loaded main app package /nix/store/izl58v0h1kp3zdawyhm08641vhybnh8s-obsidian-1.12.7/share/obsidian/obsidian.asar
2026-07-21 11:14:34 Checking for update using Github
2026-07-21 11:14:35 Success.
2026-07-21 11:14:35 Latest version is 1.12.7
2026-07-21 11:14:35 App is up to date.
2026-07-21 12:14:34 Checking for update using Github
2026-07-21 12:14:34 Success.
2026-07-21 12:14:34 Latest version is 1.12.7
2026-07-21 12:14:34 App is up to date.
2026-07-21 13:19:55 Checking for update using Github
2026-07-21 13:19:55 Success.
2026-07-21 13:19:55 Latest version is 1.12.7
2026-07-21 13:19:55 App is up to date.
2026-07-21 14:19:55 Checking for update using Github
2026-07-21 14:20:02 Success.
2026-07-21 14:20:02 Latest version is 1.12.7
2026-07-21 14:20:02 App is up to date.
2026-07-21 15:19:55 Checking for update using Github
2026-07-21 15:20:05 Success.
2026-07-21 15:20:05 Latest version is 1.12.7
2026-07-21 15:20:05 App is up to date.
2026-07-21 16:19:55 Checking for update using Github
2026-07-21 16:20:06 Success.
2026-07-21 16:20:06 Latest version is 1.12.7
2026-07-21 16:20:06 App is up to date.
2026-07-22 10:14:49 Loaded main app package /nix/store/izl58v0h1kp3zdawyhm08641vhybnh8s-obsidian-1.12.7/share/obsidian/obsidian.asar
2026-07-22 10:14:49 Checking for update using Github
2026-07-22 10:14:50 Success.
2026-07-22 10:14:50 Latest version is 1.12.7
2026-07-22 10:14:50 App is up to date.
2026-07-22 11:14:48 Checking for update using Github
2026-07-22 11:14:49 Success.
2026-07-22 11:14:49 Latest version is 1.12.7
2026-07-22 11:14:49 App is up to date.
2026-07-22 11:58:32 Loaded main app package /nix/store/izl58v0h1kp3zdawyhm08641vhybnh8s-obsidian-1.12.7/share/obsidian/obsidian.asar
2026-07-22 11:58:33 Checking for update using Github
2026-07-22 11:58:33 Success.
2026-07-22 11:58:33 Latest version is 1.12.7
2026-07-22 11:58:33 App is up to date.
2026-07-22 12:58:32 Checking for update using Github
2026-07-22 12:58:32 Success.
2026-07-22 12:58:32 Latest version is 1.12.7
2026-07-22 12:58:32 App is up to date.
2026-07-22 13:58:32 Checking for update using Github
2026-07-22 13:58:32 Success.
2026-07-22 13:58:32 Latest version is 1.12.7
2026-07-22 13:58:32 App is up to date.
2026-07-22 14:40:23 Loaded main app package /nix/store/izl58v0h1kp3zdawyhm08641vhybnh8s-obsidian-1.12.7/share/obsidian/obsidian.asar
2026-07-22 14:40:23 Checking for update using Github
2026-07-22 14:40:24 Success.
2026-07-22 14:40:24 Latest version is 1.12.7
2026-07-22 14:40:24 App is up to date.
2026-07-22 15:46:39 Loaded main app package /nix/store/izl58v0h1kp3zdawyhm08641vhybnh8s-obsidian-1.12.7/share/obsidian/obsidian.asar
2026-07-22 15:46:40 Checking for update using Github
2026-07-22 15:46:40 Success.
2026-07-22 15:46:40 Latest version is 1.12.7
2026-07-22 15:46:40 App is up to date.
2026-07-22 16:30:13 Loaded main app package /nix/store/izl58v0h1kp3zdawyhm08641vhybnh8s-obsidian-1.12.7/share/obsidian/obsidian.asar
2026-07-22 16:30:14 Checking for update using Github
2026-07-22 16:30:15 Success.
2026-07-22 16:30:15 Latest version is 1.12.7
2026-07-22 16:30:15 App is up to date.
2026-07-22 20:28:46 Checking for update using Github
2026-07-22 20:28:47 Success.
2026-07-22 20:28:47 Latest version is 1.12.7
2026-07-22 20:28:47 App is up to date.
2026-07-22 21:28:46 Checking for update using Github
2026-07-22 21:28:46 Success.
2026-07-22 21:28:46 Latest version is 1.12.7
2026-07-22 21:28:46 App is up to date.
2026-07-22 23:53:43 Loaded main app package /nix/store/izl58v0h1kp3zdawyhm08641vhybnh8s-obsidian-1.12.7/share/obsidian/obsidian.asar
2026-07-22 23:53:44 Checking for update using Github
2026-07-22 23:53:44 Success.
2026-07-22 23:53:44 Latest version is 1.12.7
2026-07-22 23:53:44 App is up to date.
2026-07-23 10:28:28 Loaded main app package /nix/store/izl58v0h1kp3zdawyhm08641vhybnh8s-obsidian-1.12.7/share/obsidian/obsidian.asar
2026-07-23 10:28:28 Checking for update using Github
2026-07-23 10:28:29 Success.
2026-07-23 10:28:29 Latest version is 1.12.7
2026-07-23 10:28:29 App is up to date.
2026-07-23 11:28:27 Checking for update using Github
2026-07-23 11:28:28 Success.
2026-07-23 11:28:28 Latest version is 1.12.7
2026-07-23 11:28:28 App is up to date.
2026-07-23 14:04:35 Loaded main app package /nix/store/izl58v0h1kp3zdawyhm08641vhybnh8s-obsidian-1.12.7/share/obsidian/obsidian.asar
2026-07-23 14:04:36 Checking for update using Github
2026-07-23 14:04:37 Success.
2026-07-23 14:04:37 Latest version is 1.12.7
2026-07-23 14:04:37 App is up to date.
2026-07-23 14:33:49 Loaded main app package /nix/store/wx5pcgz8m45f9cgmcl69db72ph510rcd-obsidian-1.12.7/share/obsidian/obsidian.asar
2026-07-23 14:33:49 Checking for update using Github
2026-07-23 14:33:50 Success.
2026-07-23 14:33:50 Latest version is 1.12.7
2026-07-23 14:33:50 App is up to date.
2026-07-23 15:33:49 Checking for update using Github
2026-07-23 15:33:49 Success.
2026-07-23 15:33:49 Latest version is 1.12.7
2026-07-23 15:33:49 App is up to date.
2026-07-23 16:33:49 Checking for update using Github
2026-07-23 16:33:49 Success.
2026-07-23 16:33:49 Latest version is 1.12.7
2026-07-23 16:33:49 App is up to date.
2026-07-23 20:56:18 Checking for update using Github
2026-07-23 20:56:18 Success.
2026-07-23 20:56:18 Latest version is 1.12.7
2026-07-23 20:56:18 App is up to date.
2026-07-23 21:56:18 Checking for update using Github
2026-07-23 21:56:18 Success.
2026-07-23 21:56:18 Latest version is 1.12.7
2026-07-23 21:56:18 App is up to date.
2026-07-23 23:41:20 Checking for update using Github
2026-07-23 23:41:20 Success.
2026-07-23 23:41:20 Latest version is 1.12.7
2026-07-23 23:41:20 App is up to date.
2026-07-24 17:42:29 Loaded main app package /nix/store/wx5pcgz8m45f9cgmcl69db72ph510rcd-obsidian-1.12.7/share/obsidian/obsidian.asar
2026-07-24 17:42:30 Checking for update using Github
2026-07-24 17:42:30 Success.
2026-07-24 17:42:30 Latest version is 1.12.7
2026-07-24 17:42:30 App is up to date.
2026-07-24 18:49:21 Checking for update using Github
2026-07-24 18:49:21 Success.
2026-07-24 18:49:21 Latest version is 1.12.7
2026-07-24 18:49:21 App is up to date.
2026-07-24 19:49:21 Checking for update using Github
2026-07-24 19:49:22 Success.
2026-07-24 19:49:22 Latest version is 1.12.7
2026-07-24 19:49:22 App is up to date.
2026-07-24 23:07:38 Checking for update using Github
2026-07-24 23:07:38 Success.
2026-07-24 23:07:38 Latest version is 1.12.7
2026-07-24 23:07:38 App is up to date.
2026-07-25 00:07:38 Checking for update using Github
2026-07-25 00:07:39 Success.
2026-07-25 00:07:39 Latest version is 1.12.7
2026-07-25 00:07:39 App is up to date.
2026-07-27 09:27:59 Loaded main app package /nix/store/wx5pcgz8m45f9cgmcl69db72ph510rcd-obsidian-1.12.7/share/obsidian/obsidian.asar
2026-07-27 09:28:00 Checking for update using Github
2026-07-27 09:28:00 Success.
2026-07-27 09:28:00 Latest version is 1.12.7
2026-07-27 09:28:00 App is up to date.
2026-07-27 11:10:21 Loaded main app package /nix/store/wx5pcgz8m45f9cgmcl69db72ph510rcd-obsidian-1.12.7/share/obsidian/obsidian.asar
2026-07-27 11:10:21 Checking for update using Github
2026-07-27 11:10:22 Success.
2026-07-27 11:10:22 Latest version is 1.12.7
2026-07-27 11:10:22 App is up to date.
2026-07-27 12:11:06 Checking for update using Github
2026-07-27 12:11:06 Success.
2026-07-27 12:11:06 Latest version is 1.12.7
2026-07-27 12:11:06 App is up to date.
2026-07-27 13:58:41 Checking for update using Github
2026-07-27 13:58:41 Success.
2026-07-27 13:58:41 Latest version is 1.12.7
2026-07-27 13:58:41 App is up to date.
2026-07-27 14:58:41 Checking for update using Github
2026-07-27 14:58:43 Success.
2026-07-27 14:58:43 Latest version is 1.12.7
2026-07-27 14:58:43 App is up to date.
2026-07-27 15:58:41 Checking for update using Github
2026-07-27 15:58:45 Success.
2026-07-27 15:58:45 Latest version is 1.12.7
2026-07-27 15:58:45 App is up to date.
2026-07-27 16:58:41 Checking for update using Github
2026-07-27 16:58:41 Success.
2026-07-27 16:58:41 Latest version is 1.12.7
2026-07-27 16:58:41 App is up to date.
2026-07-27 19:19:17 Checking for update using Github
2026-07-27 19:19:17 Success.
2026-07-27 19:19:17 Latest version is 1.12.7
2026-07-27 19:19:17 App is up to date.
2026-07-27 20:19:17 Checking for update using Github
2026-07-27 20:19:17 Success.
2026-07-27 20:19:17 Latest version is 1.12.7
2026-07-27 20:19:17 App is up to date.
2026-07-27 22:06:05 Checking for update using Github
2026-07-27 22:06:05 Success.
2026-07-27 22:06:05 Latest version is 1.12.7
2026-07-27 22:06:05 App is up to date.
2026-07-27 23:19:39 Checking for update using Github
2026-07-27 23:19:40 Success.
2026-07-27 23:19:40 Latest version is 1.12.7
2026-07-27 23:19:40 App is up to date.
2026-07-27 23:35:34 Loaded main app package /nix/store/wx5pcgz8m45f9cgmcl69db72ph510rcd-obsidian-1.12.7/share/obsidian/obsidian.asar
2026-07-28 00:22:33 Loaded main app package /nix/store/wx5pcgz8m45f9cgmcl69db72ph510rcd-obsidian-1.12.7/share/obsidian/obsidian.asar
2026-07-28 00:22:33 Checking for update using Github
2026-07-28 00:22:39 Success.
2026-07-28 00:22:39 Latest version is 1.12.7
2026-07-28 00:22:39 App is up to date.
2026-07-28 07:48:29 Loaded main app package /nix/store/wx5pcgz8m45f9cgmcl69db72ph510rcd-obsidian-1.12.7/share/obsidian/obsidian.asar
2026-07-28 07:48:29 Checking for update using Github
2026-07-28 07:48:30 Success.
2026-07-28 07:48:30 Latest version is 1.12.7
2026-07-28 07:48:30 App is up to date.
2026-07-28 09:39:08 Checking for update using Github
2026-07-28 09:39:15 Success.
2026-07-28 09:39:15 Latest version is 1.12.7
2026-07-28 09:39:15 App is up to date.
2026-07-28 10:47:21 Checking for update using Github
2026-07-28 10:47:24 Success.
2026-07-28 10:47:24 Latest version is 1.12.7
2026-07-28 10:47:24 App is up to date.
2026-07-28 11:47:21 Checking for update using Github
2026-07-28 11:47:21 Success.
2026-07-28 11:47:21 Latest version is 1.12.7
2026-07-28 11:47:21 App is up to date.
2026-07-28 12:47:21 Checking for update using Github
2026-07-28 12:47:24 Success.
2026-07-28 12:47:24 Latest version is 1.12.7
2026-07-28 12:47:24 App is up to date.
2026-07-28 15:19:43 Loaded main app package /nix/store/wx5pcgz8m45f9cgmcl69db72ph510rcd-obsidian-1.12.7/share/obsidian/obsidian.asar
2026-07-28 15:19:43 Checking for update using Github
2026-07-28 15:19:44 Success.
2026-07-28 15:19:44 Latest version is 1.12.7
2026-07-28 15:19:44 App is up to date.
2026-07-28 16:19:43 Checking for update using Github
2026-07-28 16:19:43 Success.
2026-07-28 16:19:43 Latest version is 1.12.7
2026-07-28 16:19:43 App is up to date.
2026-07-28 17:19:43 Checking for update using Github
2026-07-28 17:19:43 Success.
2026-07-28 17:19:43 Latest version is 1.12.7
2026-07-28 17:19:43 App is up to date.
2026-07-29 10:10:48 Loaded main app package /nix/store/wx5pcgz8m45f9cgmcl69db72ph510rcd-obsidian-1.12.7/share/obsidian/obsidian.asar
2026-07-29 10:10:49 Checking for update using Github
2026-07-29 10:10:49 Failed to check for update using Github (net::ERR_INTERNET_DISCONNECTED)
2026-07-29 10:10:49 Checking for update using obsidian.md
2026-07-29 10:10:49 Failed to check for update using obsidian.md (net::ERR_INTERNET_DISCONNECTED)
2026-07-29 11:10:48 Checking for update using Github
2026-07-29 11:10:48 Failed to check for update using Github (net::ERR_INTERNET_DISCONNECTED)
2026-07-29 11:10:48 Checking for update using obsidian.md
2026-07-29 11:10:48 Failed to check for update using obsidian.md (net::ERR_INTERNET_DISCONNECTED)
2026-07-29 12:45:42 Checking for update using Github
2026-07-29 12:45:42 Success.
2026-07-29 12:45:42 Latest version is 1.12.7
2026-07-29 12:45:42 App is up to date.
2026-07-29 13:45:42 Checking for update using Github
2026-07-29 13:45:42 Success.
2026-07-29 13:45:42 Latest version is 1.12.7
2026-07-29 13:45:42 App is up to date.
2026-07-29 16:23:13 Loaded main app package /nix/store/wx5pcgz8m45f9cgmcl69db72ph510rcd-obsidian-1.12.7/share/obsidian/obsidian.asar
2026-07-29 16:23:13 Checking for update using Github
2026-07-29 16:23:14 Success.
2026-07-29 16:23:14 Latest version is 1.12.7
2026-07-29 16:23:14 App is up to date.
2026-07-29 22:48:09 Checking for update using Github
2026-07-29 22:48:09 Failed to check for update using Github (net::ERR_INTERNET_DISCONNECTED)
2026-07-29 22:48:09 Checking for update using obsidian.md
2026-07-29 22:48:09 Failed to check for update using obsidian.md (net::ERR_INTERNET_DISCONNECTED)
2026-07-30 09:20:57 Loaded main app package /nix/store/wx5pcgz8m45f9cgmcl69db72ph510rcd-obsidian-1.12.7/share/obsidian/obsidian.asar
2026-07-30 09:20:57 Checking for update using Github
2026-07-30 09:20:57 Success.
2026-07-30 09:20:57 Latest version is 1.12.7
2026-07-30 09:20:57 App is up to date.
2026-07-30 10:24:28 Checking for update using Github
2026-07-30 10:24:33 Success.
2026-07-30 10:24:33 Latest version is 1.12.7
2026-07-30 10:24:33 App is up to date.
2026-07-30 11:24:26 Checking for update using Github
2026-07-30 11:24:31 Success.
2026-07-30 11:24:31 Latest version is 1.12.7
2026-07-30 11:24:31 App is up to date.
2026-07-30 15:05:45 Checking for update using Github
2026-07-30 15:05:48 Success.
2026-07-30 15:05:48 Latest version is 1.12.7
2026-07-30 15:05:48 App is up to date.
2026-07-30 16:05:46 Checking for update using Github
2026-07-30 16:05:51 Success.
2026-07-30 16:05:51 Latest version is 1.12.7
2026-07-30 16:05:51 App is up to date.
2026-07-30 17:05:46 Checking for update using Github
2026-07-30 17:05:53 Success.
2026-07-30 17:05:53 Latest version is 1.13.4
2026-07-30 17:05:53 Downloading update from https://github.com/obsidianmd/obsidian-releases/releases/download/v1.13.4/obsidian-1.13.4.asar.gz
2026-07-30 17:06:36 Verifying hash & signature. Size= 8772423
2026-07-30 17:06:36 Saving file
2026-07-30 17:06:36 Update complete.
2026-07-31 09:33:00 Loaded updated app package /home/credo/.config/obsidian/obsidian-1.13.4.asar
2026-07-31 09:33:00 Checking for update using Github
2026-07-31 09:33:01 Failed to check for update using Github (net::ERR_INTERNET_DISCONNECTED)
2026-07-31 09:33:01 Checking for update using obsidian.md
2026-07-31 09:33:01 Failed to check for update using obsidian.md (net::ERR_INTERNET_DISCONNECTED)
2026-07-31 10:33:00 Checking for update using Github
2026-07-31 10:33:00 Failed to check for update using Github (net::ERR_INTERNET_DISCONNECTED)
2026-07-31 10:33:00 Checking for update using obsidian.md
2026-07-31 10:33:00 Failed to check for update using obsidian.md (net::ERR_INTERNET_DISCONNECTED)
2026-07-31 11:33:00 Checking for update using Github
2026-07-31 11:33:00 Failed to check for update using Github (net::ERR_INTERNET_DISCONNECTED)
2026-07-31 11:33:00 Checking for update using obsidian.md
2026-07-31 11:33:00 Failed to check for update using obsidian.md (net::ERR_INTERNET_DISCONNECTED)
2026-07-31 13:29:02 Checking for update using Github
2026-07-31 13:29:02 Success.
2026-07-31 13:29:02 Latest version is 1.13.4
2026-07-31 13:29:02 App is up to date.
2026-07-31 14:28:59 Checking for update using Github
2026-07-31 14:28:59 Success.
2026-07-31 14:28:59 Latest version is 1.13.4
2026-07-31 14:28:59 App is up to date.
2026-07-31 15:28:59 Checking for update using Github
2026-07-31 15:28:59 Success.
2026-07-31 15:28:59 Latest version is 1.13.4
2026-07-31 15:28:59 App is up to date.
2026-07-31 16:28:59 Checking for update using Github
2026-07-31 16:29:00 Success.
2026-07-31 16:29:00 Latest version is 1.13.4
2026-07-31 16:29:00 App is up to date.
2026-08-02 03:15:12 Loaded updated app package /home/credo/.config/obsidian/obsidian-1.13.4.asar
2026-08-02 03:15:13 Checking for update using Github
2026-08-02 03:15:13 Success.
2026-08-02 03:15:13 Latest version is 1.13.4
2026-08-02 03:15:13 App is up to date.
2026-08-02 19:31:32 Loaded updated app package /home/credo/.config/obsidian/obsidian-1.13.4.asar
2026-08-02 19:31:33 Checking for update using Github
2026-08-02 19:31:33 Success.
2026-08-02 19:31:33 Latest version is 1.13.4
2026-08-02 19:31:33 App is up to date.
2026-08-02 23:38:45 Checking for update using Github
2026-08-02 23:38:45 Success.
2026-08-02 23:38:45 Latest version is 1.13.4
2026-08-02 23:38:45 App is up to date.
2026-08-03 08:38:16 Loaded updated app package /home/credo/.config/obsidian/obsidian-1.13.4.asar
2026-08-03 08:38:17 Checking for update using Github
2026-08-03 08:38:25 Success.
2026-08-03 08:38:25 Latest version is 1.13.4
2026-08-03 08:38:25 App is up to date.
2026-08-03 09:53:38 Checking for update using Github
2026-08-03 09:53:44 Success.
2026-08-03 09:53:44 Latest version is 1.13.4
2026-08-03 09:53:44 App is up to date.
2026-08-03 10:53:36 Checking for update using Github
2026-08-03 10:53:38 Success.
2026-08-03 10:53:38 Latest version is 1.13.4
2026-08-03 10:53:38 App is up to date.
2026-08-03 11:53:36 Checking for update using Github
2026-08-03 11:53:36 Success.
2026-08-03 11:53:36 Latest version is 1.13.4
2026-08-03 11:53:36 App is up to date.
2026-08-03 14:03:54 Checking for update using Github
2026-08-03 14:03:59 Success.
2026-08-03 14:03:59 Latest version is 1.13.4
2026-08-03 14:03:59 App is up to date.
2026-08-03 15:03:53 Checking for update using Github
2026-08-03 15:03:58 Success.
2026-08-03 15:03:58 Latest version is 1.13.4
2026-08-03 15:03:58 App is up to date.
2026-08-03 16:03:51 Checking for update using Github
2026-08-03 16:04:00 Success.
2026-08-03 16:04:00 Latest version is 1.13.4
2026-08-03 16:04:00 App is up to date.
2026-08-03 17:03:51 Checking for update using Github
2026-08-03 17:03:51 Success.
2026-08-03 17:03:51 Latest version is 1.13.4
2026-08-03 17:03:51 App is up to date.
2026-08-03 22:28:05 Checking for update using Github
2026-08-03 22:28:05 Success.
2026-08-03 22:28:05 Latest version is 1.13.4
2026-08-03 22:28:05 App is up to date.
2026-08-03 22:38:46 Loaded updated app package /home/credo/.config/obsidian/obsidian-1.13.4.asar
2026-08-03 22:38:47 Checking for update using Github
2026-08-03 22:38:48 Success.
2026-08-03 22:38:48 Latest version is 1.13.4
2026-08-03 22:38:48 App is up to date.
2026-08-03 23:38:46 Checking for update using Github
2026-08-03 23:38:46 Success.
2026-08-03 23:38:46 Latest version is 1.13.4
2026-08-03 23:38:46 App is up to date.
2026-08-04 08:30:16 Loaded updated app package /home/credo/.config/obsidian/obsidian-1.13.4.asar
2026-08-04 08:30:16 Checking for update using Github
2026-08-04 08:30:16 Failed to check for update using Github (net::ERR_INTERNET_DISCONNECTED)
2026-08-04 08:30:16 Checking for update using obsidian.md
2026-08-04 08:30:17 Failed to check for update using obsidian.md (net::ERR_INTERNET_DISCONNECTED)
2026-08-04 09:30:16 Checking for update using Github
2026-08-04 09:30:16 Failed to check for update using Github (net::ERR_INTERNET_DISCONNECTED)
2026-08-04 09:30:16 Checking for update using obsidian.md
2026-08-04 09:30:16 Failed to check for update using obsidian.md (net::ERR_INTERNET_DISCONNECTED)
2026-08-04 10:30:16 Checking for update using Github
2026-08-04 10:30:16 Failed to check for update using Github (net::ERR_INTERNET_DISCONNECTED)
2026-08-04 10:30:16 Checking for update using obsidian.md
2026-08-04 10:30:16 Failed to check for update using obsidian.md (net::ERR_INTERNET_DISCONNECTED)
2026-08-04 11:30:16 Checking for update using Github
2026-08-04 11:30:16 Failed to check for update using Github (net::ERR_INTERNET_DISCONNECTED)
2026-08-04 11:30:16 Checking for update using obsidian.md
2026-08-04 11:30:16 Failed to check for update using obsidian.md (net::ERR_INTERNET_DISCONNECTED)
2026-08-04 12:30:16 Checking for update using Github
2026-08-04 12:30:17 Success.
2026-08-04 12:30:17 Latest version is 1.13.4
2026-08-04 12:30:17 App is up to date.
2026-08-04 18:36:29 Loaded updated app package /home/credo/.config/obsidian/obsidian-1.13.4.asar
2026-08-04 18:36:29 Checking for update using Github
2026-08-04 18:36:29 Failed to check for update using Github (net::ERR_INTERNET_DISCONNECTED)
2026-08-04 18:36:29 Checking for update using obsidian.md
2026-08-04 18:36:29 Failed to check for update using obsidian.md (net::ERR_INTERNET_DISCONNECTED)
2026-08-05 08:46:19 Loaded updated app package /home/credo/.config/obsidian/obsidian-1.13.4.asar
2026-08-05 08:46:20 Checking for update using Github
2026-08-05 08:46:20 Success.
2026-08-05 08:46:20 Latest version is 1.13.4
2026-08-05 08:46:20 App is up to date.
2026-08-05 09:46:19 Checking for update using Github
2026-08-05 09:46:19 Success.
2026-08-05 09:46:19 Latest version is 1.13.4
2026-08-05 09:46:19 App is up to date.
2026-08-05 10:46:19 Checking for update using Github
2026-08-05 10:46:19 Success.
2026-08-05 10:46:19 Latest version is 1.13.4
2026-08-05 10:46:19 App is up to date.
2026-08-05 11:46:18 Checking for update using Github
2026-08-05 11:46:25 Success.
2026-08-05 11:46:25 Latest version is 1.13.4
2026-08-05 11:46:25 App is up to date.
2026-08-05 12:46:17 Checking for update using Github
2026-08-05 12:46:18 Success.
2026-08-05 12:46:18 Latest version is 1.13.4
2026-08-05 12:46:18 App is up to date.
2026-08-05 15:03:50 Checking for update using Github
2026-08-05 15:03:58 Success.
2026-08-05 15:03:58 Latest version is 1.13.4
2026-08-05 15:03:58 App is up to date.
2026-08-05 16:03:49 Checking for update using Github
2026-08-05 16:03:50 Success.
2026-08-05 16:03:50 Latest version is 1.13.4
2026-08-05 16:03:50 App is up to date.
2026-08-05 17:03:50 Checking for update using Github
2026-08-05 17:03:54 Success.
2026-08-05 17:03:54 Latest version is 1.13.4
2026-08-05 17:03:54 App is up to date.
2026-08-06 11:48:03 Loaded updated app package /home/credo/.config/obsidian/obsidian-1.13.4.asar
2026-08-06 11:48:03 Checking for update using Github
2026-08-06 11:48:07 Success.
2026-08-06 11:48:07 Latest version is 1.13.4
2026-08-06 11:48:07 App is up to date.
2026-08-09 14:39:04 Loaded updated app /home/credo/.config/obsidian/obsidian-1.13.4.asar
2026-08-09 14:39:05 Checking for update using Github
2026-08-09 14:39:05 Success.
2026-08-09 14:39:05 Latest version is 1.13.4
2026-08-09 14:39:05 App is up to date.
2026-08-09 15:39:06 Checking for update using Github
2026-08-09 15:39:06 Success.
2026-08-09 15:39:06 Latest version is 1.13.4
2026-08-09 15:39:06 App is up to date.
2026-08-09 16:39:06 Checking for update using Github
2026-08-09 16:39:06 Success.
2026-08-09 16:39:06 Latest version is 1.13.4
2026-08-09 16:39:06 App is up to date.
2026-08-09 22:20:33 Checking for update using Github
2026-08-09 22:20:33 Success.
2026-08-09 22:20:33 Latest version is 1.13.4
2026-08-09 22:20:33 App is up to date.
2026-08-09 23:20:33 Checking for update using Github
2026-08-09 23:20:34 Success.
2026-08-09 23:20:34 Latest version is 1.13.4
2026-08-09 23:20:34 App is up to date.
2026-08-10 00:20:34 Checking for update using Github
2026-08-10 00:20:34 Success.
2026-08-10 00:20:34 Latest version is 1.13.4
2026-08-10 00:20:34 App is up to date.
2026-08-10 11:11:33 Loaded updated app /home/credo/.config/obsidian/obsidian-1.13.4.asar
2026-08-10 11:11:34 Checking for update using Github
2026-08-10 11:11:34 Success.
2026-08-10 11:11:34 Latest version is 1.13.4
2026-08-10 11:11:34 App is up to date.
2026-08-10 12:06:07 Loaded updated app /home/credo/.config/obsidian/obsidian-1.13.4.asar
2026-08-10 12:06:07 Checking for update using Github
2026-08-10 12:06:08 Success.
2026-08-10 12:06:08 Latest version is 1.13.4
2026-08-10 12:06:08 App is up to date.
2026-08-10 13:45:48 Checking for update using Github
2026-08-10 13:45:48 Success.
2026-08-10 13:45:48 Latest version is 1.13.4
2026-08-10 13:45:48 App is up to date.
2026-08-10 14:45:48 Checking for update using Github
2026-08-10 14:45:49 Success.
2026-08-10 14:45:49 Latest version is 1.13.4
2026-08-10 14:45:49 App is up to date.
2026-08-10 15:45:48 Checking for update using Github
2026-08-10 15:45:49 Success.
2026-08-10 15:45:49 Latest version is 1.13.4
2026-08-10 15:45:49 App is up to date.
2026-08-10 16:56:52 Loaded updated app /home/credo/.config/obsidian/obsidian-1.13.4.asar
2026-08-10 16:56:53 Checking for update using Github
2026-08-10 16:57:00 Success.
2026-08-10 16:57:00 Latest version is 1.13.6
2026-08-10 16:57:00 Downloading update from https://github.com/obsidianmd/obsidian-releases/releases/download/v1.13.6/obsidian-1.13.6.asar.gz
2026-08-10 16:57:31 Verifying hash & signature. Size= 8772809
2026-08-10 16:57:31 Saving file
2026-08-10 16:57:31 Update complete.
2026-08-10 23:52:38 Checking for update using Github
2026-08-10 23:52:38 Success.
2026-08-10 23:52:38 Latest version is 1.13.6
2026-08-10 23:52:38 An update is already downloaded.
2026-08-11 08:16:41 Loaded updated app /home/credo/.config/obsidian/obsidian-1.13.6.asar
2026-08-11 08:16:41 Checking for update using Github
2026-08-11 08:16:41 Failed to check for update using Github (net::ERR_INTERNET_DISCONNECTED)
2026-08-11 08:16:41 Checking for update using obsidian.md
2026-08-11 08:16:42 Failed to check for update using obsidian.md (net::ERR_INTERNET_DISCONNECTED)
2026-08-11 09:16:41 Checking for update using Github
2026-08-11 09:16:41 Failed to check for update using Github (net::ERR_INTERNET_DISCONNECTED)
2026-08-11 09:16:41 Checking for update using obsidian.md
2026-08-11 09:16:41 Failed to check for update using obsidian.md (net::ERR_INTERNET_DISCONNECTED)
2026-08-11 10:16:41 Checking for update using Github
2026-08-11 10:16:41 Failed to check for update using Github (net::ERR_INTERNET_DISCONNECTED)
2026-08-11 10:16:41 Checking for update using obsidian.md
2026-08-11 10:16:41 Failed to check for update using obsidian.md (net::ERR_INTERNET_DISCONNECTED)
2026-08-11 11:16:44 Checking for update using Github
2026-08-11 11:16:44 Success.
2026-08-11 11:16:44 Latest version is 1.13.6
2026-08-11 11:16:44 App is up to date.
2026-08-11 12:16:44 Checking for update using Github
2026-08-11 12:16:44 Success.
2026-08-11 12:16:44 Latest version is 1.13.6
2026-08-11 12:16:44 App is up to date.
2026-08-11 13:55:24 Checking for update using Github
2026-08-11 13:55:25 Success.
2026-08-11 13:55:25 Latest version is 1.13.6
2026-08-11 13:55:25 App is up to date.
2026-08-11 14:55:24 Checking for update using Github
2026-08-11 14:55:31 Success.
2026-08-11 14:55:31 Latest version is 1.13.6
2026-08-11 14:55:31 App is up to date.
2026-08-11 15:55:24 Checking for update using Github
2026-08-11 15:55:28 Success.
2026-08-11 15:55:28 Latest version is 1.13.6
2026-08-11 15:55:28 App is up to date.
2026-08-11 16:55:25 Checking for update using Github
2026-08-11 16:55:28 Success.
2026-08-11 16:55:28 Latest version is 1.13.6
2026-08-11 16:55:28 App is up to date.
2026-08-11 22:46:59 Checking for update using Github
2026-08-11 22:47:00 Success.
2026-08-11 22:47:00 Latest version is 1.13.6
2026-08-11 22:47:00 App is up to date.
2026-08-12 10:53:18 Loaded updated app /home/credo/.config/obsidian/obsidian-1.13.6.asar
2026-08-12 10:53:18 Checking for update using Github
2026-08-12 10:53:19 Success.
2026-08-12 10:53:19 Latest version is 1.13.6
2026-08-12 10:53:19 App is up to date.
2026-08-12 19:10:39 Loaded updated app /home/credo/.config/obsidian/obsidian-1.13.6.asar
2026-08-12 19:10:40 Checking for update using Github
2026-08-12 19:10:51 Success.
2026-08-12 19:10:51 Latest version is 1.13.7
2026-08-12 19:10:51 Downloading update from https://github.com/obsidianmd/obsidian-releases/releases/download/v1.13.7/obsidian-1.13.7.asar.gz
2026-08-12 19:10:57 Failed to perform update
2026-08-12 20:10:39 Checking for update using Github
2026-08-12 20:10:45 Success.
2026-08-12 20:10:45 Latest version is 1.13.7
2026-08-12 20:10:45 Downloading update from https://github.com/obsidianmd/obsidian-releases/releases/download/v1.13.7/obsidian-1.13.7.asar.gz
2026-08-12 20:10:56 Verifying hash & signature. Size= 8773048
2026-08-12 20:10:56 Saving file
2026-08-12 20:10:56 Update complete.
2026-08-12 23:15:51 Checking for update using Github
2026-08-12 23:15:51 Success.
2026-08-12 23:15:51 Latest version is 1.13.7
2026-08-12 23:15:51 An update is already downloaded.
2026-08-13 06:21:55 Checking for update using Github
2026-08-13 06:21:55 Success.
2026-08-13 06:21:55 Latest version is 1.13.7
2026-08-13 06:21:55 An update is already downloaded.
2026-08-13 08:10:46 Checking for update using Github
2026-08-13 08:10:52 Success.
2026-08-13 08:10:52 Latest version is 1.13.7
2026-08-13 08:10:52 An update is already downloaded.
2026-08-13 09:10:46 Checking for update using Github
2026-08-13 09:10:53 Success.
2026-08-13 09:10:53 Latest version is 1.13.7
2026-08-13 09:10:53 An update is already downloaded.
2026-08-13 10:10:47 Checking for update using Github
2026-08-13 10:10:53 Success.
2026-08-13 10:10:53 Latest version is 1.13.7
2026-08-13 10:10:53 An update is already downloaded.
2026-08-13 11:10:47 Checking for update using Github
2026-08-13 11:10:53 Success.
2026-08-13 11:10:53 Latest version is 1.13.7
2026-08-13 11:10:53 An update is already downloaded.
2026-08-13 12:10:47 Checking for update using Github
2026-08-13 12:10:54 Success.
2026-08-13 12:10:54 Latest version is 1.13.7
2026-08-13 12:10:54 An update is already downloaded.
2026-08-13 13:40:27 Checking for update using Github
2026-08-13 13:40:33 Success.
2026-08-13 13:40:33 Latest version is 1.13.7
2026-08-13 13:40:33 An update is already downloaded.
2026-08-13 15:04:19 Checking for update using Github
2026-08-13 15:04:25 Success.
2026-08-13 15:04:25 Latest version is 1.13.7
2026-08-13 15:04:25 An update is already downloaded.
2026-08-13 16:04:19 Checking for update using Github
2026-08-13 16:04:25 Success.
2026-08-13 16:04:25 Latest version is 1.13.7
2026-08-13 16:04:25 An update is already downloaded.
2026-08-13 17:04:19 Checking for update using Github
2026-08-13 17:04:25 Success.
2026-08-13 17:04:25 Latest version is 1.13.7
2026-08-13 17:04:25 An update is already downloaded.
2026-08-13 18:04:19 Checking for update using Github
2026-08-13 18:04:24 Success.
2026-08-13 18:04:24 Latest version is 1.13.7
2026-08-13 18:04:24 An update is already downloaded.
2026-08-13 19:04:19 Checking for update using Github
2026-08-13 19:04:25 Success.
2026-08-13 19:04:25 Latest version is 1.13.7
2026-08-13 19:04:25 An update is already downloaded.
2026-08-13 20:04:19 Checking for update using Github
2026-08-13 20:04:24 Success.
2026-08-13 20:04:24 Latest version is 1.13.7
2026-08-13 20:04:24 An update is already downloaded.
2026-08-13 22:53:15 Checking for update using Github
2026-08-13 22:53:15 Success.
2026-08-13 22:53:15 Latest version is 1.13.7
2026-08-13 22:53:15 An update is already downloaded.
2026-08-14 07:54:33 Checking for update using Github
2026-08-14 07:54:39 Success.
2026-08-14 07:54:39 Latest version is 1.13.7
2026-08-14 07:54:39 An update is already downloaded.
2026-08-14 08:54:35 Checking for update using Github
2026-08-14 08:54:41 Success.
2026-08-14 08:54:41 Latest version is 1.13.7
2026-08-14 08:54:41 An update is already downloaded.
2026-08-14 09:54:35 Checking for update using Github
2026-08-14 09:54:41 Success.
2026-08-14 09:54:41 Latest version is 1.13.7
2026-08-14 09:54:41 An update is already downloaded.
2026-08-14 10:54:35 Checking for update using Github
2026-08-14 10:54:41 Success.
2026-08-14 10:54:41 Latest version is 1.13.7
2026-08-14 10:54:41 An update is already downloaded.
2026-08-14 11:54:35 Checking for update using Github
2026-08-14 11:54:41 Success.
2026-08-14 11:54:41 Latest version is 1.13.7
2026-08-14 11:54:41 An update is already downloaded.
2026-08-14 12:54:36 Checking for update using Github
2026-08-14 12:54:42 Success.
2026-08-14 12:54:42 Latest version is 1.13.7
2026-08-14 12:54:42 An update is already downloaded.
2026-08-14 13:54:36 Checking for update using Github
2026-08-14 13:54:46 Success.
2026-08-14 13:54:46 Latest version is 1.13.7
2026-08-14 13:54:46 An update is already downloaded.
2026-08-14 14:56:27 Checking for update using Github
2026-08-14 14:56:34 Success.
2026-08-14 14:56:34 Latest version is 1.13.7
2026-08-14 14:56:34 An update is already downloaded.
2026-08-14 15:57:16 Checking for update using Github
2026-08-14 15:57:22 Success.
2026-08-14 15:57:22 Latest version is 1.13.7
2026-08-14 15:57:22 An update is already downloaded.
2026-08-14 16:57:16 Checking for update using Github
2026-08-14 16:57:22 Success.
2026-08-14 16:57:22 Latest version is 1.13.7
2026-08-14 16:57:22 An update is already downloaded.
2026-08-14 17:57:16 Checking for update using Github
2026-08-14 17:57:22 Success.
2026-08-14 17:57:22 Latest version is 1.13.7
2026-08-14 17:57:22 An update is already downloaded.
2026-08-14 18:57:16 Checking for update using Github
2026-08-14 18:57:22 Success.
2026-08-14 18:57:22 Latest version is 1.13.7
2026-08-14 18:57:22 An update is already downloaded.
2026-08-14 19:57:16 Checking for update using Github
2026-08-14 19:57:22 Success.
2026-08-14 19:57:22 Latest version is 1.13.7
2026-08-14 19:57:22 An update is already downloaded.
2026-08-14 20:57:16 Checking for update using Github
2026-08-14 20:57:22 Success.
2026-08-14 20:57:22 Latest version is 1.13.7
2026-08-14 20:57:22 An update is already downloaded.
2026-08-15 00:41:45 Checking for update using Github
2026-08-15 00:41:51 Success.
2026-08-15 00:41:51 Latest version is 1.13.7
2026-08-15 00:41:51 An update is already downloaded.
2026-08-15 11:36:13 Loaded updated app /home/credo/.config/obsidian/obsidian-1.13.7.asar
2026-08-15 11:36:13 Checking for update using Github
2026-08-15 11:36:14 Success.
2026-08-15 11:36:14 Latest version is 1.13.7
2026-08-15 11:36:14 App is up to date.
2026-08-15 12:38:59 Checking for update using Github
2026-08-15 12:39:05 Success.
2026-08-15 12:39:05 Latest version is 1.13.7
2026-08-15 12:39:05 App is up to date.
2026-08-16 22:37:44 Loaded updated app /home/credo/.config/obsidian/obsidian-1.13.7.asar
2026-08-16 22:37:44 Checking for update using Github
2026-08-16 22:37:45 Success.
2026-08-16 22:37:45 Latest version is 1.13.7
2026-08-16 22:37:45 App is up to date.
2026-08-17 08:05:36 Loaded updated app /home/credo/.config/obsidian/obsidian-1.13.7.asar
2026-08-17 08:05:36 Checking for update using Github
2026-08-17 08:05:47 Success.
2026-08-17 08:05:47 Latest version is 1.13.7
2026-08-17 08:05:47 App is up to date.
2026-08-17 09:05:36 Checking for update using Github
2026-08-17 09:05:42 Success.
2026-08-17 09:05:42 Latest version is 1.13.7
2026-08-17 09:05:42 App is up to date.
2026-08-17 10:05:36 Checking for update using Github
2026-08-17 10:05:42 Success.
2026-08-17 10:05:42 Latest version is 1.13.7
2026-08-17 10:05:42 App is up to date.
2026-08-17 11:05:36 Checking for update using Github
2026-08-17 11:05:42 Success.
2026-08-17 11:05:42 Latest version is 1.13.7
2026-08-17 11:05:42 App is up to date.
2026-08-17 12:30:01 Checking for update using Github
2026-08-17 12:30:07 Success.
2026-08-17 12:30:07 Latest version is 1.13.7
2026-08-17 12:30:07 App is up to date.
2026-08-17 13:30:01 Checking for update using Github
2026-08-17 13:30:07 Success.
2026-08-17 13:30:07 Latest version is 1.13.7
2026-08-17 13:30:07 App is up to date.
2026-08-17 14:30:01 Checking for update using Github
2026-08-17 14:32:52 Failed to check for update using Github (Unexpected token '<', "
<?xml vers"... is not valid JSON)
2026-08-17 14:32:52 Checking for update using obsidian.md
2026-08-17 14:32:53 Failed to check for update using obsidian.md (Unexpected end of JSON input)
2026-08-17 15:30:01 Checking for update using Github
2026-08-17 15:31:41 Failed to check for update using Github (Unexpected token '<', "
<?xml vers"... is not valid JSON)
2026-08-17 15:31:41 Checking for update using obsidian.md
2026-08-17 15:31:41 Failed to check for update using obsidian.md (Unexpected end of JSON input)
2026-08-17 16:30:01 Checking for update using Github
2026-08-17 16:30:08 Success.
2026-08-17 16:30:08 Latest version is 1.13.7
2026-08-17 16:30:08 App is up to date.
2026-08-17 17:39:58 Checking for update using Github
2026-08-17 17:40:04 Success.
2026-08-17 17:40:04 Latest version is 1.13.7
2026-08-17 17:40:04 App is up to date.
2026-08-18 12:53:01 Loaded updated app /home/credo/.config/obsidian/obsidian-1.13.7.asar
2026-08-18 12:53:02 Checking for update using Github
2026-08-18 12:53:16 Success.
2026-08-18 12:53:16 Latest version is 1.13.7
2026-08-18 12:53:16 App is up to date.
2026-08-18 18:59:53 Loaded updated app /home/credo/.config/obsidian/obsidian-1.13.7.asar
2026-08-18 18:59:53 Checking for update using Github
2026-08-18 19:00:05 Success.
2026-08-18 19:00:05 Latest version is 1.13.7
2026-08-18 19:00:05 App is up to date.
2026-08-18 19:04:32 Loaded updated app /home/credo/.config/obsidian/obsidian-1.13.7.asar
2026-08-18 19:04:32 Checking for update using Github
2026-08-18 19:04:32 Success.
2026-08-18 19:04:32 Latest version is 1.13.7
2026-08-18 19:04:32 App is up to date.
2026-08-18 20:04:32 Checking for update using Github
2026-08-18 20:04:38 Success.
2026-08-18 20:04:38 Latest version is 1.13.7
2026-08-18 20:04:38 App is up to date.
2026-08-19 16:20:33 Loaded updated app /home/credo/.config/obsidian/obsidian-1.13.7.asar
2026-08-19 16:20:34 Checking for update using Github
2026-08-19 16:20:45 Success.
2026-08-19 16:20:45 Latest version is 1.13.7
2026-08-19 16:20:45 App is up to date.
2026-08-19 17:28:16 Checking for update using Github
2026-08-19 17:28:22 Success.
2026-08-19 17:28:22 Latest version is 1.13.7
2026-08-19 17:28:22 App is up to date.
2026-08-19 18:28:18 Checking for update using Github
2026-08-19 18:28:24 Success.
2026-08-19 18:28:24 Latest version is 1.13.7
2026-08-19 18:28:24 App is up to date.
2026-08-19 19:28:19 Checking for update using Github
2026-08-19 19:28:25 Success.
2026-08-19 19:28:25 Latest version is 1.13.7
2026-08-19 19:28:25 App is up to date.
2026-08-19 21:34:31 Checking for update using Github
2026-08-19 21:34:36 Success.
2026-08-19 21:34:36 Latest version is 1.13.7
2026-08-19 21:34:36 App is up to date.
2026-08-19 22:15:38 Loaded updated app /home/credo/.config/obsidian/obsidian-1.13.7.asar
2026-08-20 00:02:29 Checking for update using Github
2026-08-20 00:02:30 Success.
2026-08-20 00:02:30 Latest version is 1.13.7
2026-08-20 00:02:30 App is up to date.
2026-08-20 01:02:29 Checking for update using Github
2026-08-20 01:02:35 Success.
2026-08-20 01:02:35 Latest version is 1.13.7
2026-08-20 01:02:35 App is up to date.
2026-08-20 08:17:05 Checking for update using Github
2026-08-20 08:17:05 Success.
2026-08-20 08:17:05 Latest version is 1.13.7
2026-08-20 08:17:05 App is up to date.
2026-08-20 09:17:05 Checking for update using Github
2026-08-20 09:17:06 Success.
2026-08-20 09:17:06 Latest version is 1.13.7
2026-08-20 09:17:06 App is up to date.
2026-08-20 10:17:05 Checking for update using Github
2026-08-20 10:17:05 Success.
2026-08-20 10:17:05 Latest version is 1.13.7
2026-08-20 10:17:05 App is up to date.
2026-08-20 11:17:05 Checking for update using Github
2026-08-20 11:17:10 Success.
2026-08-20 11:17:10 Latest version is 1.13.7
2026-08-20 11:17:10 App is up to date.
2026-08-20 14:11:28 Checking for update using Github
2026-08-20 14:12:19 Success.
2026-08-20 14:12:19 Latest version is 1.13.7
2026-08-20 14:12:19 App is up to date.
2026-08-20 15:11:28 Checking for update using Github
2026-08-20 15:11:33 Success.
2026-08-20 15:11:33 Latest version is 1.13.7
2026-08-20 15:11:33 App is up to date.
2026-08-20 18:24:13 Loaded updated app /home/credo/.config/obsidian/obsidian-1.13.7.asar
2026-08-20 18:24:13 Checking for update using Github
2026-08-20 18:24:24 Success.
2026-08-20 18:24:24 Latest version is 1.13.7
2026-08-20 18:24:24 App is up to date.
2026-08-20 22:27:53 Loaded updated app /home/credo/.config/obsidian/obsidian-1.13.7.asar
2026-08-20 22:27:53 Checking for update using Github
2026-08-20 22:28:04 Success.
2026-08-20 22:28:04 Latest version is 1.13.7
2026-08-20 22:28:04 App is up to date.
2026-08-21 01:34:07 Checking for update using Github
2026-08-21 01:34:07 Success.
2026-08-21 01:34:07 Latest version is 1.13.7
2026-08-21 01:34:07 App is up to date.
2026-08-21 09:11:18 Loaded updated app /home/credo/.config/obsidian/obsidian-1.13.7.asar
2026-08-21 09:11:19 Checking for update using Github
2026-08-21 09:11:29 Success.
2026-08-21 09:11:29 Latest version is 1.13.7
2026-08-21 09:11:29 App is up to date.
2026-08-21 10:12:34 Checking for update using Github
2026-08-21 10:12:40 Success.
2026-08-21 10:12:40 Latest version is 1.13.7
2026-08-21 10:12:40 App is up to date.
2026-08-21 11:12:34 Checking for update using Github
2026-08-21 11:12:40 Success.
2026-08-21 11:12:40 Latest version is 1.13.7
2026-08-21 11:12:40 App is up to date.
2026-08-21 12:12:34 Checking for update using Github
2026-08-21 12:12:40 Success.
2026-08-21 12:12:40 Latest version is 1.13.7
2026-08-21 12:12:40 App is up to date.
2026-08-21 13:41:27 Checking for update using Github
2026-08-21 13:41:32 Success.
2026-08-21 13:41:32 Latest version is 1.13.7
2026-08-21 13:41:32 App is up to date.
2026-08-21 14:48:54 Loaded updated app /home/credo/.config/obsidian/obsidian-1.13.7.asar
2026-08-21 15:07:33 Checking for update using Github
2026-08-21 15:07:33 Failed to check for update using Github (net::ERR_CONNECTION_CLOSED)
2026-08-21 15:07:33 Checking for update using obsidian.md
2026-08-21 15:07:33 Failed to check for update using obsidian.md (net::ERR_CONNECTION_CLOSED)
2026-08-21 16:07:33 Checking for update using Github
2026-08-21 16:07:33 Failed to check for update using Github (net::ERR_CONNECTION_CLOSED)
2026-08-21 16:07:33 Checking for update using obsidian.md
2026-08-21 16:07:33 Failed to check for update using obsidian.md (net::ERR_CONNECTION_CLOSED)
2026-08-21 17:37:31 Checking for update using Github
2026-08-21 17:37:36 Success.
2026-08-21 17:37:36 Latest version is 1.13.7
2026-08-21 17:37:36 App is up to date.
2026-08-22 23:27:37 Loaded updated app /home/credo/.config/obsidian/obsidian-1.13.7.asar
2026-08-22 23:27:39 Checking for update using Github
2026-08-22 23:27:49 Success.
2026-08-22 23:27:49 Latest version is 1.13.7
2026-08-22 23:27:49 App is up to date.
2026-08-23 03:03:25 Checking for update using Github
2026-08-23 03:03:30 Success.
2026-08-23 03:03:30 Latest version is 1.13.7
2026-08-23 03:03:30 App is up to date.
2026-08-23 04:22:18 Loaded updated app /home/credo/.config/obsidian/obsidian-1.13.7.asar
2026-08-23 04:22:18 Checking for update using Github
2026-08-23 04:22:19 Success.
2026-08-23 04:22:19 Latest version is 1.13.7
2026-08-23 04:22:19 App is up to date.
2026-08-24 07:49:49 Loaded updated app /home/credo/.config/obsidian/obsidian-1.13.7.asar
2026-08-24 07:49:50 Checking for update using Github
2026-08-24 07:50:00 Success.
2026-08-24 07:50:00 Latest version is 1.13.7
2026-08-24 07:50:00 App is up to date.
2026-08-24 08:49:49 Checking for update using Github
2026-08-24 08:49:55 Success.
2026-08-24 08:49:55 Latest version is 1.13.7
2026-08-24 08:49:55 App is up to date.
2026-08-24 09:49:49 Checking for update using Github
2026-08-24 09:49:55 Success.
2026-08-24 09:49:55 Latest version is 1.13.7
2026-08-24 09:49:55 App is up to date.
2026-08-24 10:49:49 Checking for update using Github
2026-08-24 10:49:56 Success.
2026-08-24 10:49:56 Latest version is 1.13.7
2026-08-24 10:49:56 App is up to date.
2026-08-24 11:49:50 Checking for update using Github
2026-08-24 11:49:56 Success.
2026-08-24 11:49:56 Latest version is 1.13.7
2026-08-24 11:49:56 App is up to date.
2026-08-24 12:49:50 Checking for update using Github
2026-08-24 12:49:56 Success.
2026-08-24 12:49:56 Latest version is 1.13.7
2026-08-24 12:49:56 App is up to date.
2026-08-24 14:16:06 Checking for update using Github
2026-08-24 14:16:13 Success.
2026-08-24 14:16:13 Latest version is 1.13.7
2026-08-24 14:16:13 App is up to date.
2026-08-24 15:16:07 Checking for update using Github
2026-08-24 15:16:13 Success.
2026-08-24 15:16:13 Latest version is 1.13.7
2026-08-24 15:16:13 App is up to date.
2026-08-24 16:16:08 Checking for update using Github
2026-08-24 16:16:14 Success.
2026-08-24 16:16:14 Latest version is 1.13.7
2026-08-24 16:16:14 App is up to date.
2026-08-24 17:16:08 Checking for update using Github
2026-08-24 17:16:14 Success.
2026-08-24 17:16:14 Latest version is 1.13.7
2026-08-24 17:16:14 App is up to date.
2026-08-24 18:21:58 Loaded updated app /home/credo/.config/obsidian/obsidian-1.13.7.asar
2026-08-24 18:21:58 Checking for update using Github
2026-08-24 18:22:09 Success.
2026-08-24 18:22:09 Latest version is 1.13.7
2026-08-24 18:22:09 App is up to date.
2026-08-24 19:21:58 Checking for update using Github
2026-08-24 19:22:03 Success.
2026-08-24 19:22:03 Latest version is 1.13.7
2026-08-24 19:22:03 App is up to date.
2026-08-24 23:28:15 Checking for update using Github
2026-08-24 23:28:16 Success.
2026-08-24 23:28:16 Latest version is 1.13.7
2026-08-24 23:28:16 App is up to date.
2026-08-25 02:34:06 Checking for update using Github
2026-08-25 02:34:07 Success.
2026-08-25 02:34:07 Latest version is 1.13.7
2026-08-25 02:34:07 App is up to date.
2026-08-25 04:25:05 Checking for update using Github
2026-08-25 04:25:10 Success.
2026-08-25 04:25:10 Latest version is 1.13.7
2026-08-25 04:25:10 App is up to date.
2026-08-25 05:52:30 Checking for update using Github
2026-08-25 05:52:30 Success.
2026-08-25 05:52:30 Latest version is 1.13.7
2026-08-25 05:52:30 App is up to date.
2026-08-25 06:52:30 Checking for update using Github
2026-08-25 06:52:30 Success.
2026-08-25 06:52:30 Latest version is 1.13.7
2026-08-25 06:52:30 App is up to date.
2026-08-25 07:52:30 Checking for update using Github
2026-08-25 07:52:36 Success.
2026-08-25 07:52:36 Latest version is 1.13.7
2026-08-25 07:52:36 App is up to date.
2026-08-25 08:52:30 Checking for update using Github
2026-08-25 08:52:31 Success.
2026-08-25 08:52:31 Latest version is 1.13.7
2026-08-25 08:52:31 App is up to date.
2026-08-25 09:52:30 Checking for update using Github
2026-08-25 09:52:30 Success.
2026-08-25 09:52:30 Latest version is 1.13.7
2026-08-25 09:52:30 App is up to date.
2026-08-25 10:52:30 Checking for update using Github
2026-08-25 10:52:31 Success.
2026-08-25 10:52:31 Latest version is 1.13.7
2026-08-25 10:52:31 App is up to date.
2026-08-25 21:52:53 Loaded updated app /home/credo/.config/obsidian/obsidian-1.13.7.asar
2026-08-25 21:52:54 Checking for update using Github
2026-08-25 21:52:54 Success.
2026-08-25 21:52:54 Latest version is 1.13.7
2026-08-25 21:52:54 App is up to date.
2026-08-25 23:35:18 Checking for update using Github
2026-08-25 23:35:19 Success.
2026-08-25 23:35:19 Latest version is 1.13.7
2026-08-25 23:35:19 App is up to date.
2026-08-26 00:35:18 Checking for update using Github
2026-08-26 00:35:18 Success.
2026-08-26 00:35:18 Latest version is 1.13.7
2026-08-26 00:35:18 App is up to date.
2026-08-26 01:35:18 Checking for update using Github
2026-08-26 01:35:19 Success.
2026-08-26 01:35:19 Latest version is 1.13.7
2026-08-26 01:35:19 App is up to date.
2026-08-26 02:35:18 Checking for update using Github
2026-08-26 02:35:19 Success.
2026-08-26 02:35:19 Latest version is 1.13.7
2026-08-26 02:35:19 App is up to date.
2026-08-26 03:48:26 Checking for update using Github
2026-08-26 03:48:31 Success.
2026-08-26 03:48:31 Latest version is 1.13.7
2026-08-26 03:48:31 App is up to date.
2026-08-26 05:51:38 Checking for update using Github
2026-08-26 05:51:44 Success.
2026-08-26 05:51:44 Latest version is 1.13.7
2026-08-26 05:51:44 App is up to date.
2026-08-26 08:40:07 Checking for update using Github
2026-08-26 08:40:12 Success.
2026-08-26 08:40:12 Latest version is 1.13.7
2026-08-26 08:40:12 App is up to date.
2026-08-26 09:40:07 Checking for update using Github
2026-08-26 09:40:12 Success.
2026-08-26 09:40:12 Latest version is 1.13.7
2026-08-26 09:40:12 App is up to date.
2026-08-26 10:40:07 Checking for update using Github
2026-08-26 10:40:13 Success.
2026-08-26 10:40:13 Latest version is 1.13.7
2026-08-26 10:40:13 App is up to date.
2026-08-26 21:16:05 Loaded updated app /home/credo/.config/obsidian/obsidian-1.13.7.asar
2026-08-26 21:16:05 Checking for update using Github
2026-08-26 21:16:16 Success.
2026-08-26 21:16:16 Latest version is 1.13.7
2026-08-26 21:16:16 App is up to date.
2026-08-26 22:49:58 Checking for update using Github
2026-08-26 22:50:03 Success.
2026-08-26 22:50:03 Latest version is 1.13.7
2026-08-26 22:50:03 App is up to date.
2026-08-27 00:19:38 Checking for update using Github
2026-08-27 00:19:43 Success.
2026-08-27 00:19:43 Latest version is 1.13.7
2026-08-27 00:19:43 App is up to date.
2026-08-27 05:43:58 Loaded updated app /home/credo/.config/obsidian/obsidian-1.13.7.asar
2026-08-27 05:43:58 Checking for update using Github
2026-08-27 05:44:19 Success.
2026-08-27 05:44:19 Latest version is 1.13.7
2026-08-27 05:44:19 App is up to date.
2026-08-27 11:16:04 Loaded updated app /home/credo/.config/obsidian/obsidian-1.13.7.asar
2026-08-27 11:16:05 Checking for update using Github
2026-08-27 11:16:07 Success.
2026-08-27 11:16:07 Latest version is 1.13.7
2026-08-27 11:16:07 App is up to date.
2026-08-27 12:16:04 Checking for update using Github
2026-08-27 12:16:06 Success.
2026-08-27 12:16:06 Latest version is 1.13.7
2026-08-27 12:16:06 App is up to date.
2026-08-27 13:16:04 Checking for update using Github
2026-08-27 13:16:06 Success.
2026-08-27 13:16:06 Latest version is 1.13.7
2026-08-27 13:16:06 App is up to date.
2026-08-28 19:43:45 Loaded updated app /home/credo/.config/obsidian/obsidian-1.13.7.asar
2026-08-28 19:43:46 Checking for update using Github
2026-08-28 19:43:57 Success.
2026-08-28 19:43:57 Latest version is 1.13.7
2026-08-28 19:43:57 App is up to date.
2026-08-29 10:09:01 Loaded updated app /home/credo/.config/obsidian/obsidian-1.13.7.asar
2026-08-29 10:09:01 Checking for update using Github
2026-08-29 10:09:13 Success.
2026-08-29 10:09:13 Latest version is 1.13.7
2026-08-29 10:09:13 App is up to date.
2026-08-29 11:09:01 Checking for update using Github
2026-08-29 11:09:07 Success.
2026-08-29 11:09:07 Latest version is 1.13.7
2026-08-29 11:09:07 App is up to date.
2026-08-29 12:09:02 Checking for update using Github
2026-08-29 12:09:08 Success.
2026-08-29 12:09:08 Latest version is 1.13.7
2026-08-29 12:09:08 App is up to date.
2026-08-29 13:09:02 Checking for update using Github
2026-08-29 13:09:08 Success.
2026-08-29 13:09:08 Latest version is 1.13.7
2026-08-29 13:09:08 App is up to date.
2026-08-29 14:09:02 Checking for update using Github
2026-08-29 14:09:08 Success.
2026-08-29 14:09:08 Latest version is 1.13.7
2026-08-29 14:09:08 App is up to date.
2026-08-29 15:09:02 Checking for update using Github
2026-08-29 15:09:08 Success.
2026-08-29 15:09:08 Latest version is 1.13.7
2026-08-29 15:09:08 App is up to date.
2026-08-29 16:09:02 Checking for update using Github
2026-08-29 16:09:08 Success.
2026-08-29 16:09:08 Latest version is 1.13.7
2026-08-29 16:09:08 App is up to date.
2026-08-29 17:09:02 Checking for update using Github
2026-08-29 17:09:08 Success.
2026-08-29 17:09:08 Latest version is 1.13.7
2026-08-29 17:09:08 App is up to date.
2026-08-29 18:09:02 Checking for update using Github
2026-08-29 18:09:08 Success.
2026-08-29 18:09:08 Latest version is 1.13.7
2026-08-29 18:09:08 App is up to date.
2026-08-29 19:09:02 Checking for update using Github
2026-08-29 19:09:08 Success.
2026-08-29 19:09:08 Latest version is 1.13.7
2026-08-29 19:09:08 App is up to date.
2026-08-30 21:20:47 Loaded updated app /home/credo/.config/obsidian/obsidian-1.13.7.asar
2026-08-30 21:20:47 Checking for update using Github
2026-08-30 21:20:47 Success.
2026-08-30 21:20:47 Latest version is 1.13.7
2026-08-30 21:20:47 App is up to date.
2026-08-30 22:20:46 Checking for update using Github
2026-08-30 22:20:52 Success.
2026-08-30 22:20:52 Latest version is 1.13.7
2026-08-30 22:20:52 App is up to date.
2026-08-30 23:20:47 Checking for update using Github
2026-08-30 23:20:52 Success.
2026-08-30 23:20:52 Latest version is 1.13.7
2026-08-30 23:20:52 App is up to date.
2026-08-31 08:50:32 Checking for update using Github
2026-08-31 08:50:39 Success.
2026-08-31 08:50:39 Latest version is 1.13.7
2026-08-31 08:50:39 App is up to date.
2026-08-31 11:34:12 Checking for update using Github
2026-08-31 11:34:18 Success.
2026-08-31 11:34:18 Latest version is 1.13.7
2026-08-31 11:34:18 App is up to date.
2026-08-31 12:41:26 Checking for update using Github
2026-08-31 12:41:33 Success.
2026-08-31 12:41:33 Latest version is 1.13.7
2026-08-31 12:41:33 App is up to date.
2026-09-01 09:07:24 Loaded updated app /home/credo/.config/obsidian/obsidian-1.13.7.asar
2026-09-01 09:07:24 Checking for update using Github
2026-09-01 09:07:35 Success.
2026-09-01 09:07:35 Latest version is 1.13.7
2026-09-01 09:07:35 App is up to date.
